Customer_ID,Age,Income,Housing_Status,Has_Current_Account,Current_Account_Balance,Has_Savings,Savings_Balance,Has_Mortgage,Has_Personal_Loan,Personal_Loan_Balance,Has_Credit_Card,Credit_Card_Balance
1,40,30106.464481196133,Rent,1,601.8332457050485,1,1414.9014260708027,0,0,0.0,0,0.0
2,75,65508.654182773695,Own,1,2812.2783153452083,1,44107.80784844056,0,1,17839.939779586242,1,0.0
3,56,47355.60680825668,Mortgage,1,1970.1139650565337,1,9232.787290082906,0,0,0.0,1,3682.199053283147
4,48,20932.61609113005,Rent,1,1340.465893841237,1,2424.6833814586307,0,0,0.0,0,0.0
5,69,38459.80188688416,Mortgage,1,1392.472711630176,1,8374.091392196337,0,0,0.0,1,0.0
6,71,27420.921213090325,Own,1,1586.2276521151352,1,8468.5551532555,1,0,0.0,1,1.0741359492074993
7,32,12093.524717363536,Rent,1,294.16710191953064,0,0.0,0,0,0.0,0,0.0
8,31,6828.518400630484,Rent,1,299.2588300145178,0,0.0,0,0,0.0,0,0.0
9,54,32319.617644897844,Mortgage,1,1575.8834158065424,1,9302.752272136588,1,0,0.0,1,0.0
10,45,37344.8998862822,Mortgage,1,2270.610028298726,1,3763.723175330291,0,0,0.0,1,0.0
11,32,6682.07889634592,Rent,1,539.1655797628912,1,2683.1377515356066,0,0,0.0,0,0.0
12,37,8932.119750290118,Rent,1,81.03877915970418,0,0.0,0,0,0.0,0,0.0
13,30,38843.31900389553,Rent,1,886.0194748147436,1,390.2972449439285,0,0,0.0,0,0.0
14,80,114855.09352056305,Own,1,4819.534581922855,1,92831.78479638809,1,1,19087.042189684507,1,5725.716801456001
15,66,35945.67619167185,Mortgage,1,1963.8806570867873,1,8640.83941783175,1,0,0.0,1,0.0
16,45,12903.763138222468,Rent,1,1268.4491179948282,0,0.0,0,0,0.0,0,0.0
17,73,60041.535570235144,Own,1,2567.098330915689,1,36092.1280422135,0,0,0.0,1,4199.429156984946
18,70,85917.54040915781,Own,1,5254.763648066118,1,76511.06067404561,1,1,7217.740005697079,1,5999.431360767038
19,47,37084.29312753917,Mortgage,1,1718.1498446720311,1,3385.935546481877,1,0,0.0,1,19.830985667425804
20,60,41238.55582934676,Own,1,1736.550272916534,1,9089.533747980486,0,0,0.0,1,3816.6394804745996
21,70,44221.500829265104,Mortgage,1,2426.1441702700677,1,9410.046237243541,0,0,0.0,1,0.0
22,44,27627.78195984804,Mortgage,1,1328.3071020057341,1,4683.003502378695,1,0,0.0,1,2011.1320555801663
23,89,90936.67092554082,Own,1,11578.863012440961,1,93371.6751045069,1,1,9905.219015427057,1,4320.219245217188
24,38,525.5206015037594,Rent,0,0.0,0,0.0,0,0,0.0,0,0.0
25,30,525.5206015037594,Rent,0,0.0,0,0.0,0,0,0.0,0,0.0
26,54,21415.778327361706,Mortgage,1,3361.2389826066724,1,9369.701026789617,0,0,0.0,1,12.868861317856851
27,40,16689.705588783752,Mortgage,1,337.1303197512332,1,3735.6653246501364,0,0,0.0,1,0.0
28,46,29448.99408570237,Mortgage,1,1177.6776744585702,1,3894.545709175828,0,0,0.0,1,0.0
29,58,42891.89589635848,Mortgage,1,1797.2176595287665,1,10014.877055953959,0,0,0.0,1,1994.2388054307949
30,75,53683.09831500106,Own,1,2137.5052903623846,1,9057.859029611129,0,0,0.0,1,2195.8660981636185
31,31,10544.071565681905,Rent,1,1158.2586111266228,1,2249.190667155974,0,0,0.0,0,0.0
32,59,106170.40057311652,Own,1,8479.675879956714,1,92185.46902227653,1,1,10796.401638467172,1,24.78366216133357
33,49,30154.1727482604,Mortgage,1,2205.814033183916,1,8650.999800062427,1,0,0.0,1,3599.6874762411776
34,42,12317.523849148267,Rent,0,0.0,0,0.0,0,0,0.0,0,0.0
35,47,80224.1089367556,Mortgage,1,783.3628029793646,1,1414.0136509540612,0,0,0.0,1,0.0
36,32,15251.62173612565,Rent,1,1241.9856760480852,1,687.4241174640433,0,0,0.0,0,0.0
37,33,15681.170489038406,Rent,1,1404.0832698747872,1,8143.743707005224,0,0,0.0,1,0.0
38,31,525.5206015037594,Rent,0,0.0,0,0.0,0,0,0.0,0,0.0
39,68,39031.36253758318,Mortgage,1,2125.4419088198224,1,3196.4790207708384,1,0,0.0,1,0.0
40,86,390510.0962294559,Own,1,4017.90735986129,1,77205.74628716912,1,1,11658.130055584039,1,12420.25860212483
41,60,20594.27774706176,Mortgage,1,1894.6409401751016,1,8594.023818283109,1,0,0.0,1,3974.978101189271
42,67,31226.68081749084,Rent,1,1480.20390068188,1,1753.6781074443165,0,0,0.0,0,0.0
43,79,63606.718775651185,Own,1,6337.926577145694,1,44183.17253843226,0,1,7204.985718478704,1,3695.01700000691
44,63,39000.90790720952,Own,1,2106.890361066744,1,7569.694984419516,0,0,0.0,1,3794.4250727517297
45,53,74145.81644643788,Mortgage,1,1595.8573987025554,1,2325.5067932221127,0,0,0.0,1,0.0
46,50,46699.149675575914,Mortgage,1,3147.2899083778148,1,4244.663503838186,1,0,0.0,1,0.0
47,29,525.5206015037594,Rent,0,0.0,0,0.0,0,0,0.0,0,0.0
48,59,21273.11239297061,Mortgage,1,1469.536988191041,0,0.0,0,0,0.0,1,0.0
49,43,11328.952388649737,Rent,1,3.7276592572933396,0,0.0,0,0,0.0,0,0.0
50,51,34122.417127967245,Mortgage,1,1115.8116177657403,1,3268.5308970693795,0,0,0.0,1,0.0
51,37,39293.43475624608,Mortgage,1,2453.452598805173,1,8752.173220800873,1,0,0.0,1,0.0
52,78,89635.99358702914,Own,1,2792.1377880792456,1,35281.32416789485,0,0,0.0,1,5237.579480978244
53,35,7455.035825838013,Rent,1,281.27894038088345,0,0.0,0,0,0.0,0,0.0
54,74,66401.36370691669,Own,1,1929.1387923070472,1,47868.979582034815,0,1,34.4531221657802,1,2.0732314066226722
55,65,29470.12964208634,Own,1,1061.3992643713827,0,0.0,1,0,0.0,1,0.0
56,64,20836.954599021185,Mortgage,1,1043.9605219565274,1,2265.22751347483,1,0,0.0,1,0.0
57,53,30744.161350912564,Mortgage,1,1463.9651089395309,1,4581.544776600418,0,0,0.0,1,0.0
58,68,150283.13349037577,Own,1,7930.461190418377,1,41892.25379612219,0,1,3978.8483873145233,1,0.0
59,33,525.5206015037594,Rent,0,0.0,0,0.0,0,0,0.0,0,0.0
60,68,91775.26038551697,Own,1,4268.48772507418,1,81388.47285377266,1,1,16932.61965886929,1,0.0
61,54,37765.069384221046,Mortgage,1,1659.2142548386382,1,3706.1720244701264,1,0,0.0,1,22.390842272670017
62,39,17789.302269416286,Rent,1,1653.6076744076797,0,0.0,0,0,0.0,0,0.0
63,26,525.5206015037594,Rent,0,0.0,0,0.0,0,0,0.0,0,0.0
64,88,668947.0223592804,Own,1,3279.8247729029713,1,96758.46639356414,1,1,5949.862017085499,1,9257.459659971624
65,54,53219.57915914458,Mortgage,1,3397.06783062563,1,9485.974699605371,1,0,0.0,1,4401.925144990398
66,60,35425.605887011865,Mortgage,1,2257.515982930869,1,8305.652130989036,1,0,0.0,1,6.797507007867601
67,55,32147.499218283858,Mortgage,1,1274.0820506963685,1,9999.628192708391,1,0,0.0,1,4197.575429791016
68,29,9613.416276881333,Rent,1,0.0,1,645.4704203409344,0,0,0.0,0,0.0
69,29,13576.100547399135,Rent,1,479.09714854542386,0,0.0,0,0,0.0,0,0.0
70,45,11237.245056743212,Mortgage,1,1135.4400746043898,1,3587.571136484806,0,0,0.0,1,16.458642840201907
71,39,525.5206015037594,Rent,0,0.0,0,0.0,0,0,0.0,0,0.0
72,55,49022.766086795564,Mortgage,1,2051.638973315082,1,2511.067887166373,0,0,0.0,1,0.0
73,88,90652.07814837631,Own,1,29190.305263003323,1,93269.48501846011,1,1,15536.30114875061,1,8614.585347059528
74,34,10810.961800626814,Rent,1,413.1404185774748,0,0.0,0,0,0.0,0,0.0
75,59,29762.97573598784,Mortgage,1,1294.1752234134156,1,2906.311383901226,0,0,0.0,1,2.9254335045888045
76,45,38721.35228965264,Mortgage,1,1549.5875130156944,1,4224.820676935907,0,0,0.0,1,0.0
77,56,12598.392397865782,Mortgage,1,898.2221594886402,1,3214.306534699622,0,0,0.0,0,0.0
78,43,8021.326959815897,Rent,1,564.5920678032817,1,1493.809118807498,0,0,0.0,1,0.0
79,27,37170.410464654786,Mortgage,1,2658.77712581465,1,3540.381571355141,0,0,0.0,1,0.0
80,39,9121.3985636836,Rent,1,173.68519185062974,0,0.0,0,0,0.0,0,0.0
81,53,40198.56373171385,Mortgage,1,1673.3013290718284,1,8191.420823894174,1,0,0.0,1,3675.9152062265725
82,58,25366.66558040087,Mortgage,1,1504.64187686996,1,9812.6294275445,1,0,0.0,1,15.200106267084113
83,45,38830.97818134341,Rent,1,1090.1265951907703,1,3497.0659903376327,0,0,0.0,1,2.747904677852481
84,88,164759.29579525883,Own,1,36596.019078219644,1,94283.73320815148,1,1,39746.26129423491,1,8839.89587958439
85,72,46634.96221161004,Mortgage,1,2021.294640244762,1,7554.674982461972,1,0,0.0,1,11.773399510762802
86,91,136456.42136087667,Own,1,8951.420854412107,1,89848.7680815213,1,1,10885.454397008703,1,2.8159151586596582
87,69,159928.9344302562,Own,1,5116.611896942978,1,95053.50114438824,1,1,9878.267783166655,1,4309.228663076341
88,46,42707.617601560574,Mortgage,1,3262.4233034804656,1,9169.92791364091,1,0,0.0,1,4836.681146084349
89,49,73623.93134176891,Own,1,1796.814963453239,1,8753.413446377295,0,0,0.0,1,7.528745208399967
90,61,47303.905910124246,Mortgage,1,2487.138518525129,1,1954.54488401221,1,0,0.0,1,13.240627849493224
91,72,79681.88473432542,Own,1,3068.4793627794584,0,0.0,1,0,0.0,1,8035.556439771245
92,72,11271.911273892561,Rent,0,0.0,0,0.0,0,0,0.0,0,0.0
93,37,10564.61234948161,Rent,1,64.9120281892026,1,0.0,0,0,0.0,0,0.0
94,30,525.5206015037594,Rent,0,0.0,0,0.0,0,0,0.0,0,0.0
95,64,36712.61632534069,Mortgage,1,2008.119994440934,1,9126.7993516301,1,0,0.0,1,0.0
96,39,13989.18917659763,Rent,1,1528.7380717436426,1,107.34029169110227,0,0,0.0,0,0.0
97,29,26162.45522245837,Rent,1,895.6069390492794,1,1438.549923161704,0,0,0.0,0,0.0
98,74,236559.6615080049,Own,1,1886.9751061749419,1,40239.1184317598,0,1,0.0,1,0.0
99,35,18986.664034953807,Rent,1,457.69389246186233,1,0.0,0,0,0.0,1,11.56670624232268
100,77,116640.1694856352,Own,1,3789.460787211881,1,92257.11429210409,1,1,7222.615584973329,1,14.352314930475288
101,64,44148.32382172856,Mortgage,1,1190.3933167412752,1,1754.4360685574034,0,0,0.0,1,2101.13461526911
102,51,62740.90066734135,Own,1,2028.5276532814605,1,37044.01357547852,0,0,0.0,1,0.0
103,28,8475.956509190366,Rent,1,648.6259721608617,1,752.6581604512521,0,0,0.0,0,0.0
104,48,29670.931117480977,Rent,1,663.1914387362201,1,2111.4515484678086,1,0,0.0,0,0.0
105,48,8330.981700118595,Rent,1,115.08779361736572,0,0.0,0,0,0.0,0,0.0
106,59,41825.260832296415,Mortgage,1,3015.7994802210083,1,9034.358673779994,1,0,0.0,1,4208.348880754769
107,32,15424.237113779554,Rent,1,1032.956448846324,1,0.0,0,0,0.0,0,0.0
108,67,37697.38775570379,Mortgage,1,994.580616304438,1,1438.8754928201797,1,0,0.0,1,0.0
109,58,48648.10838730101,Mortgage,1,2226.096632573763,1,9398.848977452211,1,0,0.0,1,0.0
110,41,4223.73261157713,Rent,1,751.290742132113,0,0.0,0,0,0.0,0,0.0
111,40,2661.7817016146073,Rent,0,0.0,0,0.0,0,0,0.0,0,0.0
112,51,44373.219993366605,Mortgage,1,1153.934771395166,1,2347.0553430236387,0,0,0.0,1,0.0
113,43,25838.623851183453,Rent,1,875.7458930401508,1,3191.513991510255,0,0,0.0,1,0.0
114,29,33962.49929192461,Rent,1,972.7175846066752,0,0.0,0,0,0.0,0,0.0
115,70,35831.251590176296,Mortgage,1,2083.905282679824,1,9109.174566819544,1,0,0.0,1,3.302241335455425
116,78,30165.372527475552,Own,1,1793.5939542810652,1,40023.77918562644,0,0,0.0,1,0.0
117,43,9567.850940326633,Mortgage,1,346.25558258072,1,3136.268499220143,0,0,0.0,1,5.311750517745774
118,64,36848.15206567033,Own,1,1932.953881368893,1,8065.825099757833,0,0,0.0,1,0.0
119,59,18824.00396560839,Mortgage,1,905.3120335788017,0,0.0,1,0,0.0,1,0.0
120,64,22392.664870842997,Mortgage,1,2239.7085220208155,1,9016.371393552252,0,0,0.0,1,0.0
121,29,12009.292463036658,Rent,1,321.6082591444018,0,0.0,0,0,0.0,0,0.0
122,61,152870.05485294329,Mortgage,1,1655.9318084562265,0,0.0,0,0,0.0,1,0.0
123,48,25885.29488597554,Rent,1,1185.761529389722,1,3065.059977093416,0,0,0.0,1,0.0
124,35,14654.272183263034,Rent,1,213.12423097892554,1,930.9286093287499,0,0,0.0,0,0.0
125,90,133036.5477811127,Own,1,7855.874918059416,1,96730.76857875515,1,1,19678.14172100551,1,0.0
126,48,10380.67213057148,Rent,0,0.0,0,0.0,0,0,0.0,0,0.0
127,72,19878.181833576204,Own,1,1421.6098325656087,1,2628.817505626142,0,0,0.0,1,0.0
128,44,632.0623648506735,Mortgage,1,1099.3430403151012,1,4447.084139774661,0,0,0.0,1,0.0
129,64,40194.063652750214,Own,1,1711.0459348054048,1,44025.165417466385,0,0,0.0,1,0.0
130,57,51177.084641837835,Own,1,2460.898326721847,1,8046.442761409408,0,0,0.0,1,0.0
131,32,6464.5253283570055,Rent,1,237.59968073940047,1,356.34718150568574,0,0,0.0,0,0.0
132,76,44512.64038409799,Own,1,2151.6532423737667,1,34688.664749679236,0,0,0.0,1,5834.396778133833
133,46,35716.228502264996,Mortgage,1,1169.6372607762992,1,2014.271902430979,1,0,0.0,1,0.0
134,30,3742.346281789647,Rent,1,1413.1916680162308,1,908.322394989121,0,0,0.0,0,0.0
135,80,75759.45591978442,Own,1,2207.14299039849,1,38253.97601804046,0,0,0.0,1,10495.196943331666
136,63,30532.25266109167,Mortgage,1,2346.119970417561,1,8195.811040900528,1,0,0.0,1,0.0
137,73,30764.918950022195,Own,1,3802.838690795169,1,74581.85598626407,0,1,0.0,1,3780.1864119271936
138,66,32189.25048387686,Mortgage,1,4499.179466735168,1,2585.196511616902,0,0,0.0,1,4060.740561596953
139,34,16604.357582437588,Rent,1,983.1452870020908,1,932.5816570805696,0,0,0.0,0,0.0
140,33,13381.050839691245,Rent,1,1230.116031969705,1,1266.1010092593049,0,0,0.0,0,0.0
141,28,21031.327146967513,Rent,1,1182.3773099460213,1,752.2168020357083,0,0,0.0,0,0.0
142,75,103876.35015774652,Own,1,4062.080315597295,1,37264.98792690767,0,0,0.0,1,0.0
143,56,19971.4722073206,Mortgage,1,604.5967592749948,1,3552.817127255513,0,0,0.0,1,0.0
144,86,154472.09538126248,Own,1,5489.490666747297,1,93531.8312567437,1,1,6753.728222405613,1,0.0
145,45,30016.780924377454,Mortgage,1,2623.750937613808,1,4304.276779806356,0,0,0.0,1,0.0
146,52,19301.636858328595,Mortgage,1,1548.7878418489631,1,2403.971908956266,0,0,0.0,1,5.753014388055644
147,75,41784.4959874415,Own,1,1139.852916807835,1,35288.90029565421,0,0,0.0,1,0.0
148,57,11157.149879224711,Rent,1,832.3380790990699,0,0.0,0,0,0.0,0,0.0
149,52,8279.986595433866,Mortgage,1,1909.2673438053534,0,0.0,1,0,0.0,1,0.0
150,68,25599.758484818743,Mortgage,1,2002.9932008377193,1,8621.294995746539,1,0,0.0,1,0.23692124242629364
151,61,32964.32892033354,Mortgage,1,2045.5363718930867,1,7553.742846873399,1,0,0.0,1,0.0
152,29,12308.49649667968,Rent,1,615.8221848488342,1,1082.130332293581,0,0,0.0,0,0.0
153,81,350138.3494308586,Own,1,4762.069660035107,1,83262.47884633877,1,1,13052.855205264581,1,0.0
154,60,26101.854295087862,Mortgage,1,1719.7073784077238,1,8307.165681725486,1,0,0.0,1,0.0
155,28,20393.33210117945,Rent,1,1162.3646933318955,1,1847.9644370791043,0,0,0.0,0,0.0
156,64,38285.432502238255,Mortgage,1,1519.3856978980302,1,1958.3398513282318,1,0,0.0,1,2454.743983078343
157,85,116911.40827382785,Own,1,8006.372900750663,1,69955.53461013657,1,1,10871.818053743971,1,6195.886368490597
158,30,12303.11957442129,Rent,1,1538.4096383494812,1,1923.9586952321777,0,0,0.0,0,0.0
159,30,2901.2861605727903,Rent,1,1263.7956144582063,1,619.9520129968898,0,0,0.0,0,0.0
160,30,19497.076280835172,Rent,1,724.8454459859598,1,2212.763664434838,0,0,0.0,0,0.0
161,67,40217.434424811516,Mortgage,1,2419.609243984728,1,8688.19311800066,1,0,0.0,1,3.6831245085647293
162,54,37354.99147273869,Mortgage,1,1610.5455509643461,1,3515.0939963159854,1,0,0.0,1,0.0
163,26,42224.15334851984,Rent,1,887.6653089569107,1,1243.332010090438,0,0,0.0,0,0.0
164,60,55486.843292298865,Own,1,3136.953293011439,1,38359.144219434216,0,0,0.0,1,0.0
165,70,116593.98978488079,Own,1,12350.32811820295,1,75161.36587082372,1,1,29716.029857042922,1,9811.518640933995
166,30,19687.748395959778,Rent,1,775.7180814482494,1,2281.1360747718313,0,0,0.0,0,0.0
167,29,6517.252732328567,Rent,1,417.81472650889833,1,0.0,0,0,0.0,0,0.0
168,67,81899.22760700023,Own,1,1547.146911548276,1,93785.44099944392,0,1,1.3374249781244976,1,3.928529147836836
169,74,38793.77771909138,Own,1,1510.2365351044496,1,43091.525832052444,0,0,0.0,1,5017.365190891462
170,77,109444.36152523757,Own,1,7830.198799855915,1,90496.7973624357,1,1,7965.882181033607,1,9.649479619412464
171,42,16182.4196002446,Rent,0,0.0,0,0.0,0,0,0.0,0,0.0
172,77,50537.31520733061,Own,1,1538.7359457282503,1,41834.0850137885,0,1,8641.612445184272,1,0.0
173,29,28791.294013241957,Rent,1,818.3780970938874,1,2756.8932584425097,0,0,0.0,1,0.0
174,64,28657.588064139876,Mortgage,1,1899.7960167626254,1,3134.766096411991,1,0,0.0,1,3061.862055162726
175,91,647777.8783680307,Own,1,7894.087216117026,1,93010.9536160773,1,1,13080.105866359096,1,24.465190222632167
176,31,10476.253471375912,Rent,1,208.7815836843639,0,0.0,0,0,0.0,0,0.0
177,62,39725.75619732333,Mortgage,1,1866.4945021454573,1,9095.675544107107,1,0,0.0,1,0.0
178,58,57178.79443288954,Mortgage,1,1105.1667977815318,1,8182.608779206322,1,0,0.0,1,0.0
179,40,28551.20404190844,Rent,1,697.9027106002861,0,0.0,0,0,0.0,0,0.0
180,47,13428.888209278703,Mortgage,1,717.2766801486782,1,1648.5647932730276,0,0,0.0,0,0.0
181,35,5741.974759178718,Rent,1,2317.1381815952436,1,1389.8222618592101,0,0,0.0,0,0.0
182,71,90607.63661921046,Own,1,5426.960006091057,1,77912.4576342458,1,1,4901.661878185641,1,7689.1865730558575
183,29,525.5206015037594,Rent,1,0.0,0,0.0,0,0,0.0,0,0.0
184,75,37516.52524251604,Mortgage,1,2013.8977875057137,1,1849.1538239740862,0,0,0.0,1,0.0
185,47,15137.360395963293,Rent,1,633.1083916263542,1,1908.9330576961315,0,0,0.0,0,0.0
186,62,30927.618053683407,Mortgage,1,1445.7501909049934,1,9601.71996837546,1,0,0.0,1,0.0
187,72,46417.152347751275,Own,1,5106.843548635365,1,39341.287819913145,0,0,0.0,1,6178.262999094733
188,51,45845.23774908332,Mortgage,1,2585.2604084112436,1,4721.723479907376,0,0,0.0,1,0.0
189,56,6063.928160228406,Rent,1,1640.2268198404774,0,0.0,0,0,0.0,0,0.0
190,31,15850.695167779068,Rent,1,154.2917180680464,1,1036.4099348687917,0,0,0.0,0,0.0
191,69,59240.194785867294,Own,1,3901.140389929301,1,93178.40145649354,1,0,0.0,1,4122.975663108401
192,40,22267.441643228187,Rent,1,1883.9419896442832,1,0.0,0,0,0.0,0,0.0
193,75,47431.14183594146,Own,1,2552.1140807715183,1,7915.601688282785,0,0,0.0,1,0.0
194,33,2191.9006013953313,Rent,0,0.0,0,0.0,0,0,0.0,0,0.0
195,44,28599.048254386376,Mortgage,1,2321.1727632927364,1,4897.6729149802595,1,0,0.0,1,20.507376835210586
196,89,87850.29520893411,Own,1,7125.750474511635,1,41312.84065484977,1,1,3959.0028742007507,1,6183.948329755065
197,32,525.5206015037594,Rent,0,0.0,0,0.0,0,0,0.0,0,0.0
198,63,9878.879673291967,Rent,0,0.0,0,0.0,0,0,0.0,0,0.0
199,70,115687.23130125183,Own,1,3669.9348363445465,1,40464.515970713415,0,0,0.0,1,4.51939845390334
200,39,21483.230003670687,Rent,1,534.0828945401199,1,3700.4982834049633,0,0,0.0,0,0.0
201,57,8289.860062572556,Rent,1,1113.1476348939093,0,0.0,1,0,0.0,0,0.0
202,65,53360.45116807659,Mortgage,1,947.2061373195819,1,7901.97084905501,1,0,0.0,1,0.0
203,44,12884.578188965377,Rent,0,0.0,0,0.0,0,0,0.0,1,3.735192819229146
204,71,90646.06631522338,Own,1,2239.1021821250692,1,45321.78606803857,0,0,0.0,1,0.0
205,41,11446.568715756395,Rent,1,842.8780582835245,0,0.0,0,0,0.0,0,0.0
206,90,85143.28791330337,Own,1,6143.793482397867,1,94842.86258980598,1,1,17941.133442624614,1,9001.391648650655
207,56,42760.62978098043,Mortgage,1,2131.37919279444,1,37347.24193555118,0,0,0.0,1,3999.2845264926614
208,39,35938.244917302334,Mortgage,1,1030.6127343654753,1,8850.14533067221,0,0,0.0,1,4031.143013165768
209,54,56918.144062966974,Mortgage,1,1188.525633997068,1,8742.972070928285,1,0,0.0,1,0.0
210,58,41937.928737081544,Mortgage,1,2069.7192048467127,1,2798.0952483329775,1,0,0.0,1,0.0
211,38,10387.741862893938,Rent,0,0.0,0,0.0,0,0,0.0,0,0.0
212,31,16723.703922230863,Rent,1,674.9070559534657,0,0.0,0,0,0.0,0,0.0
213,41,10228.585196335169,Rent,1,1644.4188156110422,1,811.5088308804163,0,0,0.0,0,0.0
214,57,41321.21932880941,Own,1,1701.687576092428,1,9132.543200967364,1,0,0.0,1,5729.666668459169
215,38,8165.521276014217,Rent,1,998.3962384100261,1,2075.7794172818735,0,0,0.0,1,0.0
216,90,85698.36799951641,Own,1,5799.992974963474,1,94402.07049501054,1,1,8489.466961561962,1,0.0
217,31,4554.7243080973185,Rent,1,421.8193595145508,1,0.0,0,0,0.0,0,0.0
218,53,40800.82110176645,Mortgage,1,1512.6594391252554,0,0.0,0,0,0.0,1,0.0
219,78,47449.25237780712,Own,1,1976.9580778230759,1,36780.58817415399,0,0,0.0,1,2921.311732505347
220,63,42574.267133951216,Mortgage,1,1677.7433884055472,1,7890.698292635493,1,0,0.0,1,2668.2720725836293
221,29,525.5206015037594,Rent,0,0.0,0,0.0,0,0,0.0,0,0.0
222,59,19023.82712738465,Mortgage,1,1305.1527094892795,1,2926.580210424426,0,0,0.0,1,4129.671077610413
223,68,225907.8825894492,Own,1,1919.966038369622,1,94191.25488914737,1,1,11030.532779561068,1,1.6574515041719184
224,49,15989.573070185063,Mortgage,1,890.6113782802048,1,2487.639195579358,0,0,0.0,0,0.0
225,61,35985.46574045092,Mortgage,1,1659.0328563980688,1,4379.387171517967,0,0,0.0,1,0.0
226,85,104671.50151943612,Own,1,1599.493242570132,1,40195.19880834291,0,1,6785.0998486681165,1,0.0
227,43,40596.55923940342,Rent,1,2089.872184886937,1,2708.834118565852,0,0,0.0,0,0.0
228,28,48913.24651408674,Own,1,1327.0969113826973,0,0.0,0,0,0.0,1,15.835821609401412
229,34,8856.47407901892,Rent,1,495.5901949444119,1,436.4244418544811,0,0,0.0,0,0.0
230,46,24900.951702190363,Mortgage,1,811.049698779111,1,10240.661360860293,1,0,0.0,1,0.0
231,55,5421.712516773014,Mortgage,1,652.6502128322504,0,0.0,0,0,0.0,0,0.0
232,65,63104.969415984684,Mortgage,1,1893.809903870145,1,9345.50469872389,1,0,0.0,1,12.359996478434972
233,42,33571.331137434114,Mortgage,1,1987.8900555507016,1,2293.590792639673,0,0,0.0,1,0.0
234,49,22672.132768724397,Mortgage,1,1500.9500897977416,0,0.0,0,0,0.0,1,4027.8688291826365
235,31,30707.975376206996,Mortgage,1,730.1975260555308,1,3432.5326578667873,0,0,0.0,1,0.0
236,39,4319.025913344933,Rent,1,377.6337581327138,1,588.0800309957463,0,0,0.0,0,0.0
237,64,43084.21905698761,Mortgage,1,988.8574364737748,1,7405.7295273615455,1,0,0.0,1,0.0
238,54,191479.51654802685,Mortgage,1,2716.2925667241375,1,9039.342918593607,1,0,0.0,1,0.0
239,78,148117.1844097668,Own,1,3772.451883734866,1,41823.575050930245,0,1,4546.230709701317,1,0.0
240,31,21469.77869680482,Rent,1,2001.3638602801827,1,2002.8363946341638,0,0,0.0,1,0.0
241,40,7817.501523236457,Rent,0,0.0,0,0.0,0,0,0.0,0,0.0
242,89,620939.0501115898,Own,1,10591.082339146316,1,94565.12197777677,1,1,41393.49753091129,1,14855.109749446872
243,89,616703.57736471,Own,1,6969.541741859794,1,93846.56158448057,1,1,34327.78705146182,1,7350.2356759858685
244,32,23663.240386120975,Rent,1,1351.922769660813,1,217.41483622388228,0,0,0.0,0,0.0
245,36,10993.278315612715,Rent,1,636.8241078110597,1,2550.380607364966,0,0,0.0,0,0.0
246,29,11454.306280522655,Rent,1,682.1496578017028,1,0.0,0,0,0.0,0,0.0
247,48,33210.63424928007,Rent,1,2020.3281105536946,1,2215.549124391406,0,0,0.0,0,0.0
248,30,525.5206015037594,Rent,0,0.0,0,0.0,0,0,0.0,0,0.0
249,46,43509.0978722917,Mortgage,1,2107.958327398681,1,4918.157316441162,0,0,0.0,1,0.0
250,48,18552.615588792552,Mortgage,1,1048.84968094019,1,1545.1524196218213,0,0,0.0,0,0.0
251,54,39543.31581919914,Mortgage,1,1357.2606352809203,1,2906.419355307737,1,0,0.0,1,0.0
252,27,2604.447995952416,Rent,1,448.04806261760314,1,1034.0557416534698,0,0,0.0,0,0.0
253,29,9244.07067275176,Rent,1,117.55076466954642,1,1338.6307555989301,0,0,0.0,0,0.0
254,74,482993.7839011493,Own,1,7810.929852500074,1,96758.46639356414,1,1,17006.882277299836,1,6625.9435403845355
255,29,525.5206015037594,Rent,0,0.0,0,0.0,0,0,0.0,0,0.0
256,66,43853.544647765375,Mortgage,1,1373.2371157035072,1,8135.0047461982995,1,0,0.0,1,0.0
257,50,18910.144321570006,Mortgage,1,229.11167443430918,1,2105.5468779813586,1,0,0.0,1,0.0
258,68,67507.38591367696,Mortgage,1,2042.829522992859,1,7535.261475987858,1,0,0.0,1,0.0
259,60,42428.3375490314,Mortgage,1,2561.863398042369,1,10003.740615101602,0,0,0.0,1,0.0
260,30,13282.766470575189,Rent,1,621.784304170543,0,0.0,0,0,0.0,0,0.0
261,64,27154.9017579391,Own,1,2180.8162660684807,1,1710.103528667708,0,0,0.0,1,0.0
262,55,27167.086020696774,Mortgage,1,2210.659559131641,1,4085.9282461263574,0,0,0.0,1,3679.9054420603834
263,32,7999.30997595346,Rent,1,0.0,1,0.0,0,0,0.0,0,0.0
264,74,152053.58990951884,Own,1,5221.187753581536,1,36111.90306875554,0,1,6342.579999147635,1,5949.344114651349
265,28,4244.095113150535,Rent,0,0.0,0,0.0,0,0,0.0,0,0.0
266,65,41512.96033280222,Mortgage,1,595.1562962002288,1,8825.02211043865,1,0,0.0,1,6.268645682333135
267,64,18522.040767705716,Rent,1,886.6232869337774,1,3096.540079909598,0,0,0.0,0,0.0
268,64,45046.48536800429,Mortgage,1,1909.9956187765756,1,8893.920568069729,1,0,0.0,1,12.958350136387493
269,51,41107.1971572871,Mortgage,1,423.74425011801156,1,4444.617535751971,0,0,0.0,0,0.0
270,51,26329.748411078086,Mortgage,1,1713.8704974829811,1,4513.836404208794,0,0,0.0,1,0.0
271,76,77315.71157579025,Own,1,5723.25202196697,1,96758.46639356414,1,1,20322.472941616277,1,0.0
272,90,80696.92136605865,Own,1,31872.23091888743,1,43264.954342269004,1,1,9033.662322675464,1,14.527832243774956
273,59,52180.29974156676,Rent,1,2099.0202077057816,1,9896.919292809365,0,0,0.0,1,0.0
274,88,67709.06213543206,Own,1,7541.497678759129,1,79003.47222506603,1,1,8502.211838635345,1,6658.976565166044
275,30,38127.801141497774,Rent,1,576.7623553162093,1,368.0770841057624,0,0,0.0,0,0.0
276,58,40046.92866597637,Own,1,767.5237616270871,1,726.2316528790186,0,0,0.0,1,0.0
277,79,100876.78237115507,Own,1,8930.58952945342,1,75486.36819362317,1,1,6787.881550236725,1,17103.384779682096
278,31,525.5206015037594,Rent,0,0.0,0,0.0,0,0,0.0,0,0.0
279,58,19078.127129484776,Mortgage,1,1073.91627141634,0,0.0,1,0,0.0,1,3726.1178819367465
280,64,42620.52517249135,Own,1,2447.3161188392196,1,3612.105845222338,0,0,0.0,1,6119.446947392614
281,26,14438.935418998259,Rent,1,592.1350312202574,1,0.0,0,0,0.0,0,0.0
282,78,69968.99590090616,Own,1,2840.1260874974587,1,41630.72131544998,1,1,7448.973655572022,1,3.8166305777577185
283,76,19464.700364714583,Rent,1,1063.7772516708885,1,90260.11616573857,1,0,0.0,1,0.0
284,55,54820.748323804466,Mortgage,1,1377.5289035188532,1,8439.695618392896,1,0,0.0,1,0.0
285,29,7461.322742391561,Rent,0,0.0,0,0.0,0,0,0.0,0,0.0
286,30,525.5206015037594,Rent,1,422.9154679242315,1,0.0,0,0,0.0,0,0.0
287,64,48109.10610460723,Own,1,1681.1319316426411,1,8376.050843116334,0,0,0.0,1,0.0
288,73,137315.40705461073,Own,1,3315.267992185409,1,43709.54377639532,0,0,0.0,1,0.0
289,48,35996.14051725772,Mortgage,1,1597.066317633939,1,2915.195480917917,1,0,0.0,1,0.0
290,31,13060.526641736973,Rent,1,490.76224684092693,1,554.4430751765785,0,0,0.0,0,0.0
291,46,39580.62650746226,Mortgage,1,1536.6551962858612,1,1437.7443681790521,0,0,0.0,1,2380.5593579489328
292,33,36692.17981051891,Rent,1,1169.3178641654818,1,37508.97519805402,0,0,0.0,0,0.0
293,47,21027.898709778303,Mortgage,1,1733.4467550294298,1,2244.978598203342,0,0,0.0,1,4050.84371549787
294,64,22571.119202699687,Mortgage,1,608.1365118138849,0,0.0,1,0,0.0,0,0.0
295,76,116154.51069048283,Own,1,1831.4162102382168,1,35485.27860255605,0,0,0.0,1,0.8381380639111957
296,38,1728.8244234164486,Rent,1,449.334337310649,1,3406.71562773148,0,0,0.0,0,0.0
297,38,36390.48631924693,Mortgage,1,921.6967575983531,1,2069.1449870618726,0,0,0.0,1,0.0
298,41,13586.775413470386,Rent,1,0.0,0,0.0,0,0,0.0,0,0.0
299,55,8534.038187189613,Rent,1,886.6236083103636,0,0.0,0,0,0.0,1,4.105648713190764
300,88,174317.80690396845,Own,1,10292.539130236953,1,96758.46639356414,1,1,13349.687026708507,1,20.94943119325477
301,40,18798.269042386546,Rent,1,306.89113237227104,0,0.0,0,0,0.0,0,0.0
302,35,15579.07740503688,Rent,0,0.0,0,0.0,0,0,0.0,0,0.0
303,38,26758.78580786077,Rent,1,742.2727747545808,1,1232.519602613504,0,0,0.0,0,0.0
304,74,33838.11762018539,Own,1,2023.8716375782903,1,42042.13703105736,0,0,0.0,1,7834.43355012297
305,31,525.5206015037594,Rent,1,335.0727412515316,0,0.0,0,0,0.0,0,0.0
306,73,35536.23330448669,Own,1,2157.4529482862513,1,36028.754143070284,0,0,0.0,1,0.0
307,42,35273.03085462273,Own,1,808.4830302151468,1,1611.6968804843946,0,0,0.0,0,0.0
308,37,8495.47173464594,Rent,1,184.15039556905845,0,0.0,0,0,0.0,0,0.0
309,39,8148.620460534163,Rent,1,271.32468849452675,0,0.0,0,0,0.0,0,0.0
310,31,10336.257207991708,Rent,1,403.900937770489,1,177.48350109049852,0,0,0.0,0,0.0
311,30,1144.9065779892844,Rent,1,370.91135785185446,1,0.0,0,0,0.0,0,0.0
312,45,12625.265975404307,Mortgage,1,657.2444647478796,0,0.0,0,0,0.0,1,0.0
313,76,66360.11688673563,Own,1,2610.720266397021,1,32756.496314109434,0,0,0.0,1,2535.7163963977578
314,60,50572.79481706078,Mortgage,1,1815.843463969516,1,8690.231967033944,0,0,0.0,1,0.0
315,87,88152.65873384268,Own,1,7076.207575765728,1,94827.73806465199,1,1,13196.890780635502,1,0.0
316,44,45094.243440895785,Mortgage,1,1086.3814276036019,1,9171.85331986378,0,0,0.0,1,0.0
317,40,15129.867461124819,Rent,1,42.76556130238805,0,0.0,0,0,0.0,0,0.0
318,57,59975.68277220894,Mortgage,1,4216.391892665084,1,9179.595185144715,0,0,0.0,1,3852.7103071784895
319,38,16569.097336033625,Rent,1,210.27749934309622,1,1256.0801775028508,0,0,0.0,0,0.0
320,69,34362.0227056317,Mortgage,1,1658.7089769091567,1,8661.839242816492,1,0,0.0,1,8.655970204397837
321,56,38523.20878739376,Mortgage,1,2152.639278299207,1,2033.2864408054215,1,0,0.0,1,4379.028953222273
322,41,9392.861999058883,Rent,1,114.847596018113,1,0.0,0,0,0.0,0,0.0
323,88,70347.71863402239,Own,1,4293.796600760848,1,92708.99779002315,1,1,7870.288812078115,1,7.1459619110375945
324,46,17137.378837539294,Mortgage,1,636.0481200330111,1,3528.829265181624,1,0,0.0,1,9222.625854153359
325,76,110512.32344409615,Own,1,5068.027602540478,1,43844.588298517025,0,0,0.0,1,0.0
326,33,8396.59768953164,Rent,1,492.24687368532426,0,0.0,0,0,0.0,0,0.0
327,63,47453.863907515304,Mortgage,1,1742.3480387882898,1,7938.949712270414,1,0,0.0,1,4216.810878485631
328,31,525.5206015037594,Rent,0,0.0,0,0.0,0,0,0.0,0,0.0
329,30,10918.265052629604,Rent,1,0.0,1,374.5919580165323,0,0,0.0,0,0.0
330,66,70049.319665719,Mortgage,1,832.9115072782777,1,7734.031424360948,1,0,0.0,1,0.0
331,41,4987.274155432018,Rent,1,50.609455049246776,0,0.0,0,0,0.0,0,0.0
332,91,99404.99039221815,Own,1,9621.140638973224,1,92537.73033548384,1,1,11395.15125144073,1,20.807708106691805
333,57,45843.712024627675,Mortgage,1,1686.7662251098534,1,9219.948235046075,0,0,0.0,1,7.962143750784672
334,66,38874.14146255063,Mortgage,1,2169.974198570504,1,8519.726861892019,1,0,0.0,1,0.0
335,31,525.5206015037594,Rent,0,0.0,0,0.0,0,0,0.0,0,0.0
336,68,37489.63826070115,Mortgage,1,2512.641906657311,1,7493.049086174673,1,0,0.0,1,11.455050725945277
337,31,9176.51564635624,Rent,1,507.43443667577503,1,557.6023884274132,0,0,0.0,0,0.0
338,53,27935.464994340233,Mortgage,1,1095.4402430534233,0,0.0,0,0,0.0,1,0.0
339,79,59574.193382195146,Own,1,3280.7624264500205,1,8397.44959482136,0,0,0.0,1,0.0
340,49,33406.45106415497,Mortgage,1,809.1757555995075,1,2542.2697382871543,0,0,0.0,1,4348.4680481943715
341,43,10787.310079086728,Rent,1,1066.641990079083,1,3340.197148063404,0,0,0.0,1,0.0
342,51,53035.23085097043,Mortgage,1,1122.2727056362412,1,8129.61512608667,1,0,0.0,1,4048.8255823488716
343,64,31205.075294584833,Mortgage,1,1224.782554613642,1,7967.058177491655,1,0,0.0,1,0.0
344,75,38193.19700914073,Own,1,2028.7724100794298,1,38040.88855092549,0,0,0.0,1,14.348131703427827
345,61,47824.74663099935,Mortgage,1,4348.951665660712,1,8133.807017717187,1,0,0.0,1,3913.5994500490083
346,53,31557.202288984023,Rent,1,691.9308687133519,1,1291.4353869743636,0,0,0.0,0,0.0
347,65,72921.52627870858,Own,1,4349.805171557566,1,38810.13777747348,0,1,16702.119448542417,1,27.16614913876452
348,39,15246.16965996088,Rent,0,0.0,0,0.0,0,0,0.0,0,0.0
349,30,9094.338573784677,Rent,1,1085.3896520709097,1,0.0,0,0,0.0,0,0.0
350,87,64404.262315683576,Own,1,5277.078009890965,1,81125.49405896425,1,1,19173.447332551645,1,0.0
351,88,88140.27185444049,Own,1,8083.604635140362,1,41265.25653362009,1,1,11220.301005972999,1,6088.711529461923
352,74,77457.62899745516,Rent,1,533.5069285940772,0,0.0,0,0,0.0,1,0.0
353,77,82554.9484627192,Own,1,4526.1990760291865,1,43858.62728495023,1,1,13308.2159689218,1,5846.269289420828
354,91,122447.71408897608,Own,1,6963.558485186079,1,77643.41848432002,1,1,6098.127787448468,1,10420.183192914024
355,66,45468.71905379849,Mortgage,1,2252.4054761889306,1,1412.2525858113154,1,0,0.0,1,13.663994857222946
356,30,10310.667030193006,Rent,1,0.0,0,0.0,0,0,0.0,0,0.0
357,29,525.5206015037594,Rent,0,0.0,0,0.0,0,0,0.0,0,0.0
358,71,697381.0002999554,Own,1,40085.815915568295,1,94650.86756988341,1,1,6464.836664070271,1,3.610421664531623
359,31,525.5206015037594,Rent,0,0.0,0,0.0,0,0,0.0,0,0.0
360,52,27026.584527550738,Mortgage,1,1641.256233588794,1,4712.777123552782,0,0,0.0,1,0.0
361,88,193592.35476533044,Own,1,9828.183780555853,1,93875.27343833976,1,1,7333.723767021789,1,4407.633146775802
362,90,828526.889597445,Own,1,10594.45176215108,1,72697.78967177906,1,1,8342.995091379225,1,2.375501600836638
363,32,26294.065252520035,Mortgage,1,993.843056549348,1,1879.2391045210995,0,0,0.0,0,0.0
364,90,125807.51049799006,Own,1,13151.207991554722,1,91549.80699032052,1,1,9981.942986833843,1,0.0
365,40,6816.318553691914,Rent,1,687.0484269616112,0,0.0,0,0,0.0,0,0.0
366,46,6401.056855793679,Rent,0,0.0,0,0.0,0,0,0.0,0,0.0
367,32,8402.160443426565,Rent,1,143.82769642441724,1,0.0,0,0,0.0,0,0.0
368,28,24285.883802430595,Rent,1,525.9292676439295,1,1910.0312574960915,0,0,0.0,0,0.0
369,29,8454.294928332803,Rent,1,943.3162001298066,1,792.0830826225401,0,0,0.0,0,0.0
370,42,21194.934287092317,Mortgage,1,1340.8594065419813,1,3434.9520818796454,0,0,0.0,0,0.0
371,33,30793.583836571437,Rent,1,504.6068842035671,1,0.0,0,0,0.0,0,0.0
372,87,96647.04508546845,Own,1,28880.85587940239,1,73911.46758539141,1,1,23136.744042686812,1,4.554266522432383
373,32,525.5206015037594,Rent,1,0.0,0,0.0,0,0,0.0,0,0.0
374,42,27987.756433869716,Rent,1,2425.4079576969793,1,1777.3875338851446,0,0,0.0,0,0.0
375,74,110788.45641935989,Own,1,2370.6759551014707,1,42326.26680201567,1,1,9467.362196059097,1,3.762104445983977
376,57,30523.214740549472,Mortgage,1,2210.0043269861026,1,9950.683993517068,0,0,0.0,1,2.314485860133235
377,64,43567.25393222883,Own,1,3476.375052525854,1,8906.749238999775,0,0,0.0,1,0.0
378,53,37824.35464840507,Mortgage,1,1467.7942629412019,1,2449.5323017041233,0,0,0.0,1,2653.5419765394545
379,47,18653.942611509126,Rent,1,829.0077865206626,1,1179.9600600058159,0,0,0.0,0,0.0
380,55,33829.965615692,Mortgage,1,706.2177350344097,1,3971.9474123199984,0,0,0.0,1,11.339615486709052
381,58,47680.59799582706,Mortgage,1,2192.9950172764648,1,2221.179801051886,1,0,0.0,1,6.093573425142275
382,66,21085.108458998046,Mortgage,1,1797.5917665156576,1,8580.799745223054,0,0,0.0,1,3569.4948230979094
383,71,64463.391692760575,Own,1,5014.971048607696,1,37446.266684456976,0,1,4389.982787727673,1,5251.561048883951
384,60,33723.64452849424,Mortgage,1,2110.559095316521,1,8250.699374666812,1,0,0.0,1,2479.218238022548
385,47,26474.512108784988,Mortgage,1,1232.7286429584149,1,9313.965210822787,0,0,0.0,1,0.0
386,61,50195.713082966155,Mortgage,1,2215.6639637805497,1,38075.96303504459,0,0,0.0,1,2.54560489918839
387,33,6358.082128397058,Rent,1,284.8859234239934,1,502.7615589896436,0,0,0.0,0,0.0
388,31,525.5206015037594,Rent,0,0.0,0,0.0,0,0,0.0,0,0.0
389,30,29275.405171028957,Rent,1,691.1099473169883,1,2209.3431022260634,0,0,0.0,0,0.0
390,42,5587.648553722151,Rent,1,741.7903257011112,1,2412.19481906132,0,0,0.0,0,0.0
391,68,59594.76444350362,Mortgage,1,2156.678820997866,1,8702.143869114869,1,0,0.0,1,0.0
392,78,77976.76247429587,Own,1,37279.046780182834,1,93863.38497935141,1,1,10312.634610874502,1,6.148991671635808
393,68,59055.105303084776,Mortgage,1,2811.5100120891,1,8525.131291604952,1,0,0.0,1,0.0
394,31,12589.408018963142,Rent,1,278.44119251353015,1,801.0097612075576,0,0,0.0,0,0.0
395,76,104039.43371319667,Own,1,2192.868564523331,1,1794.758535120177,0,0,0.0,1,0.0
396,29,949.7125113153234,Rent,1,559.2833994307214,1,258.86206099975266,0,0,0.0,0,0.0
397,35,5308.301791890704,Rent,1,251.71891407795806,1,471.3177838613426,0,0,0.0,0,0.0
398,32,10238.36284403627,Rent,1,106.88579031000688,1,0.0,0,0,0.0,0,0.0
399,34,20780.674628221714,Mortgage,1,841.7921212580949,1,3126.1808061242223,0,0,0.0,1,0.0
400,56,52829.202718287874,Mortgage,1,2188.8918682096605,1,9072.303432785022,1,0,0.0,1,4678.5310748971115
401,62,22554.51181702963,Mortgage,1,683.6473317966993,0,0.0,1,0,0.0,1,0.0
402,51,42123.48996086446,Mortgage,1,1409.4042597315051,1,4088.747642581224,0,0,0.0,1,0.0
403,74,35007.22958987279,Own,1,1752.2541004469035,1,8573.871665162962,0,0,0.0,1,3825.684514735651
404,42,14626.412073548447,Rent,1,1074.187585403532,1,2193.0937216889492,0,0,0.0,0,0.0
405,73,674428.802522699,Own,1,10054.221583615545,1,92935.56790545548,1,1,21680.308504173372,1,4418.791514282972
406,51,23942.119084517897,Mortgage,1,1681.1335782728156,1,2810.8097091691666,0,0,0.0,1,0.0
407,88,115809.74006735382,Own,1,12117.65789126231,1,93852.7997048874,1,1,10647.398340359992,1,8997.928521739921
408,68,60431.43028259897,Own,1,2889.698345961047,1,36081.48018574103,0,0,0.0,1,0.0
409,54,49919.54792444515,Mortgage,1,1956.1639153552296,1,3865.6467115757814,1,0,0.0,1,0.0
410,71,54300.328051559285,Own,1,4012.8601755737686,1,35193.84277966464,0,0,0.0,1,0.0
411,89,95341.59682772556,Own,1,27617.407979318607,1,95445.15569471895,1,1,16466.236551896098,1,19.98436732166245
412,60,19793.078203091136,Mortgage,1,2980.7996275799846,1,9845.39250145898,1,0,0.0,1,0.0
413,30,13531.921108346287,Rent,1,264.45588824975266,1,163.58547997930918,0,0,0.0,0,0.0
414,39,11994.32107241786,Rent,1,498.7906624639833,1,468.234252926492,0,0,0.0,0,0.0
415,31,19179.827995284533,Rent,1,587.3997577810511,0,0.0,0,0,0.0,0,0.0
416,31,22278.17738446205,Mortgage,1,1000.225772860644,1,2332.7403486376043,0,0,0.0,1,0.0
417,69,42182.30329442324,Own,1,2072.3062719570767,1,36664.2432971093,0,0,0.0,1,4586.010334277497
418,89,36495.87381668926,Own,1,3147.9110416956983,1,96758.46639356414,1,1,7884.262720620042,1,9756.13360848717
419,38,23915.459312065876,Rent,1,757.4682650341556,0,0.0,0,0,0.0,0,0.0
420,49,23624.489263388496,Rent,1,718.1052111515635,1,2406.296513105314,0,0,0.0,0,0.0
421,73,118684.78090028866,Own,1,3963.075501766365,1,40288.12931625714,0,1,4266.616934222078,1,0.0
422,71,55833.957862839394,Own,1,6701.282992424758,1,92621.0005967518,1,1,12734.000224428786,1,2.391196712273328
423,45,29586.476539861098,Mortgage,1,1305.998028065374,1,8996.927129891226,0,0,0.0,1,0.5722958561329515
424,62,30612.07017342932,Own,1,1453.7423004520754,1,37654.836456839665,0,0,0.0,1,0.0
425,91,534704.4923620896,Own,1,22288.846330957564,1,94811.49198790445,1,1,11798.058989361749,1,22.96831383792223
426,30,9598.921409231545,Rent,1,0.0,1,0.0,0,0,0.0,0,0.0
427,37,35878.067843039746,Rent,1,1083.6021333350825,1,1183.4910192989953,0,0,0.0,0,0.0
428,30,525.5206015037594,Rent,0,0.0,0,0.0,0,0,0.0,0,0.0
429,53,4945.255299515829,Rent,1,49.539972874424166,1,1291.0983212121282,1,0,0.0,0,0.0
430,29,30557.945439534975,Rent,1,859.7440400467867,1,2661.946707568801,0,0,0.0,0,0.0
431,32,10865.1590166986,Rent,1,921.3744021065532,1,2800.923657733192,0,0,0.0,0,0.0
432,44,9110.154007501596,Rent,1,305.72927105186966,1,610.8686929712608,0,0,0.0,0,0.0
433,62,26274.23144664453,Mortgage,1,2248.7100158647845,1,3902.7576060134807,0,0,0.0,1,0.0
434,74,99534.79662634915,Own,1,3610.217382525694,1,9165.960489414572,1,1,5219.637130998608,1,0.0
435,71,44970.39349484129,Own,1,2197.5351566587747,1,38086.16639430328,0,0,0.0,1,0.0
436,30,525.5206015037594,Rent,1,0.0,0,0.0,0,0,0.0,0,0.0
437,78,34925.33428596458,Own,1,1766.61728288627,0,0.0,1,0,0.0,1,0.0
438,58,49830.1267158083,Mortgage,1,1481.3050740556666,1,8120.330565026803,1,0,0.0,1,0.0
439,30,8908.213090973657,Rent,1,370.1430092321974,1,0.0,0,0,0.0,0,0.0
440,36,19813.958419989453,Rent,1,566.7987650389367,1,341.03805005092477,0,0,0.0,0,0.0
441,53,22540.08364042316,Mortgage,1,102.52824887297197,0,0.0,0,0,0.0,1,0.0
442,61,27537.667705097156,Own,1,1445.8909566742586,1,2076.9427827459954,0,0,0.0,1,5510.157879755204
443,28,21358.882109906823,Mortgage,1,931.2157990954141,1,1248.1491534722563,0,0,0.0,1,0.0
444,30,14168.629075922343,Rent,1,415.5509055085588,1,513.2053553956257,0,0,0.0,0,0.0
445,38,525.5206015037594,Rent,1,196.89995883746747,1,1427.9104630697316,0,0,0.0,0,0.0
446,30,10733.15293296157,Rent,1,826.582032789859,0,0.0,0,0,0.0,0,0.0
447,29,21990.75856091858,Rent,1,434.65279098998235,1,2165.1864757160993,0,0,0.0,0,0.0
448,75,55123.98391068698,Own,1,1354.3758959244312,1,9039.471005049281,0,0,0.0,1,3779.1066660073734
449,48,42391.67474476677,Own,1,2311.1793225432134,1,3046.263843919485,0,0,0.0,1,6.849282702901424
450,29,2343.903911395202,Rent,0,0.0,0,0.0,0,0,0.0,0,0.0
451,74,203690.13961729873,Own,1,11067.813144765882,1,93550.57936793928,1,1,8578.332623637994,1,10573.518923109285
452,30,1778.2475086008599,Rent,1,417.1995452313829,1,0.0,0,0,0.0,0,0.0
453,49,28206.161926432826,Mortgage,1,1992.746432369063,1,3048.399547618321,0,0,0.0,1,0.0
454,31,5971.042448849963,Rent,1,275.3100536809478,1,0.0,0,0,0.0,0,0.0
455,61,36057.474352269965,Mortgage,1,1992.0900496934667,1,9384.078446942884,0,0,0.0,1,2630.611233408572
456,31,32922.919763619386,Mortgage,1,1414.9923636651179,1,2637.953005474202,0,0,0.0,1,0.0
457,72,35232.9368412424,Mortgage,1,1636.7319950698852,1,6876.704395150708,1,0,0.0,1,5506.830846456567
458,61,22691.60603068265,Own,1,1585.199838226681,1,8544.013960011414,1,0,0.0,1,0.0
459,41,28051.934508212427,Mortgage,1,1970.6850818439984,1,4287.978063739957,0,0,0.0,1,7.66493588207381
460,40,7073.243567127594,Rent,1,621.0012387196325,1,950.7569051558771,0,0,0.0,0,0.0
461,28,1681.941424413937,Rent,0,0.0,0,0.0,0,0,0.0,0,0.0
462,83,196187.1703873237,Own,1,9686.665698733736,1,95905.94664575678,1,1,15487.517926945995,1,8.11894367623722
463,30,30068.463747452093,Rent,1,646.4525503308118,1,2318.5989684105493,0,0,0.0,0,0.0
464,87,76459.90012616976,Own,1,5320.702946122872,1,96391.96116693193,1,1,7040.007607083111,1,0.08977239968194661
465,66,51267.70174028794,Own,1,1813.873869980388,0,0.0,0,0,0.0,1,3769.6776281244274
466,80,45292.98502132592,Own,1,7710.52170566948,1,38120.974902853806,0,0,0.0,1,6.919056386875327
467,44,16855.910137929586,Rent,1,574.6365119968382,1,2783.3062006123064,0,0,0.0,0,0.0
468,31,4352.718350496592,Rent,0,0.0,0,0.0,0,0,0.0,0,0.0
469,27,11141.814123419601,Rent,1,292.6733139954374,0,0.0,0,0,0.0,0,0.0
470,74,63587.917857263485,Own,1,2448.6330852084216,1,36094.66187709864,0,0,0.0,1,0.0
471,73,83361.20670585113,Own,1,3078.791319412161,1,92147.87832414848,1,1,13069.762750425636,1,1.2087394521716013
472,91,755973.6428977348,Own,1,6245.2374574293135,1,96557.55330306939,1,1,31605.0623348255,1,9044.646222052686
473,87,95126.76548771371,Own,1,7224.829846295243,1,96415.64687529838,1,1,5207.68855427114,1,16.75860164627823
474,76,174495.6623239202,Own,1,6907.239562390937,1,94800.45223796861,1,1,19723.30704921597,1,20.20217547843524
475,40,525.5206015037594,Rent,1,0.0,1,2266.4279826138363,0,0,0.0,0,0.0
476,80,106635.64766746921,Own,1,7934.544123784133,1,74086.12060924621,1,1,8162.44768287766,1,6.099461782793335
477,31,525.5206015037594,Rent,0,0.0,0,0.0,0,0,0.0,0,0.0
478,88,757975.5076250122,Own,1,9370.124172962702,1,94261.61536153383,1,1,17316.016801147307,1,9488.553852525087
479,28,17553.609500426337,Rent,1,1065.4753856835487,1,2627.797255444024,0,0,0.0,0,0.0
480,72,105535.8209076328,Own,1,6325.091626608663,1,41152.49163343826,1,1,11722.592578878202,1,0.8509907486642182
481,47,10244.469736191924,Rent,0,0.0,0,0.0,0,0,0.0,0,0.0
482,29,525.5206015037594,Rent,1,421.91487115834815,1,0.0,0,0,0.0,0,0.0
483,86,103138.06349942324,Own,1,7107.544492499343,1,95687.79902412288,1,1,6721.745384092411,1,5.603679790718431
484,26,525.5206015037594,Rent,0,0.0,0,0.0,0,0,0.0,0,0.0
485,38,51770.4917410321,Rent,1,1201.6038705173746,1,0.0,0,0,0.0,0,0.0
486,87,482243.0484810532,Own,1,5303.388531124322,1,95085.25067746236,1,1,6897.124393771392,1,7826.19212678564
487,68,29493.009772496258,Mortgage,1,2967.655657161139,1,9153.327757254392,0,0,0.0,1,6.266305758539474
488,39,13624.617664629055,Mortgage,1,1501.5628262183957,1,2133.6300574521215,0,0,0.0,0,0.0
489,66,40763.29445217051,Own,1,1045.439395143712,1,8681.215108879182,1,0,0.0,1,0.0
490,31,9469.721963930067,Rent,0,0.0,0,0.0,0,0,0.0,0,0.0
491,88,179233.45424982897,Own,1,33157.58146425347,1,91768.77949037931,1,1,4223.132216181115,1,18379.054834254883
492,52,20163.856162631695,Mortgage,1,1233.4821845631209,1,3819.684920869049,0,0,0.0,1,0.0
493,73,40104.65525271476,Own,1,1859.3151893075542,1,37008.22656071961,0,0,0.0,1,0.0
494,66,76890.7706325793,Own,1,6131.587275934427,1,41300.51731844831,0,0,0.0,1,0.0
495,43,22690.12314909585,Mortgage,1,1624.1541527012478,1,5339.497244617098,0,0,0.0,1,0.0
496,87,101678.28777399918,Own,1,4168.106550812654,1,38377.31954190875,0,1,3889.8980532538794,1,5640.376977469009
497,41,29642.811012903934,Rent,1,93.12661695536849,1,34368.59607862339,0,0,0.0,0,0.0
498,30,5226.495221144485,Rent,1,737.3699274366143,1,1821.5463676470304,0,0,0.0,0,0.0
499,31,11033.97660546177,Rent,1,354.5297515545867,1,1324.4089716221797,0,0,0.0,0,0.0
500,33,26315.230623834123,Mortgage,1,391.7212823147756,1,2649.7237281605476,0,0,0.0,1,0.0
501,60,45799.45231354575,Mortgage,1,1434.3398037797842,1,3956.3397500428046,1,0,0.0,1,3571.9291523646316
502,82,103896.65333222345,Own,1,7073.953758612068,1,44018.39943644139,0,1,8270.467699745648,1,3393.476346087669
503,56,28900.18571666911,Mortgage,1,1878.8992295954,1,9898.552300287176,1,0,0.0,1,4989.863670389393
504,61,8483.596491730856,Mortgage,1,811.1419153894049,1,2289.615267518001,0,0,0.0,1,0.0
505,55,27932.837344458098,Rent,1,286.3862127594838,1,0.0,0,0,0.0,0,0.0
506,31,17154.661297696653,Rent,1,646.6498829426488,1,3218.94663808354,0,0,0.0,0,0.0
507,46,52847.707624326526,Mortgage,1,1536.8496542366177,1,9097.56327040521,1,0,0.0,1,0.0
508,89,78372.35054805224,Own,1,7470.948394609204,1,92807.10025811194,1,1,4737.931111101373,1,11710.525548704893
509,61,96376.4828363684,Own,1,2210.2334619080584,1,8579.375320785164,1,1,12014.928665796537,1,0.0
510,29,6161.547751044582,Rent,1,0.0,0,0.0,0,0,0.0,0,0.0
511,65,34676.993175091615,Own,1,29662.278699997365,1,77899.90665431957,1,1,13.645522569698866,1,0.0
512,53,5513.258988169164,Rent,1,424.57196844447213,0,0.0,0,0,0.0,0,0.0
513,31,19809.70635985597,Rent,1,516.9560787373948,0,0.0,0,0,0.0,0,0.0
514,90,85168.30082386332,Own,1,6551.365597457132,1,92731.61547498243,1,1,7585.357819733074,1,10643.38876871129
515,29,525.5206015037594,Rent,0,0.0,0,0.0,0,0,0.0,0,0.0
516,59,24759.842812266954,Mortgage,1,2085.2393064487806,1,7936.05841025792,1,0,0.0,1,2471.6584869252542
517,40,22458.210493214017,Rent,1,276.1690674377244,1,3690.9489758403183,0,0,0.0,0,0.0
518,75,124825.20374229469,Own,1,8249.84105096259,1,93569.45745887788,1,1,11190.84864768821,1,4.396649576091674
519,70,107927.77606951917,Own,1,2212.9447018220844,1,40356.83242539304,0,0,0.0,1,13.232224349108028
520,47,62750.93068625075,Mortgage,1,751.0633331045971,1,2395.0552319815192,1,0,0.0,1,0.0
521,53,42213.158654481216,Mortgage,1,1630.017966087118,1,3170.9138932611145,0,0,0.0,1,0.0
522,88,25961.38145007286,Mortgage,1,9497.308554493091,1,96758.46639356414,1,1,11866.624085848212,1,1.8028926114953838
523,50,16825.956611448324,Rent,1,640.121032634268,1,1841.1580308949092,0,0,0.0,0,0.0
524,46,19753.0976879382,Mortgage,1,2020.3453758374608,1,3687.565258644094,0,0,0.0,1,3.9925368771052407
525,36,525.5206015037594,Rent,0,0.0,0,0.0,0,0,0.0,0,0.0
526,39,30821.862523837397,Own,1,435.6765859738054,1,36021.37123306997,0,0,0.0,1,2778.249626397251
527,29,525.5206015037594,Rent,0,0.0,0,0.0,0,0,0.0,0,0.0
528,42,47394.719079434304,Rent,1,2099.9381618067046,1,36662.399135588574,0,0,0.0,0,0.0
529,87,116826.64921576063,Own,1,9878.231898137474,1,90660.3274839624,1,1,4470.232552084039,1,0.0
530,29,32782.130069853076,Own,1,1080.4090608577305,1,1042.0710091324158,0,0,0.0,1,1.4330791452633798
531,67,69828.9952003396,Mortgage,1,1580.812392127079,1,8293.368443903766,1,0,0.0,1,4386.108443255869
532,40,3570.141839821801,Rent,1,159.49355643060449,1,755.0826427497645,0,0,0.0,0,0.0
533,63,28178.8703743328,Mortgage,1,2062.929958642006,1,9803.720085198564,1,0,0.0,1,0.0
534,47,26650.443292762597,Mortgage,1,1669.4766145214771,0,0.0,0,0,0.0,1,0.0
535,51,57313.285287338906,Mortgage,1,1797.0355221763703,0,0.0,1,0,0.0,1,0.0
536,57,40667.34148478803,Own,1,1828.8092080835381,0,0.0,0,0,0.0,1,0.0
537,53,18578.877664102103,Mortgage,1,1582.4570551872598,1,2440.0229545961474,1,0,0.0,0,0.0
538,33,2009.99001239049,Rent,1,231.72784238050144,1,0.0,0,0,0.0,0,0.0
539,38,525.5206015037594,Rent,0,0.0,0,0.0,0,0,0.0,0,0.0
540,64,56480.578425554966,Own,1,2105.3063028390025,1,37872.36604520697,0,0,0.0,1,5201.434108222014
541,83,72986.60881429153,Own,1,7313.069736802116,1,47426.20666734558,1,1,9313.070993800313,1,0.0
542,39,9578.684924736666,Rent,1,44.25261140012424,1,0.0,0,0,0.0,0,0.0
543,45,18953.60106157586,Mortgage,1,377.70267309352306,0,0.0,0,0,0.0,0,0.0
544,32,525.5206015037594,Rent,0,0.0,0,0.0,0,0,0.0,0,0.0
545,37,19479.4478272143,Rent,1,1014.1097585381717,1,951.559976980117,0,0,0.0,0,0.0
546,44,22342.356663035127,Rent,1,1181.8774975654856,1,2178.359682824769,0,0,0.0,1,0.0
547,77,32195.598889748595,Own,1,3469.7991260323506,1,85547.36243604966,0,1,17.300594082918046,1,0.0
548,77,8075.985851359701,Rent,1,692.7945977610964,1,2986.6076220344366,0,0,0.0,1,0.0
549,40,7280.861640151699,Rent,0,0.0,0,0.0,0,0,0.0,0,0.0
550,38,37495.37450396688,Own,1,1764.4811739173126,1,36593.72744801816,0,0,0.0,1,0.0
551,43,6126.871567667013,Mortgage,1,1321.2033066444892,1,4453.727968059486,0,0,0.0,1,2.3361111314539267
552,43,19376.683222571963,Mortgage,1,1886.1140445310175,1,4082.6013656671203,0,0,0.0,1,0.0
553,28,14758.66165327733,Rent,1,2125.6685104645876,1,2461.3474448857346,0,0,0.0,0,0.0
554,41,26914.81889144053,Rent,1,187.58385003160583,1,732.168516767035,0,0,0.0,0,0.0
555,51,33177.65625974154,Mortgage,1,1574.8509575765709,0,0.0,0,0,0.0,1,6.667332351358592
556,29,11632.536822400223,Rent,1,113.59270541099306,0,0.0,0,0,0.0,0,0.0
557,66,44065.44120979379,Own,1,2326.4697614572437,1,36957.02728767924,0,0,0.0,1,0.0
558,75,31882.983837878328,Mortgage,1,1903.8615202748347,1,42365.02889977928,0,0,0.0,1,0.0
559,64,26749.828582430862,Mortgage,1,1006.6359871869627,1,2013.0355194638273,0,0,0.0,1,0.0
560,38,14726.799657745547,Rent,1,628.6162089056384,1,2424.2843287049227,0,0,0.0,0,0.0
561,33,7533.653061122188,Rent,0,0.0,0,0.0,0,0,0.0,0,0.0
562,38,525.5206015037594,Rent,0,0.0,0,0.0,0,0,0.0,0,0.0
563,31,16319.364224703328,Rent,1,1070.9346060577568,1,1967.9016091732483,0,0,0.0,0,0.0
564,69,20906.09406859615,Mortgage,1,606.2942186870373,1,9313.140172201594,0,0,0.0,1,4027.258956511609
565,29,26336.977842463188,Rent,1,865.2851154068746,0,0.0,0,0,0.0,0,0.0
566,88,88844.61994205555,Own,1,7623.289211322435,1,90851.94290739027,1,1,18465.81243247295,1,4.016916840482976
567,57,29893.417197505187,Mortgage,1,1497.7048561624258,0,0.0,0,0,0.0,1,0.0
568,55,80015.27610265353,Mortgage,1,2920.615136344679,1,1932.5774276857833,1,0,0.0,1,0.0
569,91,102056.79958095588,Own,1,3452.811362071624,1,43333.40992979843,1,1,7367.059632001349,1,0.0
570,66,34427.01022672803,Mortgage,1,1630.8820036051527,1,2315.8694255026685,0,0,0.0,1,0.0
571,68,27445.106409222448,Mortgage,1,586.6397132368604,1,2894.225851909524,0,0,0.0,1,0.0
572,91,67410.60249489949,Own,1,9354.920281213439,1,95393.86782925688,1,1,4963.085331162467,1,16604.2601050731
573,30,1132.3431979117395,Rent,0,0.0,0,0.0,0,0,0.0,0,0.0
574,52,39238.59927751205,Mortgage,1,1456.7224055186748,1,2407.960022311555,0,0,0.0,1,0.0
575,75,91092.30178600618,Own,1,3002.3400646103864,1,96758.46639356414,1,1,7718.199517413807,1,6.441186776772443
576,74,48390.783514566676,Own,1,2229.031011987059,1,39044.2739148433,0,0,0.0,1,2.7528190685072693
577,64,17553.022077362875,Own,1,2606.942221236438,1,8155.9375881624155,1,0,0.0,1,0.0
578,88,217937.66151639618,Own,1,9090.68862667883,1,81932.01896528904,1,1,21250.98913831009,1,9320.393153028695
579,74,55120.958254616155,Own,1,2261.3914748207458,1,34510.88706511811,0,0,0.0,1,3950.025969797459
580,62,45845.57495902834,Mortgage,1,2375.3742976443796,1,7836.57411533008,1,0,0.0,1,9.500512481224705
581,58,28149.731515935895,Mortgage,1,1414.7981852489775,1,3198.8518165868472,1,0,0.0,1,0.0
582,30,9706.780994696213,Rent,1,455.71638870487027,1,0.0,0,0,0.0,0,0.0
583,56,20040.106270222517,Mortgage,1,2155.895658354165,0,0.0,1,0,0.0,1,0.0
584,42,4070.0266192075014,Rent,0,0.0,0,0.0,0,0,0.0,0,0.0
585,65,35783.99790334663,Mortgage,1,2313.502886604392,1,7555.9606518413275,1,0,0.0,1,0.0
586,36,14263.822385352672,Rent,1,969.2890523667377,0,0.0,0,0,0.0,0,0.0
587,63,40867.21716839887,Mortgage,1,2210.040763956371,1,9531.914683452595,0,0,0.0,1,0.0
588,45,27218.75609440481,Mortgage,1,748.3453441903653,1,3195.570460698499,0,0,0.0,1,0.0
589,40,18810.024200026124,Rent,0,0.0,0,0.0,0,0,0.0,0,0.0
590,88,522735.4165217213,Own,1,24823.309411115995,1,75198.30610858566,1,1,20716.734593252924,1,12.632546035965515
591,46,30351.37340988002,Mortgage,1,3815.4328023320045,1,8997.763785435534,1,0,0.0,1,11.843270816717826
592,36,525.5206015037594,Rent,0,0.0,0,0.0,0,0,0.0,0,0.0
593,67,43871.1829703034,Mortgage,1,1908.608448963209,1,7979.6982749391445,1,0,0.0,1,8.533060625786478
594,30,2105.6154882085993,Rent,0,0.0,0,0.0,0,0,0.0,0,0.0
595,80,97520.89290976006,Own,1,3754.6123254351505,1,77561.43908277164,1,1,16712.95045561234,1,0.0
596,77,79196.7313742649,Own,1,4273.826343619672,1,41825.20074178428,0,1,0.0,1,0.0
597,58,33962.69626988886,Mortgage,1,2223.0563621738697,1,9583.523156787545,0,0,0.0,1,4679.42746028309
598,58,44595.36867961725,Mortgage,1,1927.281208752232,1,8442.844294522392,1,0,0.0,1,0.0
599,41,42799.853911147075,Rent,1,460.71541661054016,0,0.0,0,0,0.0,0,0.0
600,74,41436.32467798454,Rent,1,1871.8633319124913,1,36229.10393420162,0,0,0.0,1,10.025233132882967
601,70,51373.71302535767,Own,1,2797.1948848937336,1,36115.678524493844,0,0,0.0,1,6025.85169889351
602,32,6859.088866288343,Rent,1,21.937639750644962,0,0.0,0,0,0.0,0,0.0
603,91,77067.53725681867,Own,1,6451.58370070034,1,91954.54153102031,1,1,18079.970020903784,1,0.02570499428421673
604,46,12560.31433409188,Rent,1,773.693911337568,1,2719.911626195485,0,0,0.0,0,0.0
605,30,6804.73195115391,Rent,1,98.82870937306325,1,1015.8763549808089,0,0,0.0,0,0.0
606,63,28714.14788813871,Rent,1,1755.5112774286445,1,1425.8794807178338,0,0,0.0,1,0.0
607,27,525.5206015037594,Rent,0,0.0,0,0.0,0,0,0.0,0,0.0
608,90,603132.3863265329,Own,1,25073.216293143872,1,93206.03222243907,1,1,9438.896799389157,1,17478.684703625844
609,46,27270.465157426956,Mortgage,1,1929.7290458926282,0,0.0,0,0,0.0,1,0.0
610,70,76304.03444639471,Own,1,11670.93966965019,1,1386.8345164608857,1,1,8116.300607141121,1,0.0
611,29,6113.392966779529,Rent,1,295.26755445409935,0,0.0,0,0,0.0,0,0.0
612,30,34449.424175776454,Own,1,2141.2743634995823,1,41146.33424900789,0,0,0.0,1,0.6478713208278608
613,38,525.5206015037594,Rent,0,0.0,0,0.0,0,0,0.0,0,0.0
614,30,4404.0891835214425,Rent,0,0.0,0,0.0,0,0,0.0,0,0.0
615,33,30484.203714004256,Mortgage,1,3998.4394194711986,1,1389.0534484241743,0,0,0.0,1,1.4822167939919608
616,87,149363.5243204704,Own,1,3486.572551846112,1,91565.97576873787,1,1,10971.08240172921,1,0.0
617,62,15170.14617798201,Own,1,1270.60911679202,1,7815.65840635189,0,0,0.0,1,0.0
618,43,52723.968720772085,Mortgage,1,1675.1384616909843,1,3208.7006666310554,0,0,0.0,1,18.051600280608707
619,75,169513.17868286217,Own,1,9924.241177924037,1,39357.05530768918,0,0,0.0,1,0.0
620,43,21367.463572433357,Rent,1,1038.674026443892,1,2831.019767609947,0,0,0.0,0,0.0
621,37,2259.9231105015133,Rent,0,0.0,0,0.0,0,0,0.0,0,0.0
622,60,33434.16581269477,Rent,1,1028.4637962597094,1,93588.7081604292,0,0,0.0,1,0.0
623,52,9627.318806189665,Mortgage,1,576.8702196416612,1,4184.458684354955,0,0,0.0,1,0.0
624,91,111530.72045337936,Own,1,11593.880593102022,1,90101.65870176714,1,1,6648.490513999823,1,13103.106542806647
625,76,55222.780961211116,Own,1,2589.36110864343,1,35149.097851103594,0,0,0.0,1,0.0
626,64,28626.5369885729,Mortgage,1,1534.7606004957483,1,8839.886560215156,1,0,0.0,1,3949.340771142523
627,31,15620.872778530353,Rent,1,218.74204146341788,1,1423.5493011474393,0,0,0.0,0,0.0
628,56,25816.50772950419,Mortgage,1,684.0680469937665,1,4284.805506977591,1,0,0.0,1,0.0
629,53,33584.31156427624,Mortgage,1,1785.843544902195,1,3633.564196593765,0,0,0.0,1,0.0
630,54,9055.693142795475,Mortgage,1,922.5323514981651,1,3527.4836692287545,0,0,0.0,1,0.0
631,31,525.5206015037594,Rent,0,0.0,0,0.0,0,0,0.0,0,0.0
632,47,30268.582857076726,Mortgage,1,1393.9253448548543,1,4923.914197328716,0,0,0.0,1,2.0130054027152693
633,58,32914.7752861337,Mortgage,1,1290.3410661630442,1,8624.423504265294,1,0,0.0,1,0.0
634,66,42380.53718267975,Own,1,2705.0321943014787,1,43539.29777289142,1,1,7834.238038058485,1,11.16422232854435
635,38,7143.1929180151055,Rent,0,0.0,0,0.0,0,0,0.0,0,0.0
636,64,37434.711414644305,Own,1,1694.8487093207361,1,7898.869336052825,1,0,0.0,1,3809.012853986261
637,40,525.5206015037594,Rent,0,0.0,0,0.0,0,0,0.0,0,0.0
638,71,40857.84469150081,Mortgage,1,2411.4915261102424,1,3236.9549627322563,0,0,0.0,1,0.0
639,44,40759.04299409853,Own,1,1443.055543956571,1,36756.57267631514,0,0,0.0,1,0.0
640,63,39990.68482320931,Mortgage,1,1995.1788640175394,1,1499.9499695606269,1,0,0.0,1,0.0
641,49,22644.804066376193,Own,1,1897.0763748125817,1,39695.26983803253,0,0,0.0,1,4042.151685567331
642,65,25016.438488628795,Mortgage,1,1451.5338316179564,1,8863.570890175617,1,0,0.0,1,0.0
643,54,40695.59526914037,Mortgage,1,1792.1166367433127,1,8000.1690952753925,1,0,0.0,1,5.277515740530163
644,91,93994.5229792736,Own,1,3480.0379331247295,1,89619.10712159058,1,1,21000.669583920502,1,9.248755905047595
645,37,11513.380996329639,Rent,1,692.9271804580872,1,0.0,0,0,0.0,0,0.0
646,90,104838.97864053305,Own,1,7751.513593218715,1,40833.85461963274,1,1,6681.178076962642,1,0.0
647,51,45640.320246076575,Mortgage,1,2388.443348010615,1,9421.540258053099,1,0,0.0,1,10.877627220745305
648,61,42253.09942012036,Mortgage,1,2220.4037254055365,1,9008.03886700096,1,0,0.0,1,1.1562280879005542
649,58,29832.05968431278,Own,1,2144.9827857586906,1,9393.48818627631,0,0,0.0,1,0.0
650,76,78680.96064924769,Own,1,2323.2635191800314,1,42087.95222286138,0,0,0.0,1,0.0
651,37,39281.922182313094,Rent,1,951.0623436787165,1,2303.935940979293,0,0,0.0,1,0.0
652,88,61022.487575888284,Own,1,4403.868556027207,1,95818.44142792963,1,1,10619.529143765469,1,16276.589374914667
653,39,525.5206015037594,Rent,0,0.0,0,0.0,0,0,0.0,0,0.0
654,69,65444.21729351397,Mortgage,1,1253.3623967882677,1,8550.761653753812,1,0,0.0,1,3177.492695332031
655,45,23778.052383136965,Rent,1,884.9470309884507,1,2534.521318368679,0,0,0.0,0,0.0
656,30,525.5206015037594,Rent,0,0.0,0,0.0,0,0,0.0,0,0.0
657,38,16301.456442903787,Rent,1,428.05583839721703,0,0.0,0,0,0.0,0,0.0
658,57,29672.615718056688,Mortgage,1,1461.2682052845348,1,8814.245244967362,1,0,0.0,1,4113.574727551032
659,67,42150.438995841156,Mortgage,1,2476.415113952923,1,8872.001156934446,1,0,0.0,1,0.0
660,87,65577.61215833353,Own,1,9099.330341111956,1,93225.29656309326,1,1,20671.8669845896,1,0.0
661,88,86997.63342950711,Own,1,12019.348544423,1,92370.59138596918,1,1,12636.137129804833,1,17141.333876680594
662,33,2179.674041159007,Rent,1,0.0,0,0.0,0,0,0.0,0,0.0
663,50,10452.935085333862,Rent,1,1052.951805564929,1,2458.9466220184213,0,0,0.0,0,0.0
664,86,180582.12314914566,Own,1,25561.77027746741,1,95459.93334512835,1,1,8294.582178146096,1,11.165604055046384
665,30,19450.62475966374,Rent,1,698.8218328606159,1,1709.6296132863167,0,0,0.0,0,0.0
666,69,30214.56231377769,Rent,1,1191.1084186711023,0,0.0,0,0,0.0,1,0.0
667,26,4678.427782748251,Rent,0,0.0,0,0.0,0,0,0.0,0,0.0
668,72,58089.36258428732,Own,1,4331.975157721782,1,36420.69042461763,0,0,0.0,1,3265.3986455756567
669,53,60658.75024526425,Mortgage,1,1824.7253237981245,1,8709.084644812365,0,0,0.0,1,3297.9224838696564
670,32,5796.9031065955005,Rent,1,0.0,1,0.0,0,0,0.0,0,0.0
671,38,21937.108386726846,Mortgage,1,993.7073691383036,1,3850.3326138041966,0,0,0.0,1,0.0
672,76,70731.12462805015,Own,1,3884.456480151667,1,42796.536033876255,0,1,7693.711452362293,1,0.30691148605944035
673,36,56977.735671362956,Mortgage,1,803.4330145846459,1,3091.9016319646207,0,0,0.0,1,4.0982384538852905
674,53,42210.256940082734,Mortgage,1,2287.664894776521,1,2665.0986173288143,1,0,0.0,1,0.0
675,46,27018.433791326832,Rent,1,1105.8551347131995,1,3672.349935396012,0,0,0.0,0,0.0
676,52,25477.448436963547,Mortgage,1,734.6440629490311,1,2888.5749191142195,0,0,0.0,1,1.2158629781966253
677,53,34475.17128795728,Mortgage,1,1374.5193410793966,1,3083.882961638962,0,0,0.0,1,0.0
678,76,43452.48579299872,Own,1,1605.2223756021947,1,8529.848252354908,0,0,0.0,1,13.432120123908799
679,30,12987.67657514791,Rent,1,0.0,1,3153.983811176231,0,0,0.0,0,0.0
680,49,23881.35678516162,Rent,1,1106.8330841425304,1,802.3586680383096,0,0,0.0,0,0.0
681,56,27371.336246126226,Mortgage,1,1372.620811584142,1,9231.159624809194,0,0,0.0,1,0.0
682,44,45945.112312993486,Mortgage,1,1877.5852134385937,1,4695.012424334942,0,0,0.0,1,0.0
683,64,24879.737685745946,Mortgage,1,2158.6076160300618,1,3144.4409414296915,1,0,0.0,1,17.04540901930802
684,45,27466.139188793055,Mortgage,1,1716.4126086479957,1,3557.8745851903245,0,0,0.0,1,0.0
685,31,525.5206015037594,Rent,0,0.0,0,0.0,0,0,0.0,0,0.0
686,31,6975.190665557237,Rent,1,277.2572557081228,1,0.0,0,0,0.0,0,0.0
687,75,30687.107959330766,Own,1,2195.4444852140527,1,8038.427432177824,0,0,0.0,1,0.0
688,67,29234.189309501347,Own,1,4528.844365533309,1,1935.2665273006373,0,0,0.0,1,7347.8949586412255
689,45,28784.988920729233,Mortgage,1,1393.4428219217098,1,3659.715257519915,0,0,0.0,1,11.72091492995837
690,63,10255.738682776226,Mortgage,1,1507.6032779066302,1,9579.21993235918,0,0,0.0,1,0.0
691,71,57962.15381456567,Own,1,1890.8965084362508,1,38049.84296795222,0,0,0.0,1,0.0
692,35,525.5206015037594,Rent,0,0.0,0,0.0,0,0,0.0,0,0.0
693,80,136415.98655352974,Own,1,7563.237703618894,1,36714.197102408456,0,0,0.0,1,8.217034242868568
694,33,525.5206015037594,Rent,0,0.0,0,0.0,0,0,0.0,0,0.0
695,87,79037.20380630935,Own,1,6724.585880610403,1,90143.2207679388,1,1,7434.149293227306,1,4788.504305268556
696,50,19344.4205275739,Rent,1,1393.8855089341123,0,0.0,0,0,0.0,1,0.0
697,34,8717.008016522708,Rent,1,1186.9862700253625,0,0.0,0,0,0.0,0,0.0
698,47,21360.977177232464,Mortgage,1,1687.5909060598117,1,3008.6211892330434,0,0,0.0,1,0.0
699,49,25797.96388910943,Mortgage,1,1297.520968617056,1,2915.948705636255,0,0,0.0,1,7.155863283051082
700,69,15297.133646084847,Own,1,1414.8734243099639,1,2192.2595414079356,0,0,0.0,1,0.0
701,40,15608.528960989443,Rent,1,1087.6983126480768,1,827.229614818606,0,0,0.0,0,0.0
702,32,5036.8958481779755,Rent,1,913.6165670990798,0,0.0,0,0,0.0,0,0.0
703,34,525.5206015037594,Rent,1,0.0,1,0.0,0,0,0.0,0,0.0
704,67,53102.66283743178,Own,1,2096.79780584711,1,36525.389474661264,0,0,0.0,1,0.0
705,45,38533.39489555142,Mortgage,1,1516.6417364869496,1,4287.749245290724,0,0,0.0,1,0.0
706,70,40214.15948754885,Own,1,3543.316546937294,1,94462.48352512463,0,0,0.0,1,0.0
707,40,42700.57293471882,Rent,1,1609.0631827051934,1,1880.8636419355948,0,0,0.0,0,0.0
708,88,88439.48592795864,Own,1,5575.012396623951,1,95531.12498625765,1,1,7692.760542107149,1,6617.26683033617
709,61,20220.24823189336,Mortgage,1,1318.3997709981254,1,3688.1350975152563,0,0,0.0,1,0.0
710,48,25561.659218642846,Rent,1,846.2275004736832,1,2848.2651648287524,0,0,0.0,1,0.0
711,42,28097.861604586462,Rent,1,389.7970418524545,1,1086.2338895228252,0,0,0.0,0,0.0
712,45,37071.64285566704,Mortgage,1,995.4579997524197,1,1797.8238356479164,0,0,0.0,1,0.0
713,69,61105.134586647204,Own,1,1507.0085066433915,1,8330.919302285856,0,0,0.0,1,0.0
714,87,719239.3165419644,Own,1,25579.151960497686,1,94177.19366966207,1,1,13091.03457588639,1,14.384324927772408
715,33,525.5206015037594,Rent,0,0.0,0,0.0,0,0,0.0,0,0.0
716,86,50201.73957664489,Own,1,1270.8570401864783,1,45495.82943317053,0,0,0.0,1,3123.1253036638836
717,74,52087.7821372809,Own,1,1605.68467757897,1,1473.3352962892427,0,0,0.0,1,0.0
718,88,111408.62308901268,Own,1,4588.5561951268,1,90216.97595556763,1,1,7496.428531158595,1,5882.002658726112
719,39,41311.832971598844,Rent,1,1404.0701812759653,1,1819.8991369237133,0,0,0.0,1,12.226001047772513
720,63,43665.51184797643,Mortgage,1,2179.766497111035,1,7982.528441905915,1,0,0.0,1,2396.588545835008
721,77,88465.26443046072,Own,1,7996.2747474153175,1,79860.15832872906,1,1,16691.729451811163,1,2.2655554703799594
722,41,11578.41916549783,Rent,1,777.4296998721243,0,0.0,0,0,0.0,0,0.0
723,51,45105.961690607524,Mortgage,1,2336.651846914948,1,2546.2205812740544,1,0,0.0,1,2387.7639204669576
724,28,8202.076681816254,Rent,1,713.3626384004704,1,2484.876451923819,0,0,0.0,1,13.996687565133325
725,70,44060.25732131694,Own,1,2149.293030235887,1,8528.428458880926,0,1,0.0,1,0.0
726,41,16324.07462114661,Rent,1,0.0,1,0.0,0,0,0.0,0,0.0
727,51,12173.010715548517,Mortgage,1,1511.719335037235,1,3263.6472602234144,0,0,0.0,1,0.0
728,66,35943.87522112408,Mortgage,1,2316.6449947473775,1,7824.433213664425,1,0,0.0,1,0.0
729,57,32617.029059761437,Mortgage,1,1808.8610685731223,1,9177.927279481548,1,0,0.0,1,4075.558359014994
730,50,25158.657182241193,Mortgage,1,1409.1219211656512,1,4407.556672357836,0,0,0.0,1,0.0
731,31,29866.55266913699,Rent,1,555.3486565975877,1,1678.0568978582464,0,0,0.0,0,0.0
732,32,17547.781851147025,Rent,1,115.0237842669743,0,0.0,0,0,0.0,0,0.0
733,39,17376.990321172027,Rent,0,0.0,0,0.0,0,0,0.0,0,0.0
734,28,17689.963427439197,Rent,1,1064.6013152490139,0,0.0,0,0,0.0,0,0.0
735,37,12833.818433125869,Rent,1,0.0,1,735.3265424542487,0,0,0.0,0,0.0
736,72,132991.93205890077,Own,1,2541.5777587198922,1,35087.28471137316,0,0,0.0,1,0.0
737,31,525.5206015037594,Rent,0,0.0,0,0.0,0,0,0.0,0,0.0
738,66,40409.88904016498,Mortgage,1,2307.4980063500525,1,8785.37537736532,0,0,0.0,1,0.0
739,89,264957.1056188514,Own,1,34505.6668627054,1,92711.27040931753,1,1,6477.739873237863,1,5252.698858417352
740,26,12955.694369776245,Rent,1,692.5772863174433,1,1929.390914653453,0,0,0.0,0,0.0
741,30,36734.81788519553,Rent,1,1803.6726609187197,1,4363.100312372322,0,0,0.0,0,0.0
742,53,52736.53362889074,Mortgage,1,1888.7186975338077,1,8556.86918390858,1,0,0.0,1,0.0
743,91,427444.94464002247,Own,1,8306.519855708644,1,94963.38423493571,1,1,18745.43040131054,1,16.620987694182183
744,37,7462.34365494478,Rent,1,493.07420783747494,1,0.0,0,0,0.0,0,0.0
745,32,6883.723172606613,Rent,1,606.1419970047352,0,0.0,0,0,0.0,0,0.0
746,90,82580.70114645902,Own,1,39137.768842410806,1,92440.33238300533,1,1,9459.303982661126,1,10300.269350222883
747,75,17019.836816545143,Own,1,3563.4546546600886,1,37996.834522496116,0,0,0.0,1,0.0
748,73,69229.53867266943,Own,1,1648.5136339674846,1,9306.842819942602,0,0,0.0,1,6288.737695274281
749,30,6180.686086712307,Rent,1,468.0784383021422,1,1461.8907845159952,0,0,0.0,0,0.0
750,88,129560.70475171166,Own,1,35469.813592404505,1,91998.0298860962,1,1,12060.688855565433,1,5979.613065140134
751,70,19253.54325299149,Own,1,1256.169141252407,1,8350.97412613724,0,0,0.0,0,0.0
752,30,525.5206015037594,Rent,0,0.0,0,0.0,0,0,0.0,0,0.0
753,71,44716.2244567278,Own,1,1751.215752347462,1,2531.11428707403,0,0,0.0,1,0.0
754,42,24380.96572071184,Mortgage,1,1714.5679078632306,1,3239.3195733223884,0,0,0.0,1,0.0
755,31,12950.94956544401,Rent,1,395.9717868787183,1,364.17961495043687,0,0,0.0,0,0.0
756,50,25457.501611402113,Rent,1,1157.4321294429496,0,0.0,0,0,0.0,0,0.0
757,43,22543.534939303558,Mortgage,1,709.5268795558575,1,3344.2728387371344,0,0,0.0,0,0.0
758,48,2840.1789112411952,Rent,1,244.3295871952364,0,0.0,0,0,0.0,0,0.0
759,64,27875.036457223352,Mortgage,1,1499.7038229728214,1,7559.712965423327,1,0,0.0,1,4336.197823978727
760,64,44527.46292487746,Mortgage,1,1147.1323888102847,1,9228.377000297836,1,0,0.0,1,0.0
761,89,267134.6987412746,Own,1,13138.489437620583,1,88237.96233208898,1,1,4649.4006379309885,1,17454.127526912835
762,87,234484.1191167591,Own,1,2043.2531657819086,1,96248.14103089258,1,1,8762.958245972663,1,14.142107270714774
763,67,35662.221376066984,Mortgage,1,1558.8877435724517,0,0.0,0,0,0.0,1,0.0
764,90,55059.76783526147,Own,1,26709.650176270232,1,94938.50947502544,1,1,12644.326216550384,1,16343.960022196985
765,67,14868.680681022372,Mortgage,1,1891.5210773724525,1,9875.588788551968,1,0,0.0,1,6.4148303437461465
766,69,89700.50797275058,Own,1,1194.32400640718,1,78556.85656261905,1,1,7.833603490283695,1,6.335665925813855
767,75,115630.12550235457,Own,1,5257.644916864894,1,38046.93788897782,0,0,0.0,1,0.0
768,57,28940.148638450275,Mortgage,1,3051.107959943538,1,4096.3492342624795,1,0,0.0,1,2598.129625868716
769,69,18295.181643480406,Mortgage,1,635.0142774133925,0,0.0,0,0,0.0,1,0.0
770,91,98786.5050053557,Own,1,40943.77358460581,1,90408.122508373,1,1,11256.794802325221,1,9874.145258220742
771,28,20148.99895481734,Rent,1,529.0546438618644,1,2163.5958920440585,0,0,0.0,0,0.0
772,53,31351.8689889688,Mortgage,1,1412.1138852351776,1,4258.438595207248,0,0,0.0,1,0.0
773,73,77029.3327306533,Own,1,1987.6721409356387,1,36286.478767244786,0,0,0.0,1,4146.56419390201
774,91,113284.53733665057,Own,1,12300.345416943339,1,41895.535699694134,1,1,4236.293365250037,1,4.41048185987834
775,59,51864.571621372335,Mortgage,1,1071.4444644706393,1,3189.632769091012,1,0,0.0,1,3799.222074953661
776,67,43662.06463154088,Own,1,1581.7621810780402,1,35813.48739485497,0,0,0.0,1,0.0
777,36,97033.45743367882,Own,1,1705.490109599194,1,2837.235067131024,0,0,0.0,1,0.0
778,31,34515.42353083009,Mortgage,1,448.56566362042213,1,2459.4929398612912,0,0,0.0,1,0.0
779,58,41073.15574278356,Mortgage,1,1330.6468151370595,1,8257.677336372277,1,0,0.0,1,0.0
780,75,125489.40234176618,Own,1,4000.358093669165,1,91656.0954604464,1,1,8393.726640054465,1,27.002911168813363
781,55,20962.880060039948,Own,1,1545.9520702503398,1,8843.300173315683,0,0,0.0,1,0.0
782,64,63164.79583494247,Mortgage,1,2560.8497493955433,1,8972.506824386783,1,0,0.0,1,0.0
783,48,50141.945826348565,Mortgage,1,849.1471458077293,1,2143.028264539987,0,0,0.0,1,11.077388827900226
784,29,23646.954566074073,Rent,1,647.2554894142885,1,2933.0735777032432,0,0,0.0,0,0.0
785,48,50570.439868299596,Mortgage,1,1263.0203424822562,1,9994.829312893806,1,0,0.0,1,9.144242312683968
786,45,36549.93171435872,Mortgage,1,1876.8388888673833,1,3849.94726440617,0,0,0.0,1,3491.9509485666035
787,41,35681.89636576807,Mortgage,1,1531.241477661741,1,9652.579584816309,0,0,0.0,1,0.0
788,58,24028.09233263683,Own,1,1174.9977468238044,1,36633.023049535506,0,0,0.0,1,0.0
789,27,15233.717003126398,Rent,1,762.4780457936694,1,580.5867785963223,0,0,0.0,0,0.0
790,65,63294.72119134008,Mortgage,1,1685.8215660452047,1,7745.551365924122,1,0,0.0,1,0.0
791,30,12411.396702626138,Rent,0,0.0,0,0.0,0,0,0.0,0,0.0
792,72,47316.78847310862,Own,1,2183.100944324772,1,36782.22478318168,0,0,0.0,1,0.0
793,45,525.5206015037594,Rent,1,0.0,1,1401.411667997057,0,0,0.0,0,0.0
794,50,34816.020120200104,Mortgage,1,1779.968379859519,1,8000.2701229931445,1,0,0.0,1,3742.554921879969
795,62,23527.712782184743,Mortgage,1,2165.9436701165178,1,8230.184457438743,1,0,0.0,1,3793.291048041677
796,27,1114.9377422547113,Rent,0,0.0,0,0.0,0,0,0.0,0,0.0
797,31,525.5206015037594,Rent,0,0.0,0,0.0,0,0,0.0,0,0.0
798,46,18092.18642277706,Mortgage,1,1327.2504504066374,1,1992.2310319859425,0,0,0.0,1,0.0
799,59,61789.553551223216,Rent,1,1795.1801816274017,1,36329.04907249022,0,0,0.0,1,8920.04096817811
800,76,77494.23398452572,Own,1,2874.5123625098727,1,40703.52492227053,0,0,0.0,1,0.12600279547318563
801,70,43287.38519115157,Own,1,4579.304777038979,1,36072.646857641696,0,1,0.0,1,3873.922027013904
802,65,33913.49544566218,Mortgage,1,1672.2796583805632,1,7746.331580607965,1,0,0.0,1,4105.1373046681165
803,49,20658.14678032895,Mortgage,1,1184.5323489094906,1,2280.1611017080722,0,0,0.0,1,0.0
804,60,24538.957455199074,Mortgage,1,1371.8936343663695,1,2305.2126867667453,1,0,0.0,1,0.0
805,42,17653.335685220827,Rent,1,736.3890713198821,1,1340.6778897876334,0,0,0.0,0,0.0
806,29,6445.356795048343,Rent,0,0.0,0,0.0,0,0,0.0,0,0.0
807,28,13442.534929724865,Rent,1,1099.44081241307,0,0.0,0,0,0.0,0,0.0
808,37,3460.742161514485,Rent,0,0.0,0,0.0,1,0,0.0,0,0.0
809,39,4230.698975051764,Mortgage,1,565.9844337095801,0,0.0,0,0,0.0,0,0.0
810,30,13394.638277217437,Rent,1,747.8878664670344,0,0.0,0,0,0.0,0,0.0
811,68,108607.61646286305,Own,1,3436.1221687668954,1,39919.84956182525,0,1,8898.760319441919,1,3649.2738178098048
812,30,23952.071530102116,Rent,1,761.8792140882242,1,0.0,0,0,0.0,0,0.0
813,47,30115.09436137508,Mortgage,1,1421.8791199310476,1,9208.094484753407,0,0,0.0,1,2746.630653461765
814,58,24339.51755595411,Mortgage,1,1681.5988040736825,1,1636.6585926462371,0,0,0.0,1,0.0
815,50,525.5206015037594,Rent,1,430.84769221048083,1,1319.7709835213532,0,0,0.0,0,0.0
816,69,226471.93790087194,Own,1,4681.538173112656,1,45770.493811900866,0,1,6963.048848860059,1,9.214033518551918
817,89,480940.84210353694,Own,1,24693.86346873345,1,94655.48744551401,1,1,8837.4377120327,1,1.807671833253234
818,62,41842.969661588344,Mortgage,1,2410.0604778248576,1,2104.0898186804607,0,0,0.0,1,0.0
819,58,50599.89007799966,Mortgage,1,1932.0718681381218,1,9781.267275530941,0,0,0.0,1,0.0
820,64,38490.46431370094,Own,1,6097.724524701571,1,94959.37996369055,1,1,29916.75220973476,1,3.064733313204996
821,57,30132.697614068402,Rent,1,928.3710031070689,1,1560.6938643413591,0,0,0.0,0,0.0
822,32,5346.207961400813,Rent,1,0.0,0,0.0,0,0,0.0,0,0.0
823,71,79710.95924870906,Own,1,2065.5525549649788,1,9380.015084317492,0,0,0.0,1,0.0
824,40,22297.945805522402,Rent,1,904.5247459044668,1,609.8302914338406,0,0,0.0,0,0.0
825,36,30498.500435886395,Rent,1,2003.4435436350873,1,2038.8960738479689,0,0,0.0,0,0.0
826,38,6558.868565883018,Rent,1,0.0,0,0.0,0,0,0.0,0,0.0
827,36,5576.36276614579,Rent,1,467.25057221633176,0,0.0,0,0,0.0,0,0.0
828,62,23356.63676900065,Mortgage,1,2324.172923470434,1,2343.051273076331,0,0,0.0,1,0.0
829,83,79094.41424503771,Own,1,4605.051513264205,1,80618.68900637937,1,1,11317.063337677111,1,8693.155361865376
830,64,54515.556184257286,Own,1,1871.10891140959,1,8279.889620412747,1,0,0.0,1,5819.713331237267
831,30,525.5206015037594,Rent,0,0.0,0,0.0,0,0,0.0,0,0.0
832,31,16466.540340172734,Rent,1,1436.5842873713066,1,2252.444064519979,0,0,0.0,0,0.0
833,48,14442.304488496266,Mortgage,1,1422.4845084250665,1,5468.946315954253,0,0,0.0,1,0.0
834,44,47089.211418091174,Mortgage,1,1796.2442002690489,1,683.459709074707,0,0,0.0,1,0.0
835,44,12627.098739919642,Rent,1,1023.3749937998509,1,3156.300046161742,0,0,0.0,0,0.0
836,65,76898.89398491653,Own,1,1715.7325926072685,1,8319.038935804718,0,0,0.0,1,0.0
837,77,48897.248211508166,Own,1,2028.674118924406,1,34785.378349055,0,0,0.0,1,0.0
838,29,11365.418362976692,Rent,1,2444.00858769564,1,1252.1628571545143,0,0,0.0,1,0.0
839,86,500922.67622515786,Own,1,3255.308774549879,1,89771.21318984208,1,1,24709.645558673947,1,19.883417181922546
840,72,7818.984267207787,Own,1,1051.990335112474,1,45185.624686661664,0,0,0.0,1,0.0
841,28,1748.9616041305544,Rent,1,374.9748581825206,0,0.0,0,0,0.0,0,0.0
842,65,45902.19641546272,Own,1,1586.9003638732943,1,8568.556962351418,1,0,0.0,1,8726.491096662217
843,89,340897.23972751014,Own,1,6017.683698868161,1,96758.46639356414,1,1,4894.7133193583995,1,12.44075538872559
844,28,14780.143882963454,Rent,0,0.0,0,0.0,0,0,0.0,0,0.0
845,67,29516.08375971565,Mortgage,1,1082.4382158879894,1,9389.336945974026,0,0,0.0,1,2444.6869862125836
846,68,40757.05321047621,Mortgage,1,2191.8873840458405,1,8477.729677555199,0,0,0.0,1,2384.2717684410727
847,27,19854.827152292644,Mortgage,1,671.5876421571974,1,3631.628252720626,0,0,0.0,1,0.0
848,29,15732.12877643062,Rent,1,1261.1055290664608,1,1404.0348489529529,1,0,0.0,0,0.0
849,69,86155.31928486934,Own,1,3760.4283282293723,1,94006.76303910337,1,1,7665.361503572394,1,0.0
850,72,55223.33258937766,Own,1,3237.4742694003353,1,43784.93371720532,0,0,0.0,1,0.0
851,40,1047.2404385124664,Rent,1,626.9336129150493,0,0.0,0,0,0.0,0,0.0
852,44,12532.50666221783,Mortgage,1,1333.6918664435107,0,0.0,0,0,0.0,1,0.469810673318098
853,31,1100.9771405599622,Rent,1,293.2668337522524,0,0.0,0,0,0.0,0,0.0
854,30,4558.039079914024,Rent,1,678.2137181178347,1,1101.72599741433,0,0,0.0,0,0.0
855,54,44645.944455947654,Mortgage,1,1580.5517870254703,1,2992.8254506983403,1,0,0.0,1,0.0
856,62,90717.59216361342,Mortgage,1,695.1508552430496,1,4166.767291679467,0,0,0.0,1,3539.0505239374907
857,31,12918.460097776988,Rent,1,1566.4625379235479,1,1158.3174950677428,0,0,0.0,0,0.0
858,37,525.5206015037594,Rent,0,0.0,0,0.0,0,0,0.0,0,0.0
859,58,13194.037306840502,Mortgage,1,639.648424353504,0,0.0,0,0,0.0,1,0.0
860,40,25936.383823736847,Rent,1,33.72351653878411,1,1961.9906230147951,0,0,0.0,0,0.0
861,68,86077.39957316603,Own,1,1731.8118095961074,1,8366.410314243698,0,0,0.0,1,5490.22530339313
862,76,93574.63163036836,Own,1,6400.869142909731,1,90368.14245716552,1,1,7729.083870021566,1,6026.860528295378
863,91,810754.6112054918,Own,1,30508.531247357612,1,94418.01890060629,1,1,7916.704097977336,1,6708.980658463375
864,61,32636.655617523997,Own,1,2404.122307203223,1,36564.27756016934,0,0,0.0,1,0.0
865,31,16826.997384837254,Rent,1,977.6929461212711,1,0.0,0,0,0.0,0,0.0
866,59,17221.20380481356,Rent,1,1895.103321316789,1,3678.8312162620746,0,0,0.0,1,11.699548231731267
867,38,4296.893365433525,Rent,1,993.294263547758,1,7777.941497093282,0,0,0.0,0,0.0
868,41,525.5206015037594,Rent,1,0.0,1,577.5304704351747,0,0,0.0,0,0.0
869,75,121378.37972498311,Own,1,3416.1828253967383,1,38181.42486493965,0,1,10658.957213902244,1,0.0
870,65,42259.677871759675,Mortgage,1,1601.9777119542468,1,3364.5418491979945,1,0,0.0,1,3411.647328285857
871,29,10309.71653278984,Rent,0,0.0,0,0.0,0,0,0.0,0,0.0
872,45,52128.932787423466,Mortgage,1,1635.5293176003102,1,4014.2464524000497,1,0,0.0,1,9.736742656773524
873,65,48566.715771593364,Mortgage,1,2016.6790092021502,1,9026.372363148188,1,0,0.0,1,0.0
874,73,50472.30605887559,Mortgage,1,2030.701965094783,1,9031.847363693376,0,0,0.0,1,0.0
875,58,38110.3891059468,Mortgage,1,1966.6975346596917,1,3657.1452805322197,0,0,0.0,1,0.0
876,51,47855.382156870226,Rent,1,862.0687148119007,1,4808.901657186543,0,0,0.0,0,0.0
877,51,42084.41116573465,Mortgage,1,1795.3331651814542,1,8576.837331288727,1,0,0.0,1,2.669200334795323
878,28,8045.638383665686,Rent,1,1263.0693690345643,1,1501.2201510728323,0,0,0.0,0,0.0
879,45,16430.82167286865,Mortgage,1,926.231531043635,1,3285.5237018963758,0,0,0.0,1,0.0
880,43,10925.919573883282,Rent,1,593.0604480288944,1,1984.7983870455398,0,0,0.0,0,0.0
881,65,7631.83029825403,Mortgage,1,740.496629486792,1,8502.105238148977,1,0,0.0,1,0.0
882,39,28405.816480889487,Rent,1,682.3786995700356,1,2347.080220592175,0,0,0.0,0,0.0
883,60,28288.67262764131,Mortgage,1,1928.8530386398645,1,8245.826873589824,1,0,0.0,1,3681.2560213655156
884,37,5233.528948587362,Rent,0,0.0,0,0.0,0,0,0.0,0,0.0
885,38,10879.99767287598,Rent,1,1258.8318689082187,1,0.0,0,0,0.0,0,0.0
886,38,5085.926364030205,Rent,1,0.12126725158304907,0,0.0,0,0,0.0,0,0.0
887,50,17921.61802415389,Mortgage,1,1731.7989668628386,1,3976.5353693772627,0,0,0.0,1,2322.113571092038
888,48,34322.51015073605,Mortgage,1,2161.733468977736,1,10200.23181312509,0,0,0.0,1,0.0
889,31,1610.158147563363,Rent,1,510.15580927912026,0,0.0,0,0,0.0,0,0.0
890,70,102602.39816433251,Own,1,4691.651534021498,1,91241.32689487669,1,1,3956.1308681023997,1,0.0
891,30,525.5206015037594,Rent,0,0.0,0,0.0,0,0,0.0,0,0.0
892,32,5115.14142018908,Rent,0,0.0,0,0.0,0,0,0.0,0,0.0
893,44,44633.24478649278,Rent,1,502.96601662254955,1,2603.5937874274687,0,0,0.0,0,0.0
894,32,10155.145114300107,Rent,1,151.56851324876197,1,3653.928578731416,0,0,0.0,0,0.0
895,91,81739.05128794195,Own,1,35107.082447297544,1,93698.45010583485,1,1,16992.727118338582,1,4.843901428535902
896,60,38476.74321654336,Mortgage,1,1918.759966209471,1,3938.7955604413737,0,0,0.0,1,0.0
897,89,112629.04534894288,Own,1,6960.767088694018,1,90063.16824623707,1,1,11069.452836634991,1,2.179025223659244
898,41,35654.53500386103,Mortgage,1,874.5954837042729,1,2432.5112854385,1,0,0.0,1,0.0
899,29,1012.9719232875468,Rent,0,0.0,0,0.0,0,0,0.0,0,0.0
900,38,17429.09740408978,Rent,1,574.4870977421849,1,2270.514433640686,0,0,0.0,0,0.0
901,89,62236.44726834121,Own,1,6451.251686652172,1,95939.12371810238,1,1,11717.603647571754,1,11070.384248638242
902,40,12809.280526969053,Rent,1,178.1667329341294,1,0.0,0,0,0.0,0,0.0
903,67,85099.85730902197,Own,1,2329.618498342213,1,43470.67926822025,0,1,10089.22937113549,1,4914.236665255374
904,43,16238.560709251502,Rent,1,1108.4129202416198,1,34337.854699502306,0,0,0.0,0,0.0
905,54,17477.79001124354,Mortgage,1,1366.197741354201,1,4111.569523827386,0,0,0.0,0,0.0
906,32,11322.486609146023,Rent,1,808.0618791279973,1,1259.6324735646085,0,0,0.0,0,0.0
907,39,13342.798509672266,Rent,1,1004.6203575667074,1,2713.0883207387633,0,0,0.0,0,0.0
908,72,119756.89493848366,Own,1,3775.849504234032,1,76488.31282344372,1,1,4836.545690301933,1,0.0
909,45,6006.503770891895,Mortgage,1,1802.5027776787788,1,2350.280574933432,0,0,0.0,0,0.0
910,29,525.5206015037594,Rent,0,0.0,0,0.0,0,0,0.0,0,0.0
911,74,61822.28744475559,Own,1,1924.90654637904,1,42349.21040836233,0,0,0.0,1,3722.1514941757164
912,72,36077.3662689481,Own,1,1660.7579970547245,1,35340.527984505105,0,0,0.0,1,0.6605269468510416
913,33,17592.98337691266,Rent,1,208.36123788567158,1,2700.0319657767595,0,0,0.0,0,0.0
914,33,16041.293095430023,Rent,1,2033.3713003819355,1,8089.644628575873,1,0,0.0,0,0.0
915,34,35071.94746548645,Rent,1,1461.6705291926492,1,648.4650174170997,0,0,0.0,0,0.0
916,29,10122.498560827826,Rent,0,0.0,0,0.0,0,0,0.0,1,0.7860590523757714
917,28,9788.022521122592,Rent,1,414.979195031794,1,0.0,0,0,0.0,0,0.0
918,44,18459.269381550846,Rent,1,660.7234290902068,1,3152.266109336867,0,0,0.0,0,0.0
919,80,646058.838206595,Own,1,4389.189346705884,0,0.0,1,1,15450.873318031074,1,14.230169306444402
920,36,525.5206015037594,Rent,1,368.1962502449464,1,161.93568919383733,0,0,0.0,0,0.0
921,77,21217.462017593294,Mortgage,1,2037.5219483960775,1,7553.727294421229,0,0,0.0,1,0.0
922,78,37689.59804267601,Own,1,6528.264315866487,1,8694.902412675428,1,1,4318.341351873211,1,10.886450245336555
923,63,9105.509378035931,Rent,1,1235.5681511408952,1,0.0,0,0,0.0,1,0.0
924,69,36668.05358203719,Own,1,1686.0315641690447,1,42337.51544752647,0,0,0.0,1,4.239256659682002
925,50,39966.30618961679,Mortgage,1,1759.4106974812735,1,3330.9876653258966,1,0,0.0,1,8.667435530611453
926,73,176751.95765389816,Own,1,12002.902224976802,1,80672.93500808264,1,1,11257.371983750398,1,5950.738221932104
927,34,525.5206015037594,Rent,0,0.0,0,0.0,0,0,0.0,0,0.0
928,55,42074.979085141706,Mortgage,1,1135.558339826211,1,8943.303776317416,1,0,0.0,1,2.193138108063442
929,27,525.5206015037594,Rent,0,0.0,0,0.0,0,0,0.0,0,0.0
930,62,23762.150443937848,Mortgage,1,2174.000082682973,1,3541.5069844701975,0,0,0.0,1,0.0
931,78,49245.34195451287,Own,1,2623.923622675684,1,34415.698809929985,0,0,0.0,1,0.0
932,30,823.9834718261518,Rent,1,995.8053598202122,1,0.0,0,0,0.0,0,0.0
933,33,27040.02951636519,Own,1,1699.630101134234,1,32272.66459024779,0,0,0.0,1,0.0
934,72,663143.5373538503,Own,1,4376.973529219554,1,91740.90055929394,0,1,13102.10594291173,1,0.0
935,64,35543.50352640668,Mortgage,1,1057.9333051848653,1,0.0,0,0,0.0,1,0.0
936,35,16304.554919460006,Rent,1,419.54726399061497,1,1950.312719870206,0,0,0.0,0,0.0
937,89,36641.63322366922,Own,1,7021.822332161781,1,9210.824856818756,1,1,25749.766620287795,1,14.939477605012423
938,49,15470.678181921428,Mortgage,1,785.5467231112273,1,2523.593765916488,0,0,0.0,1,0.0
939,67,48613.66036316801,Mortgage,1,1879.4509984783158,1,9550.076280748402,1,0,0.0,1,0.0
940,90,101279.75286049525,Own,1,11511.2341135928,1,94040.62014812064,1,1,7123.834861108265,1,0.0
941,61,90831.55136659232,Own,1,2856.5107192645974,1,8453.610574368842,1,0,0.0,1,2.2437332029076194
942,66,30693.151406571837,Own,1,10669.843011940748,1,42383.74027487178,0,0,0.0,1,0.0
943,61,33970.643437711646,Mortgage,1,1247.8107620447445,1,8514.657457919573,1,0,0.0,1,0.0
944,29,21467.475545959507,Rent,1,340.7088738954159,1,17.676195310139065,0,0,0.0,0,0.0
945,34,22700.49841206577,Mortgage,1,1525.9352116378634,1,1661.393847271494,0,0,0.0,1,0.0
946,31,27081.54757229585,Rent,1,2112.3884282327535,0,0.0,0,1,0.0,1,8.114726406652753
947,36,22229.96336636285,Rent,1,1398.6726163532753,0,0.0,0,0,0.0,0,0.0
948,79,39670.78607735103,Own,1,2096.3186575770123,1,35798.13557735319,0,0,0.0,1,0.0
949,39,525.5206015037594,Rent,1,124.46200139962139,1,664.3832584334664,0,0,0.0,0,0.0
950,58,15956.975564507018,Mortgage,1,1480.412642722446,1,8718.297793405753,0,0,0.0,1,27.962840624824214
951,68,22695.312074122,Own,1,1804.3636808822466,1,9066.257575057454,0,0,0.0,1,2.6662491472121745
952,61,31915.687078878116,Mortgage,1,1775.1600666982024,1,2792.621079629083,0,0,0.0,1,3.5312194493707434
953,56,31503.515077307395,Mortgage,1,1737.7452092123647,1,3837.523379088612,0,0,0.0,1,0.0
954,53,18661.985637027938,Mortgage,1,1055.8922166286163,1,4540.96261064026,0,0,0.0,1,0.0
955,46,40126.242812863406,Mortgage,1,1950.7119644843592,1,2908.396041372601,1,0,0.0,1,0.0
956,91,103751.74793583382,Own,1,6487.7125893294415,1,38514.99777959882,1,1,7816.293652475537,1,6384.6361970952485
957,41,11601.673671914821,Rent,1,909.2177036563396,1,67.06474462557253,0,0,0.0,0,0.0
958,86,91579.90819090063,Own,1,4272.920791420459,1,96758.46639356414,1,1,34373.099782344936,1,0.0
959,30,25264.108850220982,Rent,1,1141.544850422641,1,1644.5284652585706,0,0,0.0,0,0.0
960,78,140750.54692931194,Own,1,8049.51051586193,1,77820.48987566384,1,1,9883.731020794832,1,0.0
961,36,7985.967264450193,Rent,0,0.0,0,0.0,0,0,0.0,0,0.0
962,48,30613.807253715117,Mortgage,1,1807.2589576292758,1,4448.157048146349,0,0,0.0,1,3994.486845441885
963,29,23311.28223520864,Rent,1,1585.7001393613264,1,2668.090225418002,0,0,0.0,1,0.0
964,28,525.5206015037594,Rent,0,0.0,0,0.0,0,0,0.0,0,0.0
965,29,3011.5203259180653,Rent,0,0.0,0,0.0,0,0,0.0,0,0.0
966,59,43449.9105867842,Mortgage,1,2434.23862421568,1,38614.10966831133,0,0,0.0,1,0.0
967,49,18002.15716506655,Rent,1,516.0312529661577,0,0.0,0,0,0.0,0,0.0
968,63,26988.85484537456,Mortgage,1,1185.0599660490718,1,7781.615542643631,1,0,0.0,1,0.0
969,71,35535.30944721601,Own,1,2492.0668826370106,1,8216.31840317724,0,0,0.0,1,0.0
970,28,8293.678902703365,Rent,1,223.30106755002294,1,901.5396937708786,0,0,0.0,0,0.0
971,29,25190.63648399354,Rent,1,949.1352884007791,1,3166.681303763271,0,0,0.0,0,0.0
972,91,126269.15346817274,Own,1,6449.810205235165,1,91755.56861300983,0,1,6315.186283214192,1,5110.374591831634
973,85,84432.0075427204,Own,1,34997.61678654654,1,91675.87197814284,1,1,10377.913099760844,1,0.0
974,80,88180.08307303775,Own,1,3455.252235860219,1,44643.78084737451,0,1,14660.843030541764,1,0.0
975,31,17504.533815146046,Rent,1,1526.9865403173003,1,2871.864688517637,0,0,0.0,0,0.0
976,52,24143.78147142622,Mortgage,1,892.2786079461887,0,0.0,0,0,0.0,1,0.0
977,56,29181.446979686407,Mortgage,1,1692.8726053369924,1,9395.987326253,0,0,0.0,1,2444.7854254221215
978,46,25497.76431553987,Rent,1,903.0829877414692,1,2132.7554195079515,0,0,0.0,0,0.0
979,28,3435.694973683647,Rent,0,0.0,0,0.0,0,0,0.0,0,0.0
980,47,22692.04285228213,Rent,1,1206.7703204639554,1,1269.162743581427,1,0,0.0,0,0.0
981,76,38461.117658860916,Mortgage,1,1008.2283938450339,1,2992.220847609409,0,0,0.0,1,0.0
982,53,26616.04527611597,Mortgage,1,1318.2289436728565,1,3097.8268158112173,0,0,0.0,1,0.0
983,88,169023.3602531043,Own,1,10687.138392793562,1,42442.626454874015,1,1,6236.6932086887045,1,0.0
984,73,16106.345637513852,Rent,1,1127.113994680917,0,0.0,0,0,0.0,0,0.0
985,66,34913.571466804424,Mortgage,1,1801.4051720037035,1,1501.237717119377,0,0,0.0,1,0.0
986,29,42631.271800327595,Rent,1,1587.3369530865775,1,1470.5530986989538,0,0,0.0,0,0.0
987,72,43291.09041810195,Own,1,2239.126543807393,1,42817.6271772751,0,0,0.0,1,6158.487171958608
988,59,26664.954895313916,Mortgage,1,914.027138616774,1,1455.2897677215715,0,0,0.0,1,4.9333612107849785
989,72,46403.46491622054,Rent,1,1635.9316483625696,1,835.7480437669078,0,0,0.0,0,0.0
990,74,34856.76067450813,Own,1,2184.0434712144515,1,36044.804708585994,0,0,0.0,0,0.0
991,89,172141.98955945479,Own,1,6002.404651677484,1,95118.62516901744,1,1,10676.169431150964,1,14.984483841437367
992,38,3840.2086343037445,Rent,1,0.0,0,0.0,0,0,0.0,0,0.0
993,89,526997.591244607,Own,1,2452.4525596198773,1,95864.4188134309,1,1,10700.139719368279,1,7.205730092884813
994,69,59195.95496949871,Own,1,2151.734349465176,1,8678.875421050576,0,0,0.0,1,0.0
995,31,40920.858913616205,Rent,1,305.5205757460228,1,815.8088654154847,0,0,0.0,0,0.0
996,78,67310.83529665077,Own,1,6519.692880097298,1,96323.29242717079,1,1,19109.251466804257,1,0.0
997,64,36395.367376722264,Mortgage,1,2053.068183166931,1,1082.7093680477512,0,0,0.0,1,0.0
998,47,15422.68396780482,Mortgage,1,452.2325187521254,1,4227.566866202032,0,0,0.0,1,0.0
999,68,43981.173016075234,Rent,1,1828.8708287318022,1,2519.9211286405734,0,0,0.0,1,0.0
1000,68,57830.792978990496,Mortgage,1,2508.9126693039475,1,8495.306319307514,0,0,0.0,1,0.0
1001,29,525.5206015037594,Rent,0,0.0,0,0.0,0,0,0.0,0,0.0
1002,88,27683.875424159327,Own,1,20908.61396127687,1,96352.24192198404,1,1,21839.014945137933,1,5.7876406544468315
1003,87,128022.57475549329,Own,1,6831.308804423607,1,72314.15105509372,1,1,9012.59925080482,1,9.133567974830212
1004,42,15872.112118708847,Rent,1,1463.9161105376213,1,8835.530419516605,0,0,0.0,0,0.0
1005,50,37968.895649718055,Own,1,1594.0602496417362,1,9347.074990622219,0,0,0.0,1,0.0
1006,47,41539.79016038915,Mortgage,1,1965.2018455846412,1,2489.0408465341598,0,0,0.0,0,0.0
1007,27,9304.399171381498,Rent,1,984.0573315895585,1,2093.9366998210307,0,0,0.0,0,0.0
1008,76,112918.42675738088,Mortgage,1,3787.4192107107724,1,1914.0400408459404,0,0,0.0,1,0.0
1009,73,26008.167889464,Own,1,6261.314343725736,1,84393.3439551002,1,1,8061.173262942152,1,0.0
1010,91,670642.6163296575,Own,1,8973.60030588988,1,93265.6660091753,1,1,11855.7741365765,1,9760.909634322836
1011,29,2812.589881902006,Rent,1,495.87472034864487,1,0.0,0,0,0.0,0,0.0
1012,77,28618.01202722673,Rent,1,1507.2343060837125,1,33974.19446374888,0,0,0.0,1,3988.835010516172
1013,79,87903.92690464859,Own,1,3223.027191923071,1,35135.87295477742,0,0,0.0,1,0.0
1014,41,11851.997597186433,Rent,0,0.0,0,0.0,0,0,0.0,0,0.0
1015,62,31712.441949406213,Mortgage,1,1602.869953291678,1,8375.47688808779,0,0,0.0,1,0.0
1016,54,30765.964260027315,Mortgage,1,1611.475513920807,1,4674.706442404391,0,0,0.0,1,0.0
1017,86,98840.34456398674,Own,1,11033.347233680724,1,94676.18265205013,1,1,12468.56921473154,1,4138.291267023518
1018,46,10152.433714578277,Rent,1,435.9309684706518,1,0.0,0,0,0.0,0,0.0
1019,64,53076.64459988203,Mortgage,1,3684.1571178604177,1,2605.8697250859545,1,0,0.0,1,0.0
1020,67,33193.57677406475,Mortgage,1,1579.3335282347075,1,4231.2776245580135,0,0,0.0,1,0.0
1021,41,607.430381427861,Rent,1,0.0,1,2084.2892356484595,0,0,0.0,0,0.0
1022,91,143398.18868534605,Own,1,33498.72962014521,1,79949.9328950175,1,1,42782.59889350142,1,1.888275424468758
1023,61,40602.65106361602,Mortgage,1,1848.0709040220613,1,9411.135098559465,0,0,0.0,1,4435.309550421395
1024,39,28472.351175455657,Rent,1,1059.3214156218855,1,917.548340147212,0,0,0.0,0,0.0
1025,77,74545.05030982099,Own,1,4353.591288172903,1,78242.38504710121,1,1,18289.0076838836,1,13.240741992117306
1026,87,105958.85072378261,Own,1,11766.001742546188,1,91579.29962989513,1,1,5365.653864894925,1,0.0
1027,36,22207.832560623036,Rent,1,254.49436660337926,0,0.0,0,0,0.0,0,0.0
1028,59,119144.23934061985,Mortgage,1,2551.6900946122614,1,8711.462162716447,0,0,0.0,1,0.7011510201528922
1029,48,18177.064151678966,Rent,1,759.0279905681568,1,3079.020385655085,0,0,0.0,0,0.0
1030,46,525.5206015037594,Rent,1,668.4027694391852,0,0.0,0,0,0.0,0,0.0
1031,63,51274.12324726397,Mortgage,1,2162.8912399861056,1,8139.411716862479,1,0,0.0,1,0.0
1032,31,15563.749053461037,Rent,1,294.65594895285244,1,1165.3470406259141,0,0,0.0,0,0.0
1033,41,16722.17404150594,Rent,1,629.6276512078069,1,827.6113774322591,0,0,0.0,0,0.0
1034,86,149555.2439428469,Own,1,5160.311553590325,1,90209.23160643116,1,1,6924.976342852298,1,0.0
1035,48,73499.40248805613,Mortgage,1,1686.326152640432,0,0.0,0,0,0.0,1,0.0
1036,64,98216.16356568511,Own,1,4535.866582961944,1,42943.55182002243,0,1,11243.45750525271,1,0.0
1037,39,20235.25587136998,Rent,1,1459.1458490858222,1,2838.0222743320755,0,0,0.0,0,0.0
1038,37,22356.45853680205,Rent,1,1140.2824722104324,1,37716.260751853,0,0,0.0,1,1.075484571845422
1039,50,29705.26162108162,Mortgage,1,1890.077895956088,1,5909.8794676276375,0,0,0.0,1,9.661220289675398
1040,51,20167.466813257197,Mortgage,1,1247.2698163685566,0,0.0,1,0,0.0,1,0.0
1041,38,13279.659307539925,Mortgage,1,702.5015726076334,1,1656.1474393752874,0,0,0.0,0,0.0
1042,62,34406.63107025646,Mortgage,1,2507.2562860123935,1,3971.3038144471134,1,0,0.0,1,3917.9541017323754
1043,53,42647.439098442286,Mortgage,1,1722.5624662449309,1,8689.321247677779,1,0,0.0,1,0.0
1044,69,87180.05254929527,Rent,1,4150.9733259971745,1,1851.4774164660034,0,0,0.0,1,2175.3490778853848
1045,73,69102.18365869974,Own,1,7448.738123820374,1,8594.271551144193,1,1,5059.273040697001,1,7887.263410910182
1046,57,46366.11702472188,Mortgage,1,2111.855225480824,1,1137.8723642972834,0,0,0.0,1,9.466204612679638
1047,35,8442.834342873324,Rent,1,341.6168846526306,1,1136.8482913743665,0,0,0.0,0,0.0
1048,59,33626.14940321545,Mortgage,1,1810.3870250329485,1,2538.919175854173,0,0,0.0,1,0.0
1049,37,42689.713491475006,Rent,1,1167.5875732688583,1,461.47031334958547,0,0,0.0,0,0.0
1050,28,3101.4477391808978,Rent,0,0.0,0,0.0,0,0,0.0,0,0.0
1051,72,97715.39859101796,Own,1,3408.130833935952,1,94943.78330178742,0,1,4686.762573798568,1,0.0
1052,68,95788.98784113686,Mortgage,1,3469.2702346951232,1,8465.794434942014,1,0,0.0,1,0.0
1053,30,525.5206015037594,Rent,0,0.0,0,0.0,0,0,0.0,0,0.0
1054,76,215913.58600315652,Own,1,3730.526069815644,1,77278.19007005004,1,1,7061.812193972994,1,0.0
1055,52,27861.305153953625,Mortgage,1,1579.6713618588153,1,9676.892493051957,0,0,0.0,1,0.10794923709769762
1056,44,525.5206015037594,Rent,0,0.0,0,0.0,0,0,0.0,0,0.0
1057,29,9086.977898806268,Rent,1,1206.0702915334166,0,0.0,0,0,0.0,0,0.0
1058,69,38451.274884315564,Own,1,1553.309636082279,1,35901.38509267077,0,0,0.0,1,3712.9588228865273
1059,43,26790.432920376577,Mortgage,1,1449.4445021028123,1,3366.907287507597,0,0,0.0,1,21.32736743409805
1060,39,525.5206015037594,Rent,0,0.0,0,0.0,0,0,0.0,0,0.0
1061,56,18324.775617637977,Own,1,1686.035722965767,1,3261.7335945694754,0,0,0.0,1,11.141954504337658
1062,63,19604.064054598748,Mortgage,1,2041.6562989936222,1,3830.702050961737,1,0,0.0,1,0.0
1063,58,525.5206015037594,Rent,0,0.0,0,0.0,1,0,0.0,0,0.0
1064,36,4218.047324946865,Rent,1,1235.274248765414,0,0.0,0,0,0.0,0,0.0
1065,74,74153.87593159384,Own,1,2048.388736457313,0,0.0,0,1,6470.635179355112,1,13.360455577254395
1066,49,31661.63592318599,Mortgage,1,1963.6576442513767,1,3472.441703959605,0,0,0.0,1,0.0
1067,28,12034.170092654018,Rent,1,1016.4024517154883,1,1782.9661791800077,0,0,0.0,0,0.0
1068,56,17536.96560967431,Mortgage,1,1581.0926359163702,0,0.0,0,0,0.0,1,5207.897811057934
1069,50,41112.347569716134,Mortgage,1,1604.8048294124246,1,3232.8457954043774,0,0,0.0,1,6.560340161925555
1070,70,54057.15539758758,Rent,1,2238.3129818373955,1,1631.2947484077615,0,0,0.0,1,0.0
1071,52,25118.712671967834,Mortgage,1,1318.5181337282138,1,3747.7299797174105,0,0,0.0,1,0.0
1072,39,22021.51572929877,Rent,1,262.5416954232271,1,1579.1321892551045,0,0,0.0,0,0.0
1073,43,18717.24644885696,Mortgage,1,1259.339834386619,1,3565.599782979205,0,0,0.0,0,0.0
1074,76,56210.625239709734,Own,1,2139.424100060318,1,35973.85395892371,0,0,0.0,1,3530.7865020478953
1075,30,17950.4049416439,Rent,1,534.6068787468562,1,1337.6575414390463,0,0,0.0,0,0.0
1076,55,71355.34429093315,Mortgage,1,2219.3750037594223,1,9009.796388928153,1,0,0.0,1,0.0
1077,53,43118.766338328394,Mortgage,1,1280.6211407276996,1,3251.055347853304,0,0,0.0,1,0.0
1078,53,31276.941978664516,Mortgage,1,1197.7034991551313,1,3189.7191278224554,0,0,0.0,1,0.0
1079,32,525.5206015037594,Rent,0,0.0,0,0.0,0,0,0.0,0,0.0
1080,35,24370.47963422325,Mortgage,1,1304.5954794288082,0,0.0,1,0,0.0,1,0.0
1081,38,7519.236010470198,Rent,1,1535.9054128867992,1,949.6855602543001,0,0,0.0,0,0.0
1082,75,118327.32670079447,Own,1,7040.72940483739,1,38730.97798487326,0,1,6079.089026092244,1,3635.3296302331896
1083,35,13899.681336326663,Rent,1,380.8685649252099,1,3005.2726041299084,0,0,0.0,0,0.0
1084,42,15499.631767160461,Rent,1,458.1483302935647,0,0.0,0,0,0.0,0,0.0
1085,43,525.5206015037594,Mortgage,1,580.3825480452033,1,2342.6668203743984,0,0,0.0,0,0.0
1086,30,31006.44108245439,Rent,1,703.284224332364,1,0.0,0,0,0.0,0,0.0
1087,79,85528.43623617802,Own,1,6451.583413838366,1,95589.26736280171,1,1,10853.34247875837,1,9.407675479054353
1088,75,48078.99725731278,Own,1,1797.981120664644,1,1629.923952995451,0,0,0.0,1,0.0
1089,77,62059.9133674494,Own,1,3687.9161943446197,1,43073.421547541555,0,1,3259.1357884226245,1,6115.18069891878
1090,78,109060.47930345038,Own,1,4241.8162111103675,1,38809.63229257025,0,1,6508.572295515697,1,0.0
1091,48,68792.43491731999,Mortgage,1,883.1453458249487,1,3653.6464183607372,0,0,0.0,1,0.5688931355980175
1092,33,610.7021796786175,Rent,1,108.68443532488402,0,0.0,0,0,0.0,0,0.0
1093,65,77997.96361657232,Own,1,1414.7603576956783,1,41186.464342064435,1,1,10320.439827253867,1,3992.194625787402
1094,58,14491.343715206454,Mortgage,1,1354.2441232891952,0,0.0,0,0,0.0,1,14.681746563590648
1095,68,104075.95457122638,Own,1,10645.949266147498,1,93263.38679714383,1,1,5281.81372976128,1,0.30214779933800906
1096,38,21581.6660245769,Rent,1,1034.1018349992078,1,1984.7505287655881,0,0,0.0,0,0.0
1097,43,30082.448682847746,Rent,1,651.0732954978844,0,0.0,0,0,0.0,0,0.0
1098,85,82932.07809068232,Own,1,6471.185036724295,1,91950.69621127102,1,1,17876.930063171316,1,8561.678134807977
1099,74,104312.5069463287,Own,1,9976.935672593858,1,37955.615548559574,0,1,4182.309128929307,1,4750.7035591493695
1100,65,15558.897105575861,Mortgage,1,929.5329900229177,1,4405.736609210595,0,0,0.0,1,0.0
1101,31,8034.3752443200265,Rent,1,847.6676406717992,1,0.0,0,0,0.0,0,0.0
1102,60,8286.614396895686,Mortgage,1,148.712147703317,0,0.0,0,0,0.0,0,0.0
1103,64,24328.672949441345,Mortgage,1,1712.2832507175824,1,1967.8554638127566,1,0,0.0,1,3533.784119910798
1104,37,4945.551468686559,Mortgage,1,903.6447336970728,0,0.0,0,0,0.0,1,0.0
1105,68,11307.898244954102,Mortgage,1,628.3450557225744,1,2635.8970422778116,0,0,0.0,1,3663.3218542137624
1106,73,20426.010800985085,Mortgage,1,1721.7316252134246,1,38694.4646459271,0,0,0.0,1,2525.237490608538
1107,55,29271.263215962877,Mortgage,1,1909.9610184322705,1,3991.689257446852,0,0,0.0,1,0.0
1108,36,7206.6590676829765,Rent,1,779.0954981773343,0,0.0,0,0,0.0,0,0.0
1109,91,734074.9693813241,Own,1,3426.6187264366476,1,81219.21969283726,1,1,10536.987952046093,1,0.0
1110,62,19159.79235636379,Own,1,2025.3512825644623,1,45539.85856046742,0,0,0.0,1,0.0
1111,45,22672.372162739637,Rent,1,1239.8857497186928,1,4073.6022156440017,0,0,0.0,0,0.0
1112,29,8300.123195424107,Rent,0,0.0,0,0.0,0,0,0.0,0,0.0
1113,40,525.5206015037594,Rent,0,0.0,0,0.0,0,0,0.0,0,0.0
1114,47,64792.54405171777,Mortgage,1,2117.466160021268,1,8124.735891935876,1,0,0.0,1,0.0
1115,37,23313.02672969662,Rent,1,781.0674649096842,1,1947.2471573455318,0,0,0.0,0,0.0
1116,45,32094.808633457455,Mortgage,1,2253.3767768853745,1,3942.906046970991,0,0,0.0,1,0.0
1117,66,40339.88776648112,Rent,1,1943.7564402980065,1,1289.6529390786245,0,0,0.0,0,0.0
1118,64,66869.40502579942,Own,1,40224.03958694439,1,40499.321069468904,1,1,0.0,1,4195.280120854543
1119,67,26109.545621194644,Mortgage,1,1210.2278216172617,1,2324.579218594155,0,0,0.0,1,0.0
1120,33,525.5206015037594,Rent,0,0.0,0,0.0,0,0,0.0,0,0.0
1121,62,67110.54068621044,Mortgage,1,3893.431497847234,1,8885.457916174217,0,0,0.0,1,0.0
1122,33,6692.077328742755,Rent,1,247.83166109989327,1,3383.2132309108183,0,0,0.0,0,0.0
1123,42,1083.3475254913628,Rent,0,0.0,0,0.0,0,0,0.0,0,0.0
1124,34,37584.26198403884,Own,1,1151.2876181453898,1,40910.147766650916,0,0,0.0,1,0.0
1125,66,23874.62098320357,Rent,1,783.3811546906264,1,34910.364380426196,0,0,0.0,1,0.0
1126,32,525.5206015037594,Rent,1,206.52252053509233,0,0.0,0,0,0.0,0,0.0
1127,41,11048.084711018018,Rent,1,1519.7076352077625,1,653.422781140107,0,0,0.0,0,0.0
1128,31,11228.319330950853,Rent,1,803.7527658179032,0,0.0,0,0,0.0,0,0.0
1129,31,8594.890498744835,Rent,1,285.02150740349293,1,0.0,0,0,0.0,0,0.0
1130,53,40759.868464448205,Mortgage,1,1775.6752297257035,1,9203.13777283784,1,0,0.0,1,3852.8210910061775
1131,80,43500.633331129386,Own,1,1943.766056196012,1,38770.57413308149,0,0,0.0,1,3615.431656771171
1132,36,16247.996818729986,Rent,1,104.75793746347665,1,349.7189879219741,0,0,0.0,0,0.0
1133,69,72417.97989497276,Own,1,1732.5400740120078,1,7928.471532117203,0,0,0.0,1,7083.738821307697
1134,56,34918.900690318114,Mortgage,1,2439.2244092772316,1,9584.673595698645,1,0,0.0,1,0.0
1135,67,65477.444466664834,Own,1,2329.0295536165145,1,38516.93136644795,0,0,0.0,1,0.044494957190697015
1136,91,67048.72672296554,Own,1,6431.857292855924,1,95091.3007536528,1,1,5710.50928569882,1,9883.206862251249
1137,65,34298.1915880711,Mortgage,1,1894.879242393894,1,7291.022985376606,1,0,0.0,1,0.0
1138,63,39255.218094027696,Mortgage,1,2238.890737922166,1,8046.50339068433,1,0,0.0,1,0.0
1139,87,108009.53139904063,Own,1,6860.658226659792,1,91569.12262125954,1,1,7009.566625424203,1,14.402498636278507
1140,42,9764.558954114498,Rent,1,754.6775859077237,1,3089.6666974248988,0,0,0.0,0,0.0
1141,29,525.5206015037594,Rent,0,0.0,0,0.0,0,0,0.0,0,0.0
1142,34,17943.57795189667,Rent,1,658.4023070139629,0,0.0,0,0,0.0,0,0.0
1143,44,12344.036362518971,Rent,1,853.6584807171513,0,0.0,0,0,0.0,0,0.0
1144,64,31148.536699299246,Mortgage,1,3113.5078801251702,1,7584.2734484666835,1,0,0.0,1,0.29828096763449097
1145,34,20191.263425401394,Mortgage,1,605.2846972564179,1,2018.927140435497,0,0,0.0,0,0.0
1146,33,525.5206015037594,Rent,0,0.0,0,0.0,0,0,0.0,0,0.0
1147,72,67786.72294578985,Own,1,2222.291016913081,1,37806.620088890835,0,0,0.0,1,0.0
1148,30,17664.68800197488,Rent,1,942.6895970545413,0,0.0,0,0,0.0,0,0.0
1149,31,27826.367886321008,Rent,1,485.68296008320414,1,2783.5850041206877,0,0,0.0,0,0.0
1150,81,82008.4072974634,Own,1,2229.4383207381393,1,35093.09666301828,0,0,0.0,1,0.0
1151,30,7324.281202028276,Rent,0,0.0,0,0.0,0,0,0.0,0,0.0
1152,39,21040.597628606196,Rent,1,758.6338129503378,1,491.5301415228748,0,0,0.0,0,0.0
1153,46,22090.006882563343,Rent,1,644.4929953838565,1,2722.5237708917716,0,0,0.0,0,0.0
1154,40,20193.871746637335,Rent,1,1665.3316812491762,0,0.0,0,0,0.0,1,0.0
1155,29,525.5206015037594,Rent,0,0.0,0,0.0,0,0,0.0,0,0.0
1156,66,28802.12784071941,Mortgage,1,2276.3836203454966,1,2640.591361287061,1,0,0.0,1,0.0
1157,37,15914.954441064434,Rent,1,872.9762925353275,1,0.0,0,0,0.0,0,0.0
1158,90,750373.302732806,Own,1,5796.680820001983,1,80808.47148052402,1,1,7963.739008084501,1,7700.204694763772
1159,30,525.5206015037594,Rent,0,0.0,0,0.0,0,0,0.0,0,0.0
1160,88,79309.81842820653,Own,1,6607.21687786302,1,93171.9415418952,1,1,4762.925045136436,1,5741.071796568978
1161,36,10051.273359610723,Rent,1,530.0776409451978,1,1595.0967825618304,0,0,0.0,0,0.0
1162,48,14682.172480593421,Mortgage,1,987.153429292304,1,2210.331203840316,0,0,0.0,0,0.0
1163,51,15868.864130136519,Mortgage,1,1476.6974139158676,1,3178.304968290322,0,0,0.0,1,6.023331155658987
1164,91,63047.221169233024,Own,1,30193.56221892154,1,77575.53399713071,1,1,5112.01227499371,1,7.523672369760435
1165,60,52197.46560569298,Own,1,7207.529544905792,1,37047.15583149135,0,0,0.0,1,6155.651704104999
1166,58,47566.94109808648,Mortgage,1,3287.092356769682,1,3337.932783498057,1,0,0.0,1,2467.551770859571
1167,62,36964.86385689589,Mortgage,1,772.6786125163661,1,1957.7819569088758,0,0,0.0,1,3267.3939396704
1168,29,18278.37440599396,Rent,1,653.2951676187776,1,1179.036600983004,0,0,0.0,0,0.0
1169,43,20429.564043789145,Rent,1,1412.0291159274734,1,938.7179093921945,0,0,0.0,0,0.0
1170,52,11263.097141004655,Mortgage,1,2179.0429720345464,1,3414.6121634507954,0,0,0.0,1,3631.9022025105464
1171,66,62366.81136318656,Own,1,1663.272591326773,1,8238.740834986049,0,0,0.0,1,0.0
1172,51,33961.16007140521,Mortgage,1,973.8824749937503,1,4527.872870992938,0,0,0.0,1,0.0
1173,90,45625.452068943254,Own,1,10521.63210709671,1,95339.47702253115,1,1,18367.49806573774,1,0.0
1174,70,41096.55990885533,Own,1,1688.2975067294421,1,8491.773447032347,1,0,0.0,1,6748.991978055317
1175,30,6017.437639806569,Rent,1,0.0,0,0.0,0,0,0.0,0,0.0
1176,28,22625.620988054292,Rent,1,550.580610134566,1,302.18213903132846,0,0,0.0,0,0.0
1177,89,91111.6617795178,Own,1,11558.133564135376,1,77542.37967676778,1,1,4615.789078642917,1,0.0
1178,71,28342.780943504727,Mortgage,1,6637.540540733719,1,8491.850640301043,0,0,0.0,1,2.920960915976786
1179,36,46815.68388045029,Rent,1,1495.4560026677482,1,821.6572150211757,0,0,0.0,0,0.0
1180,32,17490.232237804925,Rent,1,732.6004329319633,0,0.0,0,0,0.0,0,0.0
1181,70,55701.95221064158,Own,1,2048.0999850787875,1,8108.633161133384,0,0,0.0,1,0.0
1182,62,71428.59704799167,Own,1,3374.409681074969,1,43437.638748186146,0,0,0.0,1,5739.834965977824
1183,90,89729.20530820725,Own,1,37970.713679698085,1,94691.90257999153,1,1,9130.604540908342,1,7709.779492058825
1184,72,45176.45670663333,Own,1,3032.2968347468545,1,8117.671285369847,0,0,0.0,1,0.0
1185,41,22081.383402473504,Own,1,663.1856539487776,1,35918.97818799358,0,0,0.0,1,0.0
1186,57,8341.642628817106,Own,1,600.4215824276486,0,0.0,0,0,0.0,1,0.0
1187,63,30154.197651174014,Mortgage,1,1484.806527568243,1,9877.9637617967,0,0,0.0,1,0.0
1188,63,37372.681931028776,Mortgage,1,1479.5111656647916,1,8695.447443936218,1,0,0.0,1,4742.277071837249
1189,64,51291.87303305658,Mortgage,1,1874.393962356927,1,8692.842850747256,1,0,0.0,1,2.6122521766386693
1190,29,53338.602252312776,Own,1,1959.4405821535352,1,38954.848945480684,0,0,0.0,1,0.0
1191,74,37256.04974747788,Mortgage,1,2281.3110978103614,1,9108.557052280654,0,0,0.0,1,0.0
1192,36,37136.74417491371,Own,1,2721.5075711502186,1,37594.38162350019,0,0,0.0,1,10.273791713083629
1193,36,29462.833165516262,Rent,1,790.3222092575181,1,1411.9153820958347,0,0,0.0,1,2.462254500768143
1194,88,98773.61400368011,Own,1,9497.229003228345,1,94006.39228080782,1,1,10788.496958969035,1,3.599301019005199
1195,34,10928.304606793448,Mortgage,1,659.0263243006043,1,2824.1682277223913,0,0,0.0,0,0.0
1196,44,26798.12543648915,Rent,1,517.3985588867074,1,3860.214480658403,0,0,0.0,0,0.0
1197,47,16016.570664265364,Mortgage,1,1234.445427765341,1,3406.3602601720586,0,0,0.0,1,2395.0504405351094
1198,90,70153.06092035043,Own,1,9191.542040090642,1,95144.54587573823,1,1,5155.143244392023,1,9170.980657965238
1199,75,54990.94613610883,Own,1,1875.4648789012595,1,8847.115439557227,0,1,0.0,1,0.0
1200,45,12439.5414824215,Rent,1,264.17301775023896,1,833.4202207088072,0,0,0.0,0,0.0
1201,30,525.5206015037594,Rent,0,0.0,0,0.0,0,0,0.0,0,0.0
1202,69,38653.57839788166,Own,1,1898.1250196282738,1,36114.49568809605,0,0,0.0,1,0.0
1203,35,26620.243908359695,Mortgage,1,833.2657418498258,1,2593.565215309837,0,0,0.0,1,0.0
1204,56,36791.60550961727,Mortgage,1,1778.476369314057,1,8494.70691768548,1,0,0.0,1,0.0
1205,80,39973.053968614106,Own,1,1760.412139650018,1,42254.00521838355,0,0,0.0,1,0.0
1206,40,3213.7481200349066,Rent,1,334.5526283397638,0,0.0,0,0,0.0,0,0.0
1207,46,24272.206205185204,Mortgage,1,547.4437677910762,1,3051.429184818746,0,0,0.0,1,0.0
1208,66,48649.32950035494,Mortgage,1,2565.1256679667968,1,8574.448307098894,1,0,0.0,1,0.22781299425350274
1209,57,16936.091175768026,Mortgage,1,4108.55060744089,1,9379.209897200288,1,0,0.0,1,8.610401264861194
1210,41,5433.54302333397,Rent,1,197.35984503820225,1,0.0,0,0,0.0,0,0.0
1211,28,9742.484478589507,Rent,1,794.6214477608244,1,3127.116835351589,0,0,0.0,0,0.0
1212,30,36288.30803170509,Rent,1,826.91916378154,1,1119.271944320526,0,0,0.0,0,0.0
1213,56,20588.479858878716,Own,1,1044.2282265282379,1,1335.8376622294654,0,0,0.0,1,0.0
1214,91,64487.050187652436,Own,1,3374.5168874630235,1,37034.47747762077,0,0,0.0,1,0.0
1215,56,39170.883356458005,Mortgage,1,1788.7816509200234,1,2304.2121348721203,1,0,0.0,1,0.0
1216,60,12565.38550523578,Rent,1,844.8322107792479,1,1732.9570241992087,0,0,0.0,0,0.0
1217,57,21549.247853997742,Mortgage,1,1470.4295804991452,1,3812.860281864291,0,0,0.0,1,6.859822372483786
1218,42,26173.36321565666,Mortgage,1,433.93432592686304,0,0.0,0,0,0.0,1,0.0
1219,63,37065.5283738855,Mortgage,1,1032.9264953793775,1,9782.243349957962,1,0,0.0,1,6341.861451997202
1220,44,23557.244371776695,Rent,1,825.8642709189809,0,0.0,0,0,0.0,0,0.0
1221,62,30793.46156734803,Mortgage,1,1059.3035685935647,1,8281.446730659543,1,0,0.0,1,0.0
1222,43,9763.058944373335,Rent,1,12.152483664352758,0,0.0,0,0,0.0,0,0.0
1223,88,586676.235251608,Own,1,9579.425817886937,1,93824.82495229998,1,1,18328.72000632695,1,15.238759565352968
1224,30,30416.38042465053,Rent,1,1297.3275913290258,1,1004.5543482164132,0,0,0.0,0,0.0
1225,61,48739.46661679701,Mortgage,1,1718.2901048170668,1,7553.789757115308,1,0,0.0,1,0.0
1226,30,13135.413306917693,Rent,1,399.2570091614119,1,1355.6740513136397,0,0,0.0,0,0.0
1227,50,25226.894099411955,Rent,1,571.1602073228099,0,0.0,0,0,0.0,0,0.0
1228,28,525.5206015037594,Rent,0,0.0,0,0.0,0,0,0.0,0,0.0
1229,88,95050.67714098722,Own,1,6771.554193143846,1,90370.33318135893,1,1,7368.806515869987,1,0.0
1230,66,8094.870991573498,Own,1,1084.2353227275223,0,0.0,0,0,0.0,1,0.0
1231,73,41380.19351069548,Own,1,4471.414483180246,1,42675.7833745072,0,0,0.0,1,0.0
1232,66,37688.50190623244,Mortgage,1,2292.619942741485,1,8499.008782854815,1,0,0.0,1,0.0
1233,91,655948.8587188559,Own,1,30964.375759989758,1,96758.46639356414,1,1,29007.92263160918,1,15352.056151994271
1234,40,12600.091015168491,Rent,1,545.2557473372528,1,2439.792296770312,0,0,0.0,0,0.0
1235,50,27698.178900543197,Rent,1,993.5964240304056,1,2744.7882290588313,0,0,0.0,1,0.0
1236,63,56299.30230599458,Mortgage,1,2111.338838036014,1,9343.593327640783,0,0,0.0,1,4.367943206760831
1237,53,68542.20729732202,Mortgage,1,1803.9171139636874,1,3826.683013087334,0,0,0.0,1,0.0
1238,35,4467.728388900836,Rent,0,0.0,0,0.0,0,0,0.0,0,0.0
1239,73,38812.02869706005,Own,1,1098.8513188106463,1,8093.156574584095,0,0,0.0,1,3392.248290460694
1240,91,87560.138269698,Own,1,7405.962528519706,1,87925.60546530611,1,1,11566.125827121454,1,18945.103367173506
1241,46,12222.652213156885,Mortgage,1,1806.9459558765905,0,0.0,0,0,0.0,1,0.0
1242,57,24151.106193985026,Mortgage,1,1481.0377288694078,0,0.0,0,0,0.0,1,5804.691295397549
1243,28,9274.17249425123,Rent,1,391.29464196777604,1,1637.1547723382478,0,0,0.0,0,0.0
1244,48,24636.788520253314,Rent,1,1017.4309306707042,1,1793.3768668071616,0,0,0.0,1,0.0
1245,44,525.5206015037594,Rent,1,116.81119957125645,0,0.0,0,0,0.0,0,0.0
1246,38,21793.92423969026,Rent,1,1171.3844069019442,1,1049.1567476457647,0,0,0.0,0,0.0
1247,41,9676.002049171115,Rent,1,493.0559152299531,0,0.0,0,0,0.0,0,0.0
1248,52,14714.883552489686,Mortgage,1,1086.9586199522494,0,0.0,0,0,0.0,0,0.0
1249,45,18854.91047566007,Rent,1,1067.4689965218204,0,0.0,0,0,0.0,0,0.0
1250,28,3229.253447208357,Rent,0,0.0,0,0.0,0,0,0.0,0,0.0
1251,49,15641.474428246525,Rent,1,1266.6162075043246,0,0.0,0,0,0.0,0,0.0
1252,34,19137.42687788475,Rent,1,1180.825923823875,1,928.6308217443006,0,0,0.0,0,0.0
1253,41,20429.782395962073,Rent,1,545.1177696562844,1,1015.6017360541962,0,0,0.0,0,0.0
1254,78,63160.796146756074,Own,1,2723.1265041606275,1,35455.66408610954,0,0,0.0,1,3749.3100286113086
1255,54,30022.888670124987,Own,1,4567.737425705252,1,36797.87461859861,0,0,0.0,1,0.0
1256,29,2749.9425528826214,Rent,0,0.0,0,0.0,0,0,0.0,0,0.0
1257,62,29986.802715318365,Mortgage,1,3056.4000841796087,1,9076.062574272852,1,1,0.0,1,0.0
1258,27,3862.064757655806,Rent,1,987.3113914253511,1,1013.9868553668591,0,0,0.0,0,0.0
1259,49,22187.465732030156,Rent,1,923.2566124217856,1,2302.2252747554294,0,0,0.0,0,0.0
1260,46,16655.217596233415,Rent,1,775.843226229676,1,2056.5947969263316,0,0,0.0,0,0.0
1261,32,5378.842319671945,Rent,1,233.1274780468167,1,0.0,0,0,0.0,0,0.0
1262,51,22084.262652460864,Mortgage,1,956.2793199866753,1,3708.272592549105,0,0,0.0,1,0.0
1263,62,70042.53386232848,Own,1,2037.3834203549982,1,8238.0654096903,0,0,0.0,1,3574.6967460359406
1264,59,123935.8525266476,Own,1,2290.7528752301846,1,8863.73833192184,0,0,0.0,1,0.0
1265,73,83422.49639961614,Own,1,4055.369178399761,1,94481.95484143287,1,1,6394.898661695482,1,0.0
1266,36,10223.559612014604,Mortgage,0,0.0,0,0.0,0,0,0.0,0,0.0
1267,68,50327.8299684358,Own,1,2714.8433632855476,1,8634.17438600485,0,0,0.0,1,8532.608948491517
1268,30,525.5206015037594,Rent,0,0.0,0,0.0,0,0,0.0,0,0.0
1269,75,69716.29848487032,Own,1,977.2498759405066,1,39057.56299912228,0,1,5.50451978028792,0,0.0
1270,54,33017.3743206484,Mortgage,1,1428.4658095136638,1,8987.980123425858,1,0,0.0,1,3372.930230376284
1271,29,5546.978138618575,Rent,0,0.0,0,0.0,0,0,0.0,0,0.0
1272,29,5929.404547788672,Rent,1,638.5241086839209,1,0.0,0,0,0.0,0,0.0
1273,37,13487.404268728353,Rent,1,664.8024884804211,1,847.7042675835203,0,0,0.0,0,0.0
1274,63,63607.44390851962,Own,1,689.20178307194,1,2148.7286104632767,0,0,0.0,0,0.0
1275,30,24332.52106196165,Rent,1,2086.79480197619,1,2975.9395715081405,0,0,0.0,0,0.0
1276,77,47735.29295901614,Own,1,2345.5160371351467,1,34536.957810462605,0,0,0.0,1,0.0
1277,43,12380.185595220846,Mortgage,1,633.2988947922032,0,0.0,0,0,0.0,1,1.6731223352697142
1278,91,91843.83414288578,Own,1,10838.533374396671,1,92512.41095896544,1,1,19039.108105044314,1,11245.518838392276
1279,37,11057.002887400142,Rent,1,1904.8555149127847,1,2720.801792501809,0,0,0.0,0,0.0
1280,63,40104.55115037095,Own,1,6360.605827400877,1,42441.8605970532,0,0,0.0,1,2788.226148311297
1281,44,36025.536977924974,Mortgage,1,1076.9441413548595,1,3606.3773827032783,0,0,0.0,1,7013.697189011777
1282,28,10173.617940419488,Rent,1,580.6686988022857,1,1437.287099155905,0,0,0.0,0,0.0
1283,31,12094.813924342001,Rent,1,1052.2574991555239,0,0.0,0,0,0.0,0,0.0
1284,53,18310.89203917516,Mortgage,1,6892.553721028271,1,2060.098395492563,1,0,0.0,1,3867.2727107962837
1285,28,7563.572535328307,Rent,1,86.72580012370565,0,0.0,0,0,0.0,0,0.0
1286,30,21730.740031458445,Rent,1,484.8901129633281,1,0.0,0,0,0.0,0,0.0
1287,36,21142.985633822613,Rent,1,608.3196743040631,1,467.91677652506314,0,0,0.0,0,0.0
1288,58,24355.899590668174,Mortgage,1,1808.58386207763,1,7862.851943132526,0,0,0.0,1,2569.184120629937
1289,63,53495.54442695214,Own,1,3036.978336106356,0,0.0,0,0,0.0,1,0.0
1290,74,80871.43213064571,Own,1,3793.024954002998,1,43393.974343775604,1,1,7429.812199078651,1,0.0
1291,89,77169.56512838724,Own,1,7938.792518313249,1,91372.01478252094,1,1,7482.934972090275,1,8.237797687314892
1292,45,37950.47218493212,Mortgage,1,857.5896570089759,1,128.749218227852,1,0,0.0,1,0.0
1293,30,19081.11001970873,Rent,1,201.4172576836511,0,0.0,0,0,0.0,0,0.0
1294,68,118062.03935610742,Own,1,7309.562103334535,1,8209.994434729777,1,0,0.0,1,3578.355959728556
1295,53,23529.811158840203,Rent,1,1098.4870112971935,1,3874.3710587346277,0,0,0.0,1,3.65298384704971
1296,87,689580.7818121017,Own,1,31159.068266581064,1,94908.72669453542,1,1,11204.248760170887,1,21.580167313909307
1297,48,6916.675767555314,Mortgage,1,1014.0949973791132,1,4106.256300576128,0,0,0.0,1,0.0
1298,66,27755.761298873345,Own,1,1400.0327285309893,0,0.0,0,0,0.0,1,0.0
1299,30,9103.78288598774,Rent,1,162.09524396050313,1,923.1153449586784,0,0,0.0,0,0.0
1300,91,59497.91504517943,Own,1,4365.455163249716,1,91214.04796334953,1,1,5340.825656342949,1,11.3543579077351
1301,57,33104.07432470594,Own,1,2614.441740771412,1,9033.333381531778,1,0,0.0,1,0.0
1302,55,18305.452398332676,Mortgage,1,968.9273578057446,1,2734.152769610967,0,0,0.0,1,0.0
1303,47,21693.556863159236,Mortgage,1,2303.782913127674,1,3792.9413047707076,1,0,0.0,1,4095.627016769577
1304,62,51927.671522028846,Own,1,4797.66164068905,1,35473.52717233257,0,0,0.0,1,0.8833977420178998
1305,62,43477.59527832376,Mortgage,1,2183.4703594711987,1,2442.50342291997,1,0,0.0,1,0.0
1306,56,828.1495848277373,Mortgage,1,702.394890356981,0,0.0,0,0,0.0,0,0.0
1307,46,8286.592910112711,Rent,1,1466.2224905351854,1,3493.317616730149,0,0,0.0,0,0.0
1308,43,34660.57541898507,Mortgage,1,1880.4838973929654,1,3158.137123542547,0,0,0.0,1,0.0
1309,54,23113.848403099393,Mortgage,1,1034.7588992144429,1,7932.025583544715,1,0,0.0,1,0.0
1310,84,100597.93273697348,Own,1,2152.818423217921,1,7800.356310729383,1,1,8611.053474346256,1,4814.255702079737
1311,65,25732.322001171706,Mortgage,1,951.693753421458,1,2912.0621028771643,0,0,0.0,1,0.0
1312,31,525.5206015037594,Rent,1,0.0,0,0.0,0,0,0.0,0,0.0
1313,31,25833.211460872826,Rent,1,206.84315832444918,1,469.71081509338,0,0,0.0,0,0.0
1314,69,31673.423778582503,Mortgage,1,2129.0096708628816,1,8103.019990327154,1,0,0.0,1,5484.498212963406
1315,52,29835.753480417567,Rent,1,1364.0843689239643,1,3277.6472153820173,0,0,0.0,0,0.0
1316,31,7809.6327859891535,Rent,1,462.07769468636076,1,550.5207885114178,0,0,0.0,0,0.0
1317,76,92802.85193741019,Own,1,4060.593166579721,1,47257.62477476118,0,0,0.0,1,11.25863029367245
1318,51,19021.309294971106,Mortgage,1,1562.0102399278476,1,8374.868003263213,0,0,0.0,1,0.0
1319,54,28781.588244165036,Mortgage,1,1465.0431020529097,0,0.0,1,0,0.0,1,0.0
1320,31,29624.538806222015,Rent,1,1615.0197406971083,1,1034.9349636690142,0,0,0.0,0,0.0
1321,30,9204.719081543724,Rent,1,823.5765148274945,1,453.15849318217533,0,0,0.0,0,0.0
1322,41,17013.581439877144,Rent,1,451.3493906694396,1,1373.14408239991,0,0,0.0,0,0.0
1323,28,24345.731853512363,Rent,1,622.8406653150914,1,3538.3061932769974,0,0,0.0,0,0.0
1324,71,84180.00988625298,Own,1,5090.226791596502,1,8696.876681099398,1,1,4622.4322337490285,1,1.9204439949070073
1325,29,525.5206015037594,Rent,0,0.0,0,0.0,0,0,0.0,0,0.0
1326,28,525.5206015037594,Rent,0,0.0,0,0.0,0,0,0.0,0,0.0
1327,62,34725.39300831431,Mortgage,1,1371.5124974119788,1,5092.297010798899,0,0,0.0,1,2.842978725267159
1328,48,4792.314701199182,Mortgage,1,589.797035026251,1,1399.8367477663887,0,0,0.0,0,0.0
1329,76,749792.3489740234,Mortgage,1,7423.116071323498,1,93876.03095290296,1,1,17734.161783580552,1,6.629609215350889
1330,77,128988.41179595013,Own,1,2141.181117788298,1,74094.5818562168,1,1,11657.136261636277,1,6.870666422397031
1331,27,525.5206015037594,Rent,0,0.0,0,0.0,0,0,0.0,0,0.0
1332,62,99257.92672234547,Mortgage,1,2483.8833613498437,1,8109.25987437874,1,0,0.0,1,0.0
1333,62,35936.66031633187,Mortgage,1,1736.9631654327566,1,8739.700217876098,1,0,0.0,1,2623.193323060618
1334,37,525.5206015037594,Rent,0,0.0,0,0.0,0,0,0.0,0,0.0
1335,31,13822.384957471553,Rent,1,515.5730216701422,1,1354.9227579407334,0,0,0.0,0,0.0
1336,35,22010.396609471427,Rent,1,0.0,1,682.5484819062956,0,0,0.0,0,0.0
1337,80,95220.35804660579,Own,1,7591.251725995883,1,43290.07222981224,1,1,11035.831543922575,1,3915.769552599339
1338,54,46012.79271677729,Mortgage,1,1353.0534242065082,1,9262.124968017699,1,0,0.0,1,0.0
1339,55,13041.848820093539,Mortgage,1,1214.1014180846319,1,3863.315669608628,0,0,0.0,1,3.1596051078998113
1340,74,16013.714083577492,Own,1,1888.758089994133,1,7707.825163127023,0,0,0.0,0,0.0
1341,32,12825.799798009351,Mortgage,1,994.3901059906088,1,2314.8483185745217,0,0,0.0,1,4018.9494246832583
1342,90,127886.84833992606,Own,1,5736.343828715102,1,80600.48590652995,1,1,6333.955060207297,1,0.0
1343,89,112834.12401172685,Own,1,7554.446072598821,1,91498.93694713146,1,1,4389.7228963242105,1,18.745941877906873
1344,53,54211.91209386807,Mortgage,1,1653.7358371229182,1,1822.4150822237384,1,0,0.0,1,0.0
1345,88,63104.771627932256,Own,1,6149.971714780455,1,49830.70036077368,1,1,3848.033548301086,1,0.0
1346,31,32349.98235942358,Mortgage,1,1733.1044142829858,1,8731.222896651652,1,0,0.0,1,0.0
1347,42,37515.34827366436,Mortgage,1,1418.7891972982038,1,4014.8405710423526,0,0,0.0,1,0.0
1348,62,24719.633179912315,Mortgage,1,1284.6310171524892,1,8748.945428584582,1,0,0.0,1,0.0
1349,47,25053.03828632881,Mortgage,1,1219.8731051561456,1,2238.435291849792,0,0,0.0,1,0.0
1350,71,16815.38634522981,Rent,1,79.32639776903784,0,0.0,0,0,0.0,0,0.0
1351,36,34486.33733597182,Rent,1,2129.5284226997373,1,3210.4249902261854,0,0,0.0,1,6.153436725842894
1352,70,75522.53666845521,Own,1,2584.9734302813085,1,90382.23809194806,1,1,39752.43265409772,1,0.6179768732133057
1353,45,29996.382988659545,Mortgage,1,1696.7919398839445,1,10372.713186066187,1,0,0.0,1,0.0
1354,67,70586.58988961614,Own,1,2886.916807604962,1,9073.013882708827,0,0,0.0,1,4116.234057980532
1355,91,44158.82734330885,Own,1,3235.79099931806,1,94365.86539062033,1,1,19769.069584451503,1,0.0
1356,89,175263.08573808902,Own,1,5962.845195049991,1,91382.17122665556,1,1,12419.868098622528,1,14.470089092254087
1357,58,88103.74421351562,Own,1,2171.4163510542444,1,37113.27078121989,0,0,0.0,1,0.0
1358,30,13565.157967626501,Rent,1,644.1988656218779,1,1535.4198181788315,0,0,0.0,0,0.0
1359,83,30428.44649866391,Own,1,29190.450031849126,1,95181.66008228165,1,1,10021.872710615618,1,0.0
1360,86,101343.3125267106,Own,1,3922.47922011211,1,77138.61596592747,1,1,11034.485257902414,1,3.774729471270768
1361,32,525.5206015037594,Rent,0,0.0,0,0.0,0,0,0.0,0,0.0
1362,46,11774.552843384026,Mortgage,1,814.598435086477,1,2841.2076607462373,0,0,0.0,1,0.0
1363,57,25931.04806831139,Mortgage,1,1761.7415190774573,1,37136.56850464674,0,0,0.0,1,0.0
1364,28,14480.998409928125,Rent,0,0.0,0,0.0,0,0,0.0,0,0.0
1365,39,525.5206015037594,Rent,1,0.0,0,0.0,0,0,0.0,0,0.0
1366,29,525.5206015037594,Rent,0,0.0,0,0.0,0,0,0.0,0,0.0
1367,91,94154.2934756918,Own,1,27334.018710881755,1,93373.58312729555,1,1,8219.619273056516,1,10386.375867193412
1368,69,36697.84596561364,Own,1,1306.1873483141399,0,0.0,0,0,0.0,1,0.0
1369,47,32179.418119565882,Mortgage,1,1364.2244152358319,0,0.0,0,0,0.0,1,2.6427958417167816
1370,72,85145.36298691905,Own,1,10337.9465483259,1,81267.57423438785,1,1,33527.3331304906,1,7162.389999116996
1371,28,11373.086240879249,Rent,0,0.0,0,0.0,0,0,0.0,0,0.0
1372,76,79507.81113827234,Own,1,2349.837174704266,1,34754.316707081416,0,0,0.0,1,7606.695355837706
1373,62,35666.89725924863,Mortgage,1,1024.3584452628456,1,10096.923827710782,0,0,0.0,1,3514.3507113910823
1374,54,48284.72961631258,Mortgage,1,2073.758705324085,1,3245.1924269046704,1,0,0.0,1,0.0
1375,39,9687.646143371672,Rent,1,188.73424522645234,1,0.0,0,0,0.0,0,0.0
1376,90,98631.98655488716,Own,1,8663.646347868595,1,94821.47290797476,1,1,8485.357790990194,1,24.157583860742413
1377,40,12824.022202261114,Rent,1,884.5316774099414,1,597.9298926970855,0,0,0.0,0,0.0
1378,40,19903.2352335897,Rent,1,904.8335001481053,1,1071.0643667521222,0,0,0.0,0,0.0
1379,71,21905.52392545554,Own,1,2635.4748207582315,1,47768.71151095429,0,0,0.0,1,0.0
1380,36,10250.318206228025,Rent,1,0.0,1,551.5856036260593,0,0,0.0,0,0.0
1381,28,6623.100109603871,Rent,0,0.0,0,0.0,0,0,0.0,0,0.0
1382,30,1545.5688779421798,Rent,1,0.0,1,333.24001294862273,0,0,0.0,0,0.0
1383,87,585473.8763083593,Own,1,3858.335085605928,1,93644.49937943024,1,1,11723.068637922943,1,13299.38979155007
1384,69,240242.53359666595,Own,1,3906.1243188655003,1,35271.703593872,0,0,0.0,1,0.0
1385,38,16514.55422631024,Rent,1,1671.5116004021154,1,3002.5284835418493,0,0,0.0,0,0.0
1386,75,111699.54015011418,Own,1,2046.2348597466673,1,34976.930709151966,0,0,0.0,1,3859.1381155528566
1387,60,20833.805054555014,Mortgage,1,1441.904874409338,1,3227.6201264793535,0,0,0.0,1,0.0
1388,28,525.5206015037594,Rent,0,0.0,0,0.0,0,0,0.0,0,0.0
1389,48,17616.804669821086,Mortgage,1,1069.3947467683543,0,0.0,0,0,0.0,1,0.0
1390,69,63549.396608377705,Mortgage,1,2034.535763464219,1,7857.506894072845,1,0,0.0,1,0.0
1391,33,6917.995172174718,Rent,1,650.8127957639506,1,0.0,0,0,0.0,0,0.0
1392,74,43858.53637263164,Mortgage,1,7108.8825314886935,1,9166.200351217547,1,0,0.0,1,0.0
1393,42,21941.262885251148,Rent,1,1110.0537461934455,0,0.0,0,0,0.0,0,0.0
1394,48,38916.06000632156,Rent,1,1280.6106640285548,1,2967.9096231289664,0,0,0.0,1,0.0
1395,31,6717.660537855085,Rent,0,0.0,0,0.0,0,0,0.0,0,0.0
1396,77,53221.64324326326,Own,1,1945.0494460871068,1,35797.365918582305,0,0,0.0,1,0.0
1397,73,91977.23881230697,Own,1,2883.0665808932263,1,77549.80324002226,1,1,7025.676258332364,1,0.0
1398,39,50827.136501454836,Own,1,3292.6759894127413,1,1646.8029463952262,0,0,0.0,1,5695.418168979389
1399,72,178284.52882247054,Own,1,3686.715119386922,1,41923.99787321526,0,0,0.0,1,6373.189979166224
1400,88,196633.55740120888,Own,1,4411.320067819667,1,94123.17148917701,1,1,34880.920814912206,1,15518.891291331605
1401,45,14781.193887780155,Mortgage,1,601.236297931315,1,4037.9558328564626,0,0,0.0,1,0.0
1402,60,15489.954149144964,Rent,1,1725.8458784785846,1,2794.5303525414993,0,0,0.0,0,0.0
1403,68,24064.2276850262,Mortgage,1,1747.9693365161233,1,1878.5788372977631,0,0,0.0,1,0.0
1404,55,30287.804312398417,Mortgage,1,1640.124692486999,1,3744.8324097569775,0,0,0.0,1,2.603558313437828
1405,36,17657.429679577534,Rent,1,844.4844277503163,1,205.6965357706813,0,0,0.0,0,0.0
1406,60,48184.29867723664,Mortgage,1,1061.3110218825514,1,7623.948386164908,1,0,0.0,1,2113.479045007194
1407,79,33434.445051922856,Own,1,2404.418278421744,1,8734.62972333536,0,0,0.0,1,7.3728959708558826
1408,46,12767.544193212783,Mortgage,1,1394.259931126845,1,3376.545528930927,0,0,0.0,1,0.0
1409,30,7743.750244322453,Rent,1,643.0630838267398,0,0.0,0,0,0.0,0,0.0
1410,53,17451.20107913657,Mortgage,1,1651.139856505882,1,3715.840155763232,0,0,0.0,1,0.0
1411,61,63616.857623637094,Own,1,2768.7884033215687,1,8963.343474460748,0,0,0.0,1,0.0
1412,48,41868.23264683993,Rent,1,1079.6522599445157,1,934.4368523209002,0,0,0.0,0,0.0
1413,61,57640.202509991184,Mortgage,1,1253.8226510326467,1,7643.476829053836,1,0,0.0,1,0.0
1414,60,78362.53150310024,Mortgage,1,3037.3879840029886,1,9333.631665919384,1,0,0.0,1,0.0
1415,61,61476.38605433971,Own,1,2090.075374828325,1,8055.046238862677,1,0,0.0,1,4475.398236383424
1416,49,525.5206015037594,Mortgage,1,1430.0409168286624,0,0.0,0,0,0.0,0,0.0
1417,30,525.5206015037594,Rent,0,0.0,0,0.0,0,0,0.0,0,0.0
1418,35,525.5206015037594,Rent,0,0.0,0,0.0,0,0,0.0,0,0.0
1419,76,63949.01364642031,Own,1,2565.184186670246,1,95885.62831394316,1,1,4111.760842111571,1,0.0
1420,59,46695.413109035544,Mortgage,1,1050.4227417555228,1,9369.888667757255,1,0,0.0,1,9.343470253008755
1421,30,2386.1295050070366,Rent,1,739.6027633012726,1,572.0311022718388,0,0,0.0,0,0.0
1422,62,21219.25269799886,Mortgage,1,1830.3074581434994,0,0.0,1,0,0.0,1,8.73557066717914
1423,55,42541.67438309535,Mortgage,1,1623.2055615067543,1,9338.933281911419,1,0,0.0,1,0.0
1424,29,1051.923675593167,Rent,0,0.0,0,0.0,0,0,0.0,0,0.0
1425,66,39328.60575571876,Mortgage,1,1357.9361319250788,1,8654.891240128392,1,0,0.0,1,0.0
1426,30,590.7996114056405,Rent,1,528.3549737880568,0,0.0,0,0,0.0,0,0.0
1427,65,40795.55964683735,Own,1,2589.9035677326674,1,7906.452800240626,1,1,28.633226753639587,1,0.0
1428,63,55876.608989933964,Own,1,1721.3651655570548,0,0.0,0,0,0.0,1,0.0
1429,67,43816.0944594303,Mortgage,1,1668.8600443060725,1,8360.69927678723,1,0,0.0,1,5039.7054910042425
1430,91,470324.5453291534,Own,1,2627.634339108002,1,94689.05131192965,1,1,12632.055035214125,1,0.9777568335772454
1431,77,63489.303144952406,Own,1,36919.518956569045,1,94012.07532223826,1,1,8458.906664923637,1,14571.248829266848
1432,67,36243.27335777635,Mortgage,1,1509.497388151948,1,7222.366874937833,1,0,0.0,1,0.0
1433,30,725.4102416734931,Rent,1,152.63651783008527,0,0.0,0,0,0.0,0,0.0
1434,62,34566.53987388985,Mortgage,1,1985.2939108637354,1,9180.08976576798,0,0,0.0,1,4627.796723893698
1435,31,525.5206015037594,Rent,1,0.0,0,0.0,0,0,0.0,0,0.0
1436,71,31405.698677970864,Own,1,1845.5708432734098,1,8531.226351348378,0,0,0.0,1,5.911882397631347
1437,72,48785.038580439315,Mortgage,1,2308.522210318509,1,7663.934752234626,0,0,0.0,1,0.0
1438,30,26490.782284510024,Mortgage,1,1041.6285928533032,1,3326.6150072998444,0,0,0.0,1,0.0
1439,47,36524.49644993425,Mortgage,1,2150.9653098418166,0,0.0,0,0,0.0,1,2269.3088232460686
1440,41,8450.011509110655,Rent,1,780.6912622167846,1,2787.0130502930097,0,0,0.0,0,0.0
1441,73,16580.038298274045,Mortgage,1,1164.2274344022721,0,0.0,1,0,0.0,1,0.0
1442,91,215084.44962959178,Own,1,11389.737478644249,1,91185.37524252605,1,1,12325.51907076359,1,8935.484611336657
1443,56,63467.24366779048,Mortgage,1,1816.0604629104275,1,8361.897321375094,0,0,0.0,1,0.0
1444,57,41075.88888769425,Mortgage,1,1537.4927620312706,1,8925.715312172599,1,0,0.0,1,2.1274194909976822
1445,77,65626.70709386231,Own,1,3633.767363930604,1,42051.94392010423,0,0,0.0,1,0.0
1446,73,87237.62210682471,Own,1,4194.334061511993,1,44084.4407846998,0,0,0.0,1,6865.59670653313
1447,31,11966.471046740182,Rent,1,660.4820560876124,1,0.0,0,0,0.0,0,0.0
1448,56,15919.033155124462,Rent,1,495.6266028482356,0,0.0,1,0,0.0,0,0.0
1449,40,20747.86924677258,Rent,1,1067.9964557121234,1,1765.125674653976,0,0,0.0,0,0.0
1450,79,59915.437006429194,Own,1,3958.2132291510734,1,35466.016735399025,0,1,9835.440070538354,1,5.4094626114656945
1451,49,44098.989925123045,Mortgage,1,2365.673197082737,1,9426.601443250009,0,0,0.0,1,5180.17046160281
1452,61,43173.190227179104,Mortgage,1,1444.155535134335,0,0.0,1,0,0.0,1,0.0
1453,29,9727.063471175345,Rent,1,451.4202856055379,1,619.3293840172628,0,0,0.0,0,0.0
1454,28,12056.374650324582,Rent,1,934.3846793599533,1,1111.6041701868708,0,0,0.0,1,0.0
1455,39,37183.26628762536,Mortgage,1,1866.9442960661004,1,4545.932054404688,0,0,0.0,1,0.0
1456,72,38892.072785087155,Own,1,2113.0241006875494,1,8871.879266171101,0,0,0.0,1,4704.910793519704
1457,72,51600.64319447582,Own,1,1640.1871951630762,1,36205.88479708914,0,0,0.0,1,1.6234574026866886
1458,74,129330.90158642587,Own,1,7359.373619632459,1,39841.70127450278,1,1,10702.10639715223,1,4337.811792459233
1459,36,3260.117759141489,Rent,1,306.6148223878944,1,954.4404407381558,0,0,0.0,0,0.0
1460,54,10431.486630134452,Mortgage,1,1630.1259048061122,1,9573.357542990134,1,0,0.0,1,3433.1530686639676
1461,50,4612.996463524014,Rent,1,1011.3222852788109,0,0.0,0,0,0.0,0,0.0
1462,76,30941.235864986164,Rent,1,1508.6150054849195,1,8034.302428735907,0,0,0.0,1,5.692303528308669
1463,29,616.0436777812938,Rent,0,0.0,0,0.0,0,0,0.0,0,0.0
1464,79,75982.76239777777,Own,1,5825.558218256378,1,93476.76218438835,1,1,8669.111730296147,1,0.0
1465,76,100069.38678966498,Own,1,3518.6128984681613,1,44517.89196406965,0,0,0.0,1,0.0
1466,38,20579.935519730687,Rent,1,441.43467918512516,0,0.0,0,0,0.0,0,0.0
1467,41,31275.18985611341,Mortgage,1,1382.6944521850673,1,4353.539699699903,0,0,0.0,1,0.0
1468,55,29735.94750158096,Mortgage,1,1902.616435645937,1,9625.078297443186,0,0,0.0,1,0.0
1469,88,103855.30310705016,Own,1,7809.966167803562,1,75705.28928240256,1,1,8076.999987354698,1,6.722001161412434
1470,56,36672.85188359749,Mortgage,1,2195.4739556720456,1,4262.452482827167,0,0,0.0,1,0.0
1471,77,91035.41012082889,Own,1,2731.0663859762817,1,34344.09067016978,0,0,0.0,1,0.0
1472,47,7195.894770136643,Rent,0,0.0,0,0.0,0,0,0.0,0,0.0
1473,61,25262.079058639087,Mortgage,1,1393.1063264770155,1,8146.9330344629525,1,0,0.0,1,0.0
1474,31,8775.410834818844,Rent,1,0.0,0,0.0,0,0,0.0,0,0.0
1475,83,85688.93321113547,Own,1,2964.737428326524,1,42324.280069640445,1,1,16821.960671107627,1,13.535882777956102
1476,59,5195.112044059246,Own,0,0.0,0,0.0,0,0,0.0,0,0.0
1477,40,767.060918659794,Rent,1,775.2316596957764,0,0.0,0,0,0.0,0,0.0
1478,54,27128.193178964364,Mortgage,1,2494.9674850210886,1,7237.400659149739,1,0,0.0,1,0.0
1479,49,48790.79764542559,Mortgage,1,586.6008229759577,1,8599.14179205791,1,0,0.0,1,0.0
1480,73,44762.97659994598,Own,1,1550.9230145296794,1,8364.479755480781,0,0,0.0,1,0.0
1481,34,932.2907953900958,Rent,1,0.0,1,0.0,0,0,0.0,0,0.0
1482,32,525.5206015037594,Rent,0,0.0,0,0.0,0,0,0.0,0,0.0
1483,28,2694.0827243877047,Rent,1,129.0713838726839,0,0.0,0,0,0.0,0,0.0
1484,91,72247.77211156147,Own,1,23968.390710148633,1,92878.98456002156,1,1,9266.054437490777,1,0.0
1485,52,20511.089544185106,Mortgage,1,2044.1656015365884,1,5917.66738815863,0,0,0.0,1,0.0
1486,73,210407.59988716367,Own,1,4063.125763912898,1,93926.05420740102,1,1,11714.455810486957,1,4246.717479950591
1487,67,14448.747329407346,Rent,0,0.0,0,0.0,0,0,0.0,0,0.0
1488,87,124089.28674773152,Own,1,4482.18350762914,1,41606.75174610058,0,1,6599.858823498958,1,6511.914074736516
1489,32,7858.972246937121,Rent,1,498.1704869204401,1,121.61697587455774,0,0,0.0,0,0.0
1490,78,119313.96400685245,Own,1,2335.80733674193,1,35176.28325251443,0,0,0.0,1,0.0
1491,36,15182.441408815272,Rent,1,423.7936903964995,0,0.0,0,0,0.0,0,0.0
1492,79,95503.25377192245,Own,1,3878.3327543562527,0,0.0,1,1,11961.454449931647,1,8.665129649354798
1493,66,60150.24756823087,Mortgage,1,1956.7147758956592,1,7355.22793342735,1,0,0.0,1,0.0
1494,39,16610.493801148386,Rent,1,341.3642752679833,0,0.0,0,0,0.0,0,0.0
1495,78,45606.0628183205,Own,1,2812.2057344484138,1,34877.20946575624,0,0,0.0,1,4130.1829543102685
1496,88,102581.24953479288,Own,1,7711.260317878934,1,92979.03968796293,1,1,6539.508661467436,1,5513.129268405533
1497,88,110124.23156352,Own,1,2301.006949354108,1,76324.56329379932,1,1,6852.111062704042,1,0.0
1498,31,4552.694097468166,Rent,1,384.8657508596257,1,1057.9655221906223,0,0,0.0,0,0.0
1499,39,7766.272457946721,Rent,1,287.1065691422822,1,2086.3649807653946,0,0,0.0,0,0.0
1500,27,1218.0080980115345,Rent,0,0.0,0,0.0,0,0,0.0,0,0.0
1501,56,45976.3397501782,Own,1,2525.382179865398,1,8159.044285315324,1,0,0.0,1,0.0
1502,74,42526.51136641498,Rent,1,5537.336403999187,0,0.0,1,0,0.0,0,0.0
1503,40,12173.943358074379,Rent,0,0.0,0,0.0,0,0,0.0,0,0.0
1504,74,79983.78614715002,Own,1,10881.683061018019,1,93889.3006659146,1,1,7499.254190072525,1,10219.367979149069
1505,66,32480.9776045855,Own,1,4381.467579474066,1,7794.243185485115,1,1,0.0,1,0.0
1506,74,86154.11871242394,Own,1,3164.6920169504265,0,0.0,1,1,20609.699819438036,1,0.0
1507,41,23236.396865734117,Own,1,884.7232706933821,1,1772.717724569111,0,0,0.0,1,0.0
1508,27,14154.829334737971,Rent,1,804.606947843937,1,0.0,0,0,0.0,0,0.0
1509,89,70890.09206014634,Own,1,5029.153131590037,1,94139.61030519796,1,1,20971.388053211667,1,15.470936676495821
1510,28,12157.408407489747,Rent,1,215.82072090774182,0,0.0,0,0,0.0,0,0.0
1511,66,39424.74978152044,Own,1,1133.879111420376,0,0.0,0,0,0.0,1,0.0
1512,77,68221.89102061209,Own,1,32330.878861244648,1,96758.46639356414,1,1,18332.07686493812,1,4.183374833934526
1513,28,18030.500627295783,Rent,1,778.6789128540978,1,1294.1274065995726,0,0,0.0,0,0.0
1514,30,24922.869936737592,Rent,1,1066.1459176135495,1,865.4425717471279,0,0,0.0,0,0.0
1515,61,13377.717931711639,Rent,1,1092.2062794100566,1,633.9899512823147,0,0,0.0,1,0.0
1516,42,13964.68437170107,Rent,1,0.0,1,1748.832798608287,0,0,0.0,0,0.0
1517,59,42968.640144209305,Mortgage,1,1705.7733827657935,1,8949.571209072388,0,0,0.0,1,0.0
1518,43,525.5206015037594,Rent,0,0.0,0,0.0,0,0,0.0,0,0.0
1519,31,525.5206015037594,Rent,0,0.0,0,0.0,0,0,0.0,0,0.0
1520,57,24895.950707243013,Mortgage,1,858.6254559830503,0,0.0,1,0,0.0,1,0.0
1521,48,8933.870052016739,Rent,1,923.0319221663084,0,0.0,0,0,0.0,0,0.0
1522,82,31725.925652395483,Own,1,1817.363211261393,1,8658.394145483524,0,1,0.0,1,0.10196375809106087
1523,46,24129.688827579117,Mortgage,1,1482.6651185410037,1,5102.721284329718,0,0,0.0,1,0.0
1524,29,525.5206015037594,Rent,0,0.0,0,0.0,0,0,0.0,0,0.0
1525,78,67777.29718564842,Own,1,3826.6141430685157,1,78484.50509668379,1,1,8425.180215835706,1,5.673748343137877
1526,91,162694.32276229147,Own,1,3629.8567275518767,1,95005.13543403262,1,1,37078.59539943487,1,0.0
1527,73,102362.98909634749,Own,1,2331.8963367500883,1,37249.404615497864,0,0,0.0,1,0.0
1528,86,108433.84376384263,Own,1,7601.479388055466,1,89678.06530398555,1,1,10992.360142630128,1,16.474318427242373
1529,35,5968.892609104789,Rent,0,0.0,0,0.0,0,0,0.0,0,0.0
1530,41,13354.940574586351,Rent,1,416.406284385327,1,1096.9238864869255,0,0,0.0,0,0.0
1531,31,16102.224748383189,Rent,1,259.0037455484064,1,2926.508750643455,0,0,0.0,0,0.0
1532,33,16666.592924170585,Rent,1,1069.6939738789697,1,0.0,0,0,0.0,0,0.0
1533,29,525.5206015037594,Rent,0,0.0,0,0.0,0,0,0.0,0,0.0
1534,38,24971.498591675812,Mortgage,1,1110.0532290357205,0,0.0,0,0,0.0,0,0.0
1535,68,25073.846507754643,Own,1,1503.8675173644988,1,34867.38635840491,0,0,0.0,1,5.30829269711188
1536,28,525.5206015037594,Rent,0,0.0,0,0.0,0,0,0.0,0,0.0
1537,44,35832.20384887205,Mortgage,1,1148.0467827714165,1,1950.921473052595,0,0,0.0,0,0.0
1538,26,525.5206015037594,Rent,0,0.0,0,0.0,0,0,0.0,0,0.0
1539,59,30375.075472341305,Own,1,1596.5417635357946,1,3294.9480238209444,0,0,0.0,1,0.0
1540,52,13237.289404047842,Rent,1,930.4304359866121,0,0.0,0,0,0.0,0,0.0
1541,31,9574.66341197726,Rent,0,0.0,0,0.0,0,0,0.0,0,0.0
1542,59,30763.103282672942,Own,1,2102.2256688891935,1,1298.31759846675,0,0,0.0,1,0.0
1543,74,91448.4653098056,Own,1,2876.1430383354045,1,95162.98219280856,1,1,4589.262478952214,1,8702.232730284339
1544,52,23307.52203648655,Mortgage,1,1761.8598758989008,1,9669.579300136616,0,0,0.0,1,0.0
1545,59,13614.586281131396,Mortgage,1,1118.1906024034183,1,1261.1551095153775,0,0,0.0,0,0.0
1546,71,11601.67479222178,Rent,1,973.0832260587725,1,2151.6443487428173,0,0,0.0,0,0.0
1547,53,41797.31894673099,Mortgage,1,1606.155698251412,1,2072.3707305482826,0,0,0.0,1,0.0
1548,62,132162.33387345963,Own,1,1650.0513332226246,1,9255.923111608308,1,0,0.0,1,4014.53309874451
1549,42,21531.527886334952,Own,1,1544.333622784726,1,36488.59096774444,0,0,0.0,1,0.0
1550,88,200995.98295304948,Own,1,25270.499023639735,1,92554.94342764838,1,1,4544.87723347592,1,19.231724875987165
1551,32,525.5206015037594,Rent,0,0.0,0,0.0,0,0,0.0,0,0.0
1552,45,32935.08927657928,Mortgage,1,711.2186206810574,1,2685.4279133577907,0,0,0.0,0,0.0
1553,70,48618.761786258794,Mortgage,1,2815.2066546092688,1,8839.184297456213,1,0,0.0,1,5.830719482526548
1554,53,11624.832939618089,Mortgage,1,2397.6356398483786,0,0.0,0,0,0.0,1,0.0
1555,52,14600.338615825583,Rent,1,1646.7970853426364,0,0.0,0,0,0.0,1,8.999505460344828
1556,46,16821.63248585793,Mortgage,1,858.3028756916766,1,1512.304970224457,0,0,0.0,1,3343.279884650322
1557,39,1284.593896277749,Rent,1,331.3032229234942,0,0.0,0,0,0.0,0,0.0
1558,36,25872.456003263746,Rent,1,950.241594492812,1,671.1900266728971,0,0,0.0,0,0.0
1559,64,48845.10868189448,Own,1,2256.6052697805844,1,7797.428024226973,0,0,0.0,1,1.2986104983052509
1560,58,57768.479460757204,Mortgage,1,1604.334461946632,0,0.0,1,0,0.0,1,0.0
1561,61,59022.21930799818,Mortgage,1,2497.2679962598263,1,9078.87785261163,1,0,0.0,1,0.0
1562,29,11398.733910340503,Rent,0,0.0,0,0.0,0,0,0.0,0,0.0
1563,62,86636.55650758195,Own,1,9843.169714382668,1,95883.8088394764,1,1,18039.20825473609,1,0.0
1564,32,4544.343288301339,Rent,1,191.91946398111065,1,0.0,0,0,0.0,0,0.0
1565,38,36498.339409259424,Own,1,2578.4218266332355,1,9189.832397121321,0,0,0.0,1,3401.185055432289
1566,31,525.5206015037594,Rent,0,0.0,0,0.0,0,0,0.0,0,0.0
1567,59,33693.66225134264,Mortgage,1,1341.0158564514843,1,9857.179237120348,0,0,0.0,1,0.0
1568,61,35674.257635343216,Mortgage,1,1085.7013302381476,1,2645.963214667494,1,0,0.0,1,2080.390653711471
1569,56,36691.64643909861,Mortgage,1,2050.9413298872314,1,8843.969805955212,1,0,0.0,1,3868.598457034359
1570,55,39965.55084321514,Mortgage,1,2480.823185150991,1,8294.220383209506,1,0,0.0,1,0.0
1571,29,525.5206015037594,Rent,0,0.0,0,0.0,0,0,0.0,0,0.0
1572,68,41326.99027285641,Own,1,2256.828367058568,1,3138.9015668252723,0,0,0.0,1,0.0
1573,74,46394.838520662925,Own,1,2760.5845540225773,1,36469.6882318503,0,0,0.0,1,0.0
1574,78,43171.7997464615,Own,1,3833.1685287788823,1,41153.40675388277,1,0,0.0,1,5.220769334467827
1575,32,14147.939917175341,Rent,1,688.7712271021671,0,0.0,0,0,0.0,0,0.0
1576,61,32313.184222112002,Own,1,32148.124484819396,1,8917.370836786104,1,0,0.0,1,4.756673935588481
1577,68,94325.19007932728,Mortgage,1,2653.914922458748,1,8786.21195585861,1,0,0.0,1,0.0
1578,65,42663.608029534924,Mortgage,1,1935.633233656273,1,9117.445563191672,1,0,0.0,1,0.0
1579,29,525.5206015037594,Rent,0,0.0,0,0.0,0,0,0.0,0,0.0
1580,62,26107.580332241458,Mortgage,1,1277.6606627392457,1,3181.0781044236596,0,0,0.0,1,0.0
1581,74,39329.718668911824,Own,1,2641.883882421662,1,39427.63834668844,0,0,0.0,1,0.0
1582,63,14774.266574593486,Mortgage,1,893.2793044796871,0,0.0,0,0,0.0,0,0.0
1583,30,3834.127293998112,Mortgage,1,555.8763938918121,0,0.0,0,0,0.0,1,0.0
1584,30,3648.4454842193227,Rent,1,678.0678796394498,1,0.0,0,0,0.0,0,0.0
1585,65,32666.64544787154,Own,1,4948.12174822892,1,8877.999077073162,0,0,0.0,1,0.0
1586,42,42608.63056116187,Mortgage,1,917.2897463309603,1,3054.3697042228255,0,0,0.0,1,0.0
1587,29,645.6768551223722,Rent,1,0.0,1,466.7651428348281,0,0,0.0,0,0.0
1588,87,69083.15416752618,Own,1,3895.364950778921,1,95322.82267995519,1,1,6963.118562701385,1,0.0
1589,44,11459.479949428582,Mortgage,1,1633.0424686371803,1,3178.5442711861842,0,0,0.0,0,0.0
1590,70,33487.965476064026,Own,1,5714.663417508666,1,94107.5927002446,0,1,7110.331563056077,1,0.0
1591,41,30256.522906730628,Rent,1,884.6118786134506,1,2497.6067084065744,0,0,0.0,1,10.456564091770064
1592,87,89227.70342035806,Own,1,4017.609133026997,1,42009.90380093558,1,1,16559.783958412096,1,6919.881292238403
1593,28,525.5206015037594,Rent,1,226.71401301479943,1,0.0,0,0,0.0,0,0.0
1594,59,24220.609001152086,Mortgage,1,1774.1785748387238,1,3918.59611005417,0,0,0.0,1,0.0
1595,28,23220.839484880762,Rent,1,681.4879323289582,1,1574.7833051716275,0,0,0.0,0,0.0
1596,61,33308.947227002645,Mortgage,1,834.3714656992034,0,0.0,1,0,0.0,1,0.0
1597,61,36083.199266156895,Rent,1,1382.443509450969,1,1896.9323899423841,0,0,0.0,0,0.0
1598,73,38100.9839694899,Own,1,3112.317256768283,1,41531.84814709499,0,0,0.0,1,3709.0375046196586
1599,78,21888.78624663623,Rent,1,5043.8182041458185,0,0.0,0,0,0.0,0,0.0
1600,30,9130.781899880927,Rent,1,713.9674321956854,1,1691.4706896783478,0,0,0.0,0,0.0
1601,30,15073.394968953198,Rent,1,772.4725842667856,1,0.0,0,0,0.0,0,0.0
1602,39,10339.535394204971,Mortgage,1,235.18257418943938,0,0.0,0,0,0.0,0,0.0
1603,31,525.5206015037594,Rent,1,0.0,1,253.46622276407925,0,0,0.0,0,0.0
1604,29,17023.3637696644,Rent,1,689.8798359528523,1,2686.0198707325867,0,0,0.0,1,11.36941772535618
1605,44,24904.57248922519,Rent,1,670.1764221578474,1,1969.4154046202261,0,0,0.0,0,0.0
1606,55,44068.54631735048,Mortgage,1,1881.955654915049,1,7496.866644190164,1,0,0.0,1,2438.879954745997
1607,47,26834.880130490685,Mortgage,1,3574.3800780984657,1,8148.726624170482,1,0,0.0,1,0.0
1608,83,72142.60222790686,Own,1,4228.901000525064,1,42010.94770222674,0,0,0.0,1,0.0
1609,27,5702.728278990096,Rent,1,1067.038531846501,1,2184.9363048870146,0,0,0.0,0,0.0
1610,52,32947.39927667274,Mortgage,1,2907.9256975655644,1,8798.252527217031,1,0,0.0,1,0.0
1611,28,6110.5202868693195,Rent,1,666.9357640950939,0,0.0,0,0,0.0,0,0.0
1612,41,8379.543571812435,Mortgage,1,1678.432703684631,1,3547.9915227413276,0,0,0.0,1,0.0
1613,63,70967.24027222463,Own,1,1973.1023666059348,1,8968.122360523304,0,0,0.0,1,0.0
1614,38,38391.11393571015,Own,1,1269.5567934467394,1,35797.179767806956,0,0,0.0,0,0.0
1615,59,43835.89186751004,Own,1,2419.638418893715,1,8159.843403182902,0,0,0.0,1,0.0
1616,57,17905.47056156763,Mortgage,1,1080.668474873687,1,4265.675070633095,0,0,0.0,1,0.0
1617,62,67901.96584025757,Mortgage,1,2285.8528416015592,1,8831.755844116637,1,0,0.0,1,0.0
1618,64,88100.57178780282,Mortgage,1,1319.8994710953957,1,1987.638051131335,0,0,0.0,1,0.0
1619,53,37275.641808581415,Mortgage,1,1465.9574675196852,1,3672.3786296709964,0,0,0.0,1,11.240126172307168
1620,43,35794.29342102641,Mortgage,1,1142.8612570410912,1,2522.800212866161,0,0,0.0,1,0.0
1621,59,42439.88596903717,Mortgage,1,2112.0360803616422,1,9086.323936805265,1,0,0.0,1,12.10940936352915
1622,31,8208.476839523319,Rent,1,728.6786042660138,0,0.0,0,0,0.0,0,0.0
1623,37,9970.473183321115,Rent,1,796.6592679296845,1,230.58495662869245,0,0,0.0,0,0.0
1624,55,26823.85181395944,Mortgage,1,746.8845213772423,1,2245.043056857123,1,0,0.0,1,0.70361904150768
1625,86,111093.22809085753,Own,1,8881.237823133199,1,39086.656225565515,1,1,17109.312873124145,1,0.0
1626,63,31805.884009080633,Mortgage,1,1865.1490997397827,1,4663.445227036676,0,0,0.0,1,0.0
1627,73,59430.07825202377,Own,1,3965.394343925167,1,1919.502046672057,0,0,0.0,0,0.0
1628,30,11292.18559936114,Rent,1,521.6056813055095,0,0.0,0,0,0.0,0,0.0
1629,60,35379.77870847566,Mortgage,1,1326.9714756898104,1,3535.6012060467474,1,0,0.0,1,5518.033824918836
1630,30,2860.9177218785844,Rent,1,591.3751935391566,1,0.0,0,0,0.0,0,0.0
1631,83,56213.30112146231,Own,1,5985.815143813249,1,9336.48516156441,1,1,9136.413122092226,1,8263.16739446574
1632,32,9480.849794615373,Rent,1,1242.9033396909776,1,441.6837091841726,0,0,0.0,0,0.0
1633,31,21501.502320915544,Rent,1,669.5058459000415,1,2901.3074518255194,0,0,0.0,0,0.0
1634,88,93301.81133358531,Own,1,3081.772539570831,1,91058.83920666347,1,1,8077.36174070596,1,9198.277529125311
1635,44,18135.969075006928,Mortgage,1,347.06152117900024,1,2410.792616293538,0,0,0.0,1,0.0
1636,80,106125.08383167043,Own,1,4522.095295098873,1,43100.59470778588,0,1,8332.24359078303,1,0.0
1637,64,27504.56275152364,Mortgage,1,1845.1787765716913,1,8776.891123524683,0,0,0.0,1,0.0
1638,77,116414.62728101824,Own,1,3884.369918997018,1,40520.124664781906,0,1,7456.06467587554,1,0.0
1639,39,47539.25395708001,Mortgage,1,2228.67614207384,1,9394.39907949119,0,0,0.0,1,0.21577695491948126
1640,61,37458.27079565791,Mortgage,1,2419.107401773125,1,8124.737156362881,1,0,0.0,1,7.020836563767539
1641,38,3038.5135325726114,Rent,1,311.4522270897751,0,0.0,0,0,0.0,0,0.0
1642,29,21768.770475875484,Rent,1,482.97801831957156,1,27.15634231456488,0,0,0.0,0,0.0
1643,34,10111.348662635679,Rent,1,386.11502661144806,0,0.0,0,0,0.0,0,0.0
1644,85,74014.76006443796,Own,1,3576.664923978118,1,80997.47840548964,1,1,17437.13578465043,1,0.0
1645,77,67525.49861262439,Own,1,7929.644460562441,1,96758.46639356414,1,1,20356.930266542397,1,12.343399740393151
1646,38,5485.737322798221,Rent,1,452.4985742376166,1,2180.68721589881,0,0,0.0,0,0.0
1647,79,88439.58570215858,Own,1,2483.3386449594136,1,91291.99274466773,0,1,6357.675018828049,1,0.0
1648,91,145788.09994651895,Own,1,7075.147792890704,1,93429.1130259245,1,1,7781.812189332486,1,10893.879149099688
1649,72,136228.35606997367,Own,1,4280.026005110129,1,46052.65519037583,0,0,0.0,1,5498.093422243644
1650,30,525.5206015037594,Rent,0,0.0,0,0.0,0,0,0.0,0,0.0
1651,87,76284.57060049452,Own,1,3460.3330939942057,1,93557.95022944754,1,1,18387.477363339807,1,9212.140308489115
1652,55,22224.973786921866,Mortgage,1,1108.3905817265227,1,2809.0730617508066,1,0,0.0,1,0.0
1653,88,99740.88259870074,Own,1,11073.372760262719,1,91278.35702890139,1,1,6491.3377124663775,1,19.79791234147277
1654,55,12021.656654828792,Mortgage,1,1344.8104620073477,1,2563.9841308815185,0,0,0.0,1,0.0
1655,39,15403.893340550769,Rent,0,0.0,0,0.0,0,0,0.0,0,0.0
1656,49,20209.708175766773,Mortgage,1,1681.026251762476,1,2661.4158174971762,1,0,0.0,1,0.0
1657,87,726269.0480158346,Own,1,27301.078149902904,1,78996.88761105055,1,1,7964.242085677504,1,0.0
1658,30,9646.877585935052,Rent,1,520.5218664737432,1,2955.8306209242,0,0,0.0,0,0.0
1659,59,94842.97701391518,Own,1,3730.6313871273455,1,8396.290336531896,1,1,12229.501788218198,1,4337.660242552234
1660,42,20258.062930049626,Rent,1,112.63191501398194,1,3049.242188291378,0,0,0.0,0,0.0
1661,28,10547.89563232749,Rent,0,0.0,0,0.0,0,0,0.0,0,0.0
1662,53,54340.45848448374,Mortgage,1,1954.0280244000628,1,5844.690489367167,0,0,0.0,1,0.0
1663,82,173793.08572232653,Own,1,4781.180895236801,1,39487.5175341971,0,0,0.0,1,4848.297345141747
1664,31,2690.925909462054,Rent,1,34.95813456309304,1,897.3960381317206,0,0,0.0,0,0.0
1665,30,11185.197099692734,Rent,1,886.8005796837796,1,0.0,0,0,0.0,0,0.0
1666,91,62758.08253948497,Own,1,24164.631139849276,1,92812.89533449014,1,1,12923.743762530972,1,0.0
1667,62,115363.92793689607,Own,1,2124.9629083242276,1,36754.33669873189,0,0,0.0,1,0.0
1668,57,57841.10453398911,Mortgage,1,2087.890423250799,1,3329.390718560425,1,0,0.0,1,2448.4437462829005
1669,26,8416.759841371902,Rent,1,590.6919838569315,1,1787.73795893639,0,0,0.0,0,0.0
1670,61,38817.80698950779,Mortgage,1,2284.8330708681874,1,8799.924020691828,1,0,0.0,1,10.974642443707678
1671,36,10746.213412666846,Rent,1,301.4645224865933,1,732.8490861096111,0,0,0.0,0,0.0
1672,37,525.5206015037594,Rent,1,0.0,0,0.0,0,0,0.0,0,0.0
1673,27,2583.1098782871995,Rent,0,0.0,0,0.0,0,0,0.0,0,0.0
1674,88,150733.75578752568,Own,1,4883.392417400146,1,39385.8427800225,0,1,6938.231501384253,1,0.03773151391062399
1675,32,29015.183697544555,Rent,1,1141.8000780996679,1,2253.017927027457,0,0,0.0,0,0.0
1676,32,12757.302547144209,Rent,1,618.3100090236737,1,934.27121645793,0,0,0.0,0,0.0
1677,59,24817.02235139477,Own,1,910.6608272296698,1,9684.62357909267,0,0,0.0,1,4735.5267688299355
1678,52,7042.392031119474,Rent,1,415.3066001993779,1,2270.6442936287563,0,0,0.0,1,0.0
1679,70,49140.908116188664,Own,1,1760.6203064255549,1,36887.69698533474,0,0,0.0,1,2.714275407232598
1680,59,26694.834309207512,Mortgage,1,840.3000030146559,1,4986.052569495503,0,0,0.0,1,0.0
1681,32,8574.77132047052,Rent,1,125.34187877660872,1,0.0,0,0,0.0,0,0.0
1682,55,35101.969662888856,Mortgage,1,2222.258633186318,1,2761.307394410927,0,0,0.0,1,0.0
1683,85,206044.244914268,Own,1,7393.103194714925,1,91275.34469240972,1,1,8082.387928186585,1,16966.353112461533
1684,61,19135.640612601732,Mortgage,1,1357.2642541354178,1,8969.01362350892,1,0,0.0,1,0.0
1685,56,39736.942096225976,Mortgage,1,2151.8033601579964,1,4212.809547727738,0,0,0.0,1,0.0
1686,49,22723.092294871167,Mortgage,1,1132.233747884604,0,0.0,1,0,0.0,1,3464.1328843868514
1687,86,78971.43247866185,Own,1,6926.007564381776,1,92727.13047828477,1,1,13714.727037896588,1,4.7224161295978355
1688,78,50835.84730050923,Own,1,1607.367005851092,1,33300.39772069859,0,0,0.0,1,0.0
1689,69,81025.33365893445,Mortgage,1,731.3243093062579,1,10084.047535298634,1,0,0.0,1,0.0
1690,59,30542.87007954826,Mortgage,1,1084.960898765206,1,8640.959317122562,1,0,0.0,1,2138.2386129579813
1691,40,2545.7600422389714,Rent,1,606.8402190369136,1,1777.1360451192968,0,0,0.0,0,0.0
1692,65,29695.39616859196,Mortgage,1,1369.6621127098094,1,7497.228523199185,1,0,0.0,1,10.349201940059851
1693,70,105585.00433693298,Own,1,7380.604044804113,1,92254.2632054937,1,1,8091.964511533972,1,5979.71664122061
1694,47,63879.395760801184,Own,1,1001.7894787652457,0,0.0,1,0,0.0,1,0.0
1695,44,21803.207691382948,Rent,1,907.5063153350785,1,3168.495296967727,0,0,0.0,0,0.0
1696,38,15088.667135495183,Rent,1,370.4656565487134,0,0.0,0,0,0.0,0,0.0
1697,41,13235.271388619838,Rent,1,319.9344412283489,1,0.0,0,0,0.0,0,0.0
1698,89,121696.02576912302,Own,1,10490.272409980264,1,91877.81320041935,1,1,8378.26631843424,1,12639.963273464944
1699,41,4043.1634946985305,Rent,1,105.29613611967648,0,0.0,0,0,0.0,0,0.0
1700,35,7447.593268794755,Rent,1,435.7699403310937,0,0.0,0,0,0.0,0,0.0
1701,67,56640.9842038465,Mortgage,1,1724.9110886396604,1,9699.763069402248,0,0,0.0,1,3301.81268272389
1702,76,37804.73349949211,Own,1,2757.481965003777,1,37364.32624820048,0,0,0.0,1,0.0
1703,28,17041.08737126089,Rent,1,500.758314623315,1,911.6386070640685,0,0,0.0,0,0.0
1704,87,584608.8681326172,Own,1,11066.66980639447,1,93145.59539193928,1,1,18463.091586967967,1,0.0
1705,73,44494.57556561471,Mortgage,1,25478.50834484367,1,7717.49632274387,1,0,0.0,1,3680.69923533317
1706,36,34953.291027858264,Own,1,2808.4675461823076,1,38690.16278020934,0,0,0.0,1,0.0
1707,38,10493.790751350109,Rent,1,909.8097305359545,1,936.4011272983139,0,0,0.0,0,0.0
1708,40,4898.736995100018,Rent,0,0.0,0,0.0,0,0,0.0,0,0.0
1709,89,136443.84128866188,Own,1,33766.702816659745,1,96120.87967298343,1,1,15317.773410016267,1,10193.497341838336
1710,49,30244.897736761588,Mortgage,1,1002.3391157390107,1,2891.376289678391,0,0,0.0,1,0.0
1711,34,525.5206015037594,Rent,1,395.58255919912204,0,0.0,0,0,0.0,0,0.0
1712,36,34162.10030354255,Rent,1,2174.93935853359,1,2306.217963560015,0,0,0.0,1,0.0
1713,89,82895.78063058715,Own,1,4151.270008211349,1,91949.7754054974,1,1,4247.389382691067,1,8926.240885640449
1714,56,32352.800675229213,Mortgage,1,1184.8530753544574,1,9665.546410202061,0,0,0.0,1,0.0
1715,59,29289.045937506686,Mortgage,1,2075.678866103187,1,9392.439154411064,1,0,0.0,1,0.0
1716,41,14147.286602828144,Rent,1,554.630841675608,1,1461.1932929086847,0,0,0.0,0,0.0
1717,31,525.5206015037594,Rent,0,0.0,0,0.0,0,0,0.0,0,0.0
1718,35,10151.353568190912,Rent,1,476.73675203396743,1,1056.5615260306538,0,0,0.0,0,0.0
1719,64,20567.06906859229,Mortgage,1,2279.002817854904,1,8892.713759422182,0,0,0.0,1,0.0
1720,36,10470.238914314661,Rent,1,881.828079548776,1,8085.925948752224,0,0,0.0,0,0.0
1721,28,2457.191522818306,Rent,1,267.7420561922859,1,0.0,0,0,0.0,0,0.0
1722,30,12560.573917659165,Rent,1,782.01773484098,1,2134.1077837919092,0,0,0.0,0,0.0
1723,87,109633.8536237526,Own,1,6802.2664174254,1,43879.490250643146,1,1,15534.428733237724,1,3.9281434158550184
1724,42,15940.66555460785,Mortgage,1,1615.1994041615849,1,3233.5110059523304,0,0,0.0,1,0.0
1725,29,11709.400852338458,Rent,1,287.6852538603639,1,760.8394316684885,0,0,0.0,0,0.0
1726,52,35802.130694536754,Mortgage,1,1209.230678873406,1,4576.057732260312,0,0,0.0,0,0.0
1727,38,17310.118394825124,Rent,1,717.5504338963011,1,2415.454447313562,0,0,0.0,0,0.0
1728,67,101935.12257262532,Own,1,3656.5018845739455,1,45259.53652589352,0,1,6364.961721203952,1,6.769731802048999
1729,91,228930.4197266347,Own,1,10884.708228216099,1,39972.99401699048,1,1,13714.616940620463,1,0.0
1730,63,37506.653015857824,Mortgage,1,1903.6763588227914,1,8086.269620012363,0,0,0.0,1,0.0
1731,67,36625.284052636234,Mortgage,1,1389.7731670125168,1,9865.007557597795,0,0,0.0,1,0.0
1732,67,46724.25671143405,Own,1,2141.2921808824944,1,34142.07226781749,0,0,0.0,0,0.0
1733,42,4819.543681742583,Rent,1,499.1560402524358,0,0.0,0,0,0.0,0,0.0
1734,54,35867.04626254251,Mortgage,1,2336.354904606837,1,7703.246989046276,1,0,0.0,1,2564.033869082553
1735,41,8060.267979251963,Rent,0,0.0,0,0.0,0,0,0.0,0,0.0
1736,63,39696.28584440421,Mortgage,1,2445.217847562924,1,8908.762396456837,1,0,0.0,1,0.0
1737,47,20984.130943673215,Rent,1,756.0839224605585,1,2954.325918895296,0,0,0.0,0,0.0
1738,28,11459.58796406732,Rent,1,784.6547885712854,1,2150.2231671806126,0,0,0.0,0,0.0
1739,63,16468.096099404855,Mortgage,1,1244.567327410133,1,9277.719904934718,1,0,0.0,1,0.0
1740,30,525.5206015037594,Rent,0,0.0,0,0.0,0,0,0.0,0,0.0
1741,65,107946.05050193051,Own,1,1889.6574403406823,1,38573.37107705852,0,0,0.0,1,0.0
1742,73,97687.89041452743,Own,1,7785.612646523092,1,92109.71242483103,1,1,12659.075600102928,1,6379.038141751585
1743,61,79848.35439537992,Mortgage,1,2930.745925441879,1,9132.167666146683,1,0,0.0,1,0.0
1744,33,15730.311694246768,Rent,1,953.4967602365223,1,2235.122150372992,0,0,0.0,0,0.0
1745,88,763918.215475745,Own,1,5542.727114205833,1,91898.13116933,1,1,17945.792117082176,1,9426.970366336143
1746,35,4970.786243480385,Rent,1,483.7484060182577,1,0.0,0,0,0.0,0,0.0
1747,91,87805.50315725003,Own,1,12003.462026599665,1,94862.85406702154,1,1,16125.321770240998,1,6.092338882550241
1748,57,35866.21303554761,Mortgage,1,1814.8647224077808,1,4423.569733238012,0,0,0.0,1,0.0
1749,44,29347.138311304076,Rent,1,791.0700464662925,1,33258.44328702181,0,0,0.0,0,0.0
1750,58,43656.96075898319,Own,1,1949.2167609541036,1,3645.9613345145863,0,0,0.0,1,0.0
1751,30,4460.662140921564,Rent,1,13.773403733129157,1,0.0,0,0,0.0,0,0.0
1752,91,66023.88990172437,Own,1,7221.916705581613,1,95965.73394044451,1,1,17417.44425093517,1,0.0
1753,43,25754.812040934237,Mortgage,1,1275.7716197591244,1,4568.898142776411,0,0,0.0,1,0.0
1754,88,106852.86310245199,Own,1,3959.717648866836,1,89181.62276629511,0,1,6198.003953901294,1,6792.972141659039
1755,90,97658.14282433447,Own,1,4116.465848025163,1,93278.16063707217,1,1,4863.825626434511,1,0.0
1756,29,525.5206015037594,Rent,0,0.0,0,0.0,0,0,0.0,0,0.0
1757,68,34901.96170806471,Mortgage,1,1650.344011180797,1,9567.352526254848,0,0,0.0,1,2479.9630777233865
1758,86,126296.27104546358,Own,1,2484.807692402668,1,40857.76100336923,0,0,0.0,1,0.0
1759,65,39890.87067948299,Own,1,1969.6834557085097,1,7970.971705516876,0,0,0.0,1,4722.425825229177
1760,57,14866.42062833253,Mortgage,1,1403.1935205275972,1,3853.010194323083,0,0,0.0,1,2491.6839088854194
1761,90,49135.30037932936,Mortgage,1,8187.098211056766,1,91517.84201385664,1,1,12897.948763913184,1,3291.512749739838
1762,28,525.5206015037594,Rent,0,0.0,0,0.0,0,0,0.0,0,0.0
1763,75,95202.34005139256,Own,1,3504.461836950682,1,44707.54001697024,0,1,9382.02564607725,1,2494.336544757892
1764,73,80128.79088013347,Own,1,4707.433975652797,1,94547.69549867258,1,1,30873.512416733956,1,8.58782906032362
1765,42,525.5206015037594,Rent,1,1453.6698487244032,1,490.06986043889856,0,0,0.0,0,0.0
1766,76,48624.089987555606,Mortgage,1,2600.928440452023,1,8220.356161155767,1,0,0.0,1,0.0
1767,66,35170.973595294636,Mortgage,1,1549.1829908695247,1,8198.946883095918,1,0,0.0,1,0.0
1768,30,41972.69342930018,Rent,1,1220.4485817734203,1,1107.959962158609,0,0,0.0,0,0.0
1769,30,13609.543854013064,Rent,1,663.8741460366555,1,1713.966081577733,0,0,0.0,0,0.0
1770,28,989.4247320430113,Rent,0,0.0,0,0.0,0,0,0.0,0,0.0
1771,38,14034.89766158485,Rent,1,477.9504473343257,1,1486.0835991277122,0,0,0.0,0,0.0
1772,70,43429.83933958576,Mortgage,1,1734.4124402947666,1,8983.572947292289,1,1,18.857305569741143,1,0.0
1773,46,20618.46277341353,Mortgage,1,980.1966974583844,1,2328.522911004516,0,0,0.0,0,0.0
1774,30,7684.52686320624,Mortgage,1,1019.6397942811197,1,1234.731820852197,0,0,0.0,0,0.0
1775,72,85704.29176443367,Own,1,6958.984987369637,1,82619.65006585208,1,1,11566.84385931534,1,0.0
1776,53,42795.06112088733,Mortgage,1,1927.3894746861968,1,3317.4334830866815,0,0,0.0,1,0.0
1777,74,92947.60417165079,Own,1,3843.495471809011,1,43655.77964707303,1,0,0.0,1,0.0
1778,37,7826.246715019313,Rent,1,961.2233511172475,0,0.0,0,0,0.0,0,0.0
1779,61,29915.572625733163,Mortgage,1,1608.9348933260956,0,0.0,0,0,0.0,1,0.0
1780,88,64432.83449578418,Own,1,3094.858848700734,1,43016.440306674114,1,1,7516.077892772263,1,10.77917219871777
1781,46,8455.057418766464,Rent,1,1130.0665292474173,0,0.0,0,0,0.0,0,0.0
1782,36,18642.15957746559,Rent,1,298.4756463561274,1,1112.4476731910881,0,0,0.0,0,0.0
1783,33,15164.676920629216,Rent,1,384.33420137417295,1,1770.2274155804703,0,0,0.0,0,0.0
1784,74,36606.153307801316,Mortgage,1,3679.9557695990543,1,6548.492651796809,1,0,0.0,1,15.551883821991062
1785,78,48056.52584785303,Own,1,4067.754587912393,1,37520.99770331726,0,0,0.0,1,3556.698257957197
1786,46,21545.564322527283,Mortgage,1,1186.5110534681974,1,4197.826721682093,0,0,0.0,1,0.0
1787,33,11557.250619200951,Rent,1,462.77868644030923,1,479.81919857608,0,0,0.0,0,0.0
1788,56,24609.9240063465,Mortgage,1,1279.771009303487,0,0.0,1,0,0.0,1,2371.8167293263946
1789,53,33002.85321739092,Mortgage,1,2543.4324131729545,1,515.119410687206,1,0,0.0,1,5257.638001005924
1790,66,13481.90682334455,Rent,1,586.10293307042,1,5129.76762369397,0,0,0.0,0,0.0
1791,35,2082.017193264017,Rent,0,0.0,0,0.0,0,0,0.0,0,0.0
1792,62,29000.729801535497,Own,1,1478.1134403435908,1,8967.453636690685,0,0,0.0,1,0.0
1793,49,24747.212697018836,Mortgage,0,0.0,0,0.0,0,0,0.0,1,8.574777752385929
1794,67,38104.747983646186,Mortgage,1,2689.935759727481,1,537.5923621920522,1,0,0.0,1,0.0
1795,63,33680.80052477408,Mortgage,1,773.2602633854797,1,8798.704646800912,1,0,0.0,1,5066.537881147319
1796,59,80718.3723814411,Own,1,936.8783039808029,0,0.0,0,0,0.0,1,0.0
1797,32,525.5206015037594,Rent,0,0.0,0,0.0,0,0,0.0,0,0.0
1798,32,4423.811727396527,Rent,1,0.0,0,0.0,0,0,0.0,0,0.0
1799,90,499327.90146477765,Own,1,3432.0126084042313,1,94860.5851977244,1,1,12744.067865409297,1,10.300764416154855
1800,40,27315.982376337553,Rent,1,582.3006121666972,1,1898.9239059810977,0,0,0.0,0,0.0
1801,33,525.5206015037594,Rent,0,0.0,0,0.0,0,0,0.0,0,0.0
1802,55,16750.20847311471,Mortgage,1,1549.4902562821903,0,0.0,1,0,0.0,1,0.0
1803,72,113826.79934718263,Own,1,4537.722335057091,1,8463.471303204515,1,0,0.0,1,0.0
1804,39,20779.556734783182,Rent,1,838.2235482580003,1,3877.5384652425096,0,0,0.0,0,0.0
1805,69,39397.34759516485,Own,1,1633.4744961508347,1,37250.249702273824,0,0,0.0,1,4769.548158958402
1806,32,525.5206015037594,Rent,0,0.0,0,0.0,0,0,0.0,0,0.0
1807,55,15430.922842446826,Mortgage,1,899.2996262093347,1,4722.816808919402,0,0,0.0,0,0.0
1808,46,33917.75442055001,Own,1,2150.989777077356,1,35957.2676678591,0,0,0.0,1,0.0
1809,64,63120.54262024725,Mortgage,1,1915.3599282271211,1,8787.805766099244,1,0,0.0,1,0.0
1810,63,61050.806401902286,Mortgage,1,2637.0826466034987,1,7884.220190536041,1,0,0.0,1,0.0
1811,68,31698.39813498284,Mortgage,1,2291.5700260095364,1,8558.696375763786,1,0,0.0,1,0.0
1812,27,10310.544497457668,Rent,1,784.4308371125578,1,2524.7222694459583,0,0,0.0,0,0.0
1813,45,26013.2254496338,Mortgage,1,1406.3644952809218,1,2799.401297688913,0,0,0.0,1,0.0
1814,48,40150.53376799502,Mortgage,1,2551.1060475557997,1,3109.2829131298663,0,0,0.0,1,0.0
1815,72,71297.04029612166,Own,1,2455.328072390967,1,37933.30560938338,0,0,0.0,1,2349.0392328018997
1816,58,49820.93834785467,Mortgage,1,1109.1407263942679,1,2392.5885129977933,0,0,0.0,1,0.0
1817,30,12287.647348508097,Mortgage,1,345.8139003318971,1,2735.373058032855,0,0,0.0,0,0.0
1818,58,48763.65102011792,Own,1,2103.9371931809455,1,35583.94863212551,0,0,0.0,1,0.0
1819,45,6271.404539670253,Rent,0,0.0,1,0.0,0,0,0.0,0,0.0
1820,40,12359.745958416916,Rent,1,583.3167827680636,0,0.0,0,0,0.0,0,0.0
1821,89,83897.44560500063,Own,1,12647.508487070438,1,94108.50987320839,1,1,21157.91147100831,1,6871.314443738404
1822,78,109134.64304165306,Own,1,6239.452025147085,1,93084.78410607004,1,1,16007.846392675638,1,0.0
1823,38,3711.4087270208183,Rent,0,0.0,0,0.0,0,0,0.0,0,0.0
1824,29,525.5206015037594,Rent,0,0.0,0,0.0,0,0,0.0,0,0.0
1825,87,179256.6501149208,Own,1,3759.8669825324314,1,74228.30715810513,1,1,38221.56129525324,1,14.169314266540693
1826,68,40873.10405387975,Mortgage,1,785.9713391551327,1,8007.744403909007,1,0,0.0,1,0.0
1827,91,164426.6498633742,Own,1,25434.870940777364,1,95521.48664658026,1,1,20491.974368060666,1,0.0
1828,74,28926.40725997265,Own,1,2968.637906488982,1,35507.3004480768,0,0,0.0,1,0.0
1829,30,525.5206015037594,Rent,0,0.0,0,0.0,0,0,0.0,0,0.0
1830,85,95096.18380349812,Own,1,10072.900259171392,1,92791.8438177325,1,1,4500.2693289948775,1,14727.478297265867
1831,52,29734.7611431061,Own,1,1814.8959839951617,1,9368.304277497813,0,0,0.0,1,0.0
1832,88,102178.59237144902,Own,1,4251.670079870091,1,33996.75291819149,0,0,0.0,1,0.0
1833,52,53314.50252649119,Mortgage,1,3981.6382489210937,1,8846.28618881357,0,0,0.0,1,0.3310378356653859
1834,66,36464.252015331556,Mortgage,1,1192.197453842929,1,8952.972897045718,1,0,0.0,1,0.0
1835,46,50618.20937203669,Mortgage,1,1540.8266266919625,1,4410.749462262818,0,0,0.0,1,0.0
1836,32,2469.5575504187473,Rent,1,560.274510046339,1,1351.8112684815392,0,0,0.0,0,0.0
1837,29,525.5206015037594,Rent,0,0.0,0,0.0,0,0,0.0,0,0.0
1838,29,20165.519835165018,Rent,0,0.0,0,0.0,0,0,0.0,0,0.0
1839,53,76444.79756566121,Mortgage,1,2343.296675209105,1,9118.522001512267,1,0,0.0,1,2779.713047863577
1840,59,16822.586144976052,Mortgage,1,448.29047660710495,0,0.0,0,0,0.0,1,0.0
1841,58,31270.11847326047,Mortgage,1,1649.2678637496979,1,4179.863921604265,0,0,0.0,1,0.0
1842,30,18146.68630924022,Rent,1,1090.5143035739643,1,787.2069872206418,0,0,0.0,0,0.0
1843,88,64280.96240964386,Own,1,10359.730858944957,1,83474.57184601293,1,1,20690.838650030804,1,0.0
1844,69,38579.546118148,Mortgage,1,1514.283149868601,1,8164.827142225714,1,0,0.0,1,0.0
1845,67,879287.5174745145,Mortgage,1,1528.144925999935,1,8080.117171088218,1,0,0.0,1,7.696884803054536
1846,41,894.875918269081,Rent,1,70.57174322533626,1,0.0,0,0,0.0,0,0.0
1847,50,20615.570146447393,Mortgage,1,1152.5321064942746,0,0.0,1,0,0.0,1,0.0
1848,55,38981.25052698831,Mortgage,1,466.9579495997224,1,10043.156092378264,1,0,0.0,1,0.0
1849,68,82351.46292038263,Own,1,1810.0565827728126,1,34341.179394109444,0,0,0.0,1,12.815265348344262
1850,89,60801.12188427262,Own,1,9143.968044029996,1,93510.88207862039,1,1,4475.590141961201,1,5821.956970530298
1851,65,31496.059920635475,Mortgage,1,1972.9539798944525,1,7777.7091586309925,1,0,0.0,1,0.0
1852,67,35829.63432964699,Own,1,1626.370996910543,1,759.8805037438901,0,0,0.0,1,0.0
1853,44,525.5206015037594,Rent,1,0.0,1,0.0,0,0,0.0,0,0.0
1854,55,41357.203630739146,Mortgage,1,2162.4823268261375,1,3393.185541325745,1,0,0.0,1,0.0
1855,48,29884.4084664437,Rent,1,200.1798617835634,0,0.0,0,0,0.0,0,0.0
1856,90,188763.00981429566,Own,1,30448.921900874586,1,94863.3079376551,1,1,14825.538301989454,1,9265.208473200575
1857,91,688262.9631345483,Own,1,31073.428617981892,1,93915.61282396008,1,1,11931.855047947225,1,8246.92259221922
1858,38,35068.83633632359,Mortgage,1,642.5879340851569,1,2478.7641804846367,0,0,0.0,1,6.803984601784202
1859,40,6697.414181054515,Rent,1,259.4655230688203,0,0.0,0,0,0.0,0,0.0
1860,49,26046.885016354525,Mortgage,1,561.3298664273078,1,2994.397014066711,0,0,0.0,1,0.0
1861,37,32328.485939856317,Rent,1,690.8836982003693,1,3707.7193080673565,0,0,0.0,0,0.0
1862,30,17563.48387494606,Rent,1,954.0191560302467,0,0.0,0,0,0.0,0,0.0
1863,42,38145.550386993775,Mortgage,1,0.0,1,2887.6639678522984,0,0,0.0,1,5.618545365628357
1864,36,3981.8135027917106,Rent,0,0.0,0,0.0,0,0,0.0,0,0.0
1865,69,44530.149990081,Own,1,2258.8411402296565,1,0.0,0,0,0.0,1,0.0
1866,37,27075.759073735975,Mortgage,1,194.95000824825786,1,3043.466983354755,0,0,0.0,0,0.0
1867,89,496416.64968260855,Own,1,24762.77082224339,1,93366.95518862738,1,1,24260.77004944617,1,6650.539581773468
1868,59,31591.68996662992,Mortgage,1,731.6582786939448,1,5460.431105915004,0,0,0.0,1,0.0
1869,43,26585.312788500007,Rent,1,0.0,1,242.22802657888974,0,0,0.0,0,0.0
1870,27,15195.499987398813,Rent,1,222.1105409157343,1,2130.976759578401,0,0,0.0,0,0.0
1871,37,831.2587803965253,Rent,1,724.8312655484442,1,771.8830728179607,0,0,0.0,0,0.0
1872,80,64233.17929317395,Own,1,2365.819536061823,1,35731.83666971538,0,0,0.0,1,0.0
1873,34,6830.5247561627,Rent,0,0.0,0,0.0,0,0,0.0,0,0.0
1874,54,22794.745199017747,Mortgage,1,1105.7162113723916,1,2512.0345715393214,0,0,0.0,1,2505.8447997491385
1875,38,13363.30996691683,Rent,1,1368.2324577268796,1,1163.250427206629,0,0,0.0,0,0.0
1876,34,8187.13175317173,Rent,1,502.9580967213931,1,978.082959855102,0,0,0.0,0,0.0
1877,38,7109.30071185417,Rent,0,0.0,1,0.0,0,0,0.0,0,0.0
1878,76,85050.650303691,Own,1,25043.88845419652,1,94011.02237442484,1,1,4982.886103661544,1,0.0
1879,90,104095.2649265652,Own,1,31669.08939014861,1,90027.86667284368,1,1,11787.789785234867,1,7937.454542291565
1880,39,2824.8838061065744,Rent,1,210.8956062557403,0,0.0,0,0,0.0,0,0.0
1881,76,54416.930841507216,Own,1,2788.5509209040347,1,34520.306711945144,0,0,0.0,1,3090.0991983702756
1882,88,669592.9102395403,Own,1,31756.804567750114,1,96758.46639356414,1,1,18535.86439221041,1,14001.997677828036
1883,30,32653.998761818042,Rent,1,628.5151119584135,1,0.0,0,0,0.0,0,0.0
1884,72,109075.1671159373,Own,1,7999.355338919712,1,37555.60604758497,0,0,0.0,1,0.0
1885,30,3070.9736736844934,Rent,0,0.0,0,0.0,0,0,0.0,0,0.0
1886,30,33825.750089513574,Rent,1,584.1689109391332,1,1099.202874096255,0,0,0.0,0,0.0
1887,91,100712.84366624127,Own,1,26651.6074214913,1,91779.00125704648,1,1,18347.914696238884,1,0.0
1888,43,26930.82432379614,Mortgage,1,953.1238728385395,1,3544.432237048484,0,0,0.0,1,3848.477178162837
1889,37,7234.480386567833,Rent,1,246.53226537657326,0,0.0,0,0,0.0,0,0.0
1890,79,111640.67862341915,Own,1,4888.972618056574,1,72252.65288162006,1,1,9902.051823682585,1,8530.721071069143
1891,90,126511.8778402753,Own,1,11240.802073561312,1,90900.32392015397,1,1,4788.239608138336,1,0.0
1892,43,29249.11431964667,Mortgage,1,1089.2238594423482,1,3449.058261036988,0,0,0.0,1,0.0
1893,32,14771.210805620201,Rent,1,89.75451217491366,1,160.90024851902217,0,0,0.0,0,0.0
1894,59,40085.79599046269,Mortgage,1,1862.8434137546158,1,9102.75671466691,0,0,0.0,1,0.0
1895,38,13287.531019518807,Rent,1,1011.803796571231,1,2139.5002281311886,0,0,0.0,0,0.0
1896,59,51945.666593524664,Mortgage,1,1729.7778835604713,1,8716.761668695917,1,0,0.0,1,0.0
1897,33,2578.899630271935,Rent,1,1263.3885590348452,1,1165.6577113339172,0,0,0.0,0,0.0
1898,69,49603.050671640034,Mortgage,1,2563.8889220419874,1,7759.251622194508,1,0,0.0,1,8.49845688754478
1899,37,18053.77524127657,Rent,1,1607.229976665684,1,1816.571114956189,0,0,0.0,0,0.0
1900,49,29998.372772281862,Mortgage,1,1623.5289132295848,1,3918.21830210021,0,0,0.0,1,0.0
1901,53,9923.843960647248,Rent,1,556.3757613908492,1,1318.9271490520387,0,0,0.0,0,0.0
1902,32,525.5206015037594,Rent,1,0.0,0,0.0,0,0,0.0,0,0.0
1903,75,50746.61532654935,Own,1,2680.867753296786,1,40968.526453732564,0,0,0.0,1,8.013664126790944
1904,53,32266.3433725183,Mortgage,1,909.224660531234,1,4164.89268363121,0,0,0.0,1,0.0
1905,55,44886.56375570016,Mortgage,1,2629.1773862427926,1,2565.802676543063,1,0,0.0,1,4158.302939255633
1906,36,7609.510696603807,Rent,0,0.0,0,0.0,0,0,0.0,0,0.0
1907,31,41494.17128860166,Rent,1,1425.4694070304665,1,736.7156396637447,0,0,0.0,0,0.0
1908,75,22992.350935963826,Mortgage,1,36.12614267245169,0,0.0,0,0,0.0,1,0.0
1909,31,5349.715533540424,Rent,1,30.170790728969905,1,1918.0112319364948,0,0,0.0,0,0.0
1910,57,27208.230306473517,Own,1,2471.679236686296,1,3430.3656882924925,0,0,0.0,1,3859.9202250317585
1911,44,18549.16318542004,Mortgage,1,1030.7240710356505,1,3605.3865105280192,0,0,0.0,1,0.0
1912,89,461716.54919466237,Own,1,33406.16374841772,1,96246.73828998995,1,1,8213.336768128205,1,30.414672250137674
1913,54,29306.268139371903,Mortgage,1,1622.4275076387223,1,3310.048386031429,1,0,0.0,1,0.0
1914,60,78479.72385754704,Mortgage,1,2525.228409939884,1,8093.583065813105,1,0,0.0,1,0.0
1915,48,34182.907887086374,Mortgage,1,1471.0316111945167,1,2753.924090747861,0,0,0.0,1,0.0
1916,53,23479.86489550644,Mortgage,1,2127.6873423902916,1,10133.945744665729,0,0,0.0,1,0.0
1917,69,38394.35335570258,Rent,1,1502.200156538449,1,1779.4775615387186,0,0,0.0,1,0.0
1918,88,118458.10091970742,Own,1,7511.0090883319735,1,77277.50786898771,1,1,8385.63524582352,1,8.989464914430048
1919,47,10504.290819538244,Rent,1,398.83010284758245,0,0.0,0,0,0.0,0,0.0
1920,45,20013.443006385674,Mortgage,1,1480.9973653194925,1,2702.092853513783,0,0,0.0,1,0.0
1921,50,15929.770158649178,Rent,1,790.6766174463024,1,2241.2090832610443,0,0,0.0,0,0.0
1922,43,21665.94083016036,Mortgage,1,689.5149442381902,1,3612.980928640529,0,0,0.0,0,0.0
1923,45,14650.002991775558,Rent,1,773.2092311179143,1,1647.3088209450693,0,0,0.0,0,0.0
1924,40,16231.82569164626,Rent,1,888.31933247354,1,3237.8873427315857,0,0,0.0,0,0.0
1925,42,34702.000497234156,Mortgage,1,2447.3210587297426,1,9233.244696552203,1,0,0.0,1,3299.094354782517
1926,69,42288.9653311493,Mortgage,1,4422.41643948994,1,9366.153613603885,0,1,0.0,1,0.0
1927,76,29535.118820460404,Own,1,2361.4780056113136,1,34185.990038058415,0,0,0.0,0,0.0
1928,78,658441.5819940347,Own,1,7395.747029407801,1,96758.46639356414,1,1,4575.693453086255,1,0.0
1929,54,40331.333411531996,Mortgage,1,2004.9489752720026,1,3597.9199290893175,1,0,0.0,1,2.8966330176556494
1930,57,42146.31246058174,Mortgage,1,1709.2871015621045,1,9691.237038103078,1,0,0.0,1,0.0
1931,67,37944.323822380415,Mortgage,1,1438.0459321227204,1,2811.6986338962843,1,0,0.0,1,17.359561560813937
1932,56,94482.88492460834,Own,1,1012.189108628054,1,4177.737611337321,0,0,0.0,1,0.0
1933,43,24026.6004693825,Rent,1,418.5785241405774,1,0.0,0,0,0.0,0,0.0
1934,58,25755.026109988194,Mortgage,1,1779.7272065932432,1,3178.732807287844,0,0,0.0,1,0.0
1935,46,3978.4348513499463,Mortgage,1,534.1451603301822,1,2395.5079945319926,0,0,0.0,0,0.0
1936,55,4471.75512817502,Mortgage,1,898.0731811240692,0,0.0,0,0,0.0,1,0.0
1937,29,525.5206015037594,Rent,0,0.0,0,0.0,0,0,0.0,0,0.0
1938,37,525.5206015037594,Rent,0,0.0,0,0.0,0,0,0.0,0,0.0
1939,53,35917.118469300054,Mortgage,1,1158.6869882996773,1,3449.62745612634,0,0,0.0,1,0.0
1940,82,140895.9659052749,Own,1,4307.015918494236,1,44064.05432152623,0,0,0.0,1,7.059045807178675
1941,47,13305.680742778608,Mortgage,1,528.8307884467145,1,8422.748250350623,0,0,0.0,1,0.0
1942,36,8406.834109085437,Rent,1,660.4488183383544,1,2532.992060662145,0,0,0.0,0,0.0
1943,28,6488.559166199719,Rent,1,980.5697159372928,1,2160.1663082678583,0,0,0.0,0,0.0
1944,71,96993.41384622117,Own,1,4530.145724755539,1,8560.938441924885,0,0,0.0,1,3800.1587324367947
1945,55,13076.763971341217,Mortgage,1,2189.8663777238803,0,0.0,0,0,0.0,1,0.3358148046082872
1946,79,100884.90434111567,Own,1,3990.9582652530216,1,82332.36971701996,1,1,12728.349445438333,1,0.0
1947,76,122014.75357564131,Own,1,2959.7665131238896,1,42413.03256276922,0,0,0.0,1,5113.6976768951145
1948,57,62674.0666021966,Own,1,1618.2321895034397,1,37326.83999527845,0,0,0.0,1,0.3919417491378494
1949,86,663248.3663996849,Own,1,28372.301854397247,1,91327.7650570379,1,1,9630.413783298802,1,17446.58390880246
1950,63,21038.490204710062,Mortgage,1,1558.6951722846238,0,0.0,1,0,0.0,1,0.0
1951,90,112847.20251272683,Own,1,6556.3183841749815,1,93599.71292047146,1,1,10718.50100001225,1,9642.668936026139
1952,30,8370.36929620621,Own,1,2162.426742502431,1,34470.97290175991,0,0,0.0,1,0.0
1953,30,22360.45956805303,Rent,1,1844.2662323204938,1,840.6831714826942,0,0,0.0,1,0.0
1954,49,46202.07445598945,Mortgage,1,2898.463653928211,1,2872.445195773089,1,0,0.0,1,0.939231632869517
1955,37,2959.1678747101832,Rent,0,0.0,0,0.0,0,0,0.0,0,0.0
1956,75,30076.1384478354,Own,1,3142.061674266098,1,37651.063571718696,0,0,0.0,1,0.0
1957,84,494877.53177991003,Own,1,5456.4110348382665,0,0.0,1,1,7492.600877252788,1,9568.26452571534
1958,48,19978.796308111436,Mortgage,1,2294.9873324980736,1,4757.853070488205,0,0,0.0,1,0.0
1959,26,525.5206015037594,Rent,0,0.0,0,0.0,0,0,0.0,0,0.0
1960,44,39710.5303109922,Mortgage,1,1671.443729684031,1,2945.1408998665897,0,0,0.0,1,3863.7372620347737
1961,72,89697.35283248032,Own,1,7568.413382090179,1,41897.75415727262,1,1,7072.523814402819,1,0.0
1962,82,30445.759943171637,Own,1,11614.80551849963,1,8888.594113989702,1,1,24637.57150787302,1,5860.2371699668
1963,64,67016.60643228087,Own,1,3269.5205344379965,1,38895.23005655984,0,0,0.0,1,2538.624052143596
1964,66,20881.093176304254,Mortgage,1,1646.8852644995382,1,2395.704669875114,0,0,0.0,1,0.0
1965,46,49673.151148733865,Mortgage,1,1323.363369675641,1,5599.685893915061,0,0,0.0,1,0.0
1966,68,41368.56752423747,Own,1,2137.7447906101825,1,36985.10824858489,0,0,0.0,1,0.0
1967,91,136926.05372088208,Own,1,26963.24733351064,1,96194.57703807419,1,1,7857.813797009201,1,10.134850102044323
1968,80,12276.386985316072,Mortgage,1,1392.4397368054022,0,0.0,0,0,0.0,1,0.0
1969,52,27467.095705622574,Mortgage,1,2183.3051897983237,1,1645.080462176698,1,0,0.0,1,0.0
1970,62,51102.463640481954,Mortgage,1,1896.866174165147,1,8059.468698757675,1,0,0.0,1,2387.953038199795
1971,40,13694.632966401528,Rent,1,254.52054956018753,0,0.0,0,0,0.0,0,0.0
1972,32,3431.9597577892782,Rent,1,1032.22317318849,0,0.0,0,0,0.0,1,0.0
1973,39,525.5206015037594,Rent,1,0.0,1,2655.5315597799645,0,0,0.0,0,0.0
1974,91,60738.45318415857,Own,1,27911.273600780984,1,96475.113605706,1,1,5317.7910670765195,1,0.0
1975,69,50977.5494341279,Mortgage,1,2352.6368536289046,1,7548.860261991039,1,0,0.0,1,0.0
1976,87,89094.43309602188,Own,1,6854.047779341679,1,93908.11186174117,1,1,5568.868869203868,1,0.0
1977,33,11848.436598451317,Rent,1,802.3495395993846,1,1213.6099834300248,0,0,0.0,0,0.0
1978,29,20348.732508410874,Rent,1,596.4523230103703,1,1228.8451719454033,0,0,0.0,0,0.0
1979,89,73406.18995749831,Own,1,3036.9913150879606,1,92626.6906732073,1,1,8893.985395450833,1,0.0
1980,48,25394.65871485068,Mortgage,1,1442.0931198211538,1,2342.9282877583096,0,0,0.0,1,0.0
1981,29,24272.121808297394,Rent,1,488.2377783473038,0,0.0,0,0,0.0,0,0.0
1982,37,525.5206015037594,Rent,0,0.0,0,0.0,0,0,0.0,0,0.0
1983,35,1801.954979631908,Rent,0,0.0,0,0.0,0,0,0.0,0,0.0
1984,78,39944.32825363653,Mortgage,1,586.8336917114538,1,8651.829082416758,0,0,0.0,1,0.0
1985,57,34430.17606065195,Mortgage,1,1697.417980158831,1,10287.695516616863,1,0,0.0,1,0.0
1986,42,831.2390357851436,Rent,1,0.0,0,0.0,0,0,0.0,0,0.0
1987,30,11422.599338262607,Rent,1,1102.3460274634858,1,2212.205402140162,0,0,0.0,0,0.0
1988,47,23961.28355275951,Mortgage,1,1431.551172247563,0,0.0,0,0,0.0,1,0.0
1989,39,15238.298914414732,Rent,1,232.6439503500925,1,2068.9931522714655,0,0,0.0,1,3693.5342232587054
1990,90,902923.685644215,Own,1,30237.48331583904,1,90484.9444679373,1,1,7787.648758157744,1,0.0
1991,36,3052.0037479373786,Rent,1,0.0,1,0.0,0,0,0.0,0,0.0
1992,47,2664.7910126787574,Rent,1,438.89655348929455,0,0.0,0,0,0.0,0,0.0
1993,66,34509.63186837545,Mortgage,1,2108.7557819478698,1,8328.775339855058,1,0,0.0,1,0.0
1994,90,72619.89574408472,Own,1,7730.152272927921,1,81737.01453236835,1,1,36016.99679874254,1,13344.46699291434
1995,38,90235.99872950275,Mortgage,1,4823.977113053845,1,2154.2407565459416,0,0,0.0,1,0.0
1996,31,7133.025604601144,Rent,0,0.0,0,0.0,0,0,0.0,0,0.0
1997,76,99316.42941200559,Own,1,1233.1313918105507,1,39459.10274988564,0,0,0.0,1,5935.586986366716
1998,73,66002.67015081253,Own,1,4484.938028242448,1,35331.42073048053,0,0,0.0,1,3.4068778313901573
1999,48,14759.144234808458,Rent,1,987.5106818485747,1,3093.449099499511,0,0,0.0,0,0.0
2000,44,18512.940098849274,Mortgage,1,2103.312423693633,1,2109.6759411130597,0,0,0.0,1,2.580347060393063
2001,42,17444.440475066003,Mortgage,1,677.5482395576017,1,2144.5735794294483,0,0,0.0,0,0.0
2002,56,32774.18083529258,Mortgage,1,1573.482625102186,1,4323.078887427475,0,0,0.0,1,0.0
2003,28,11362.853305668636,Mortgage,1,987.0461338403495,1,3048.370025623866,0,0,0.0,0,0.0
2004,86,85641.81099712288,Own,1,7746.1130149601795,1,96238.41160257258,1,1,11920.783096680881,1,6261.160763214325
2005,31,11561.466093730993,Rent,1,109.11376489205236,0,0.0,0,0,0.0,0,0.0
2006,35,19355.598300511527,Rent,1,2309.1125061253765,1,1518.5460210179558,0,0,0.0,0,0.0
2007,34,31932.12810492033,Mortgage,1,1720.8427292727092,1,3461.6963417597976,0,0,0.0,1,6.8265042406396335
2008,65,45895.49928702121,Own,1,1703.4044308216035,1,7927.0577130608235,0,0,0.0,1,0.0
2009,81,108985.21279777461,Own,1,9355.161515961383,1,44158.7167444128,1,1,3675.0992336727004,1,0.0
2010,55,38456.0003142352,Mortgage,1,1344.0969912102562,1,4491.21188807198,0,0,0.0,1,0.0
2011,40,12197.81110889194,Rent,1,476.5971785520198,1,0.0,0,0,0.0,0,0.0
2012,31,9214.171523880887,Rent,1,3355.5839121169142,0,0.0,0,0,0.0,0,0.0
2013,67,69627.64123130692,Own,1,2876.7786969384756,1,43088.164678728725,0,1,6656.642077909653,1,7152.3800393452775
2014,47,20796.537100571633,Mortgage,1,1494.3050681951481,1,3879.9918257536665,0,0,0.0,1,0.0
2015,48,23273.36154760193,Rent,1,659.1867170749578,1,2011.706098528948,0,0,0.0,0,0.0
2016,57,23357.96314230642,Mortgage,1,1961.4531758841558,1,1813.5094185163937,0,0,0.0,0,0.0
2017,52,65282.1341279346,Rent,1,1194.100430140501,1,34180.7097163239,0,0,0.0,0,0.0
2018,60,41948.27551013358,Mortgage,1,806.540039091319,1,3393.560498245972,0,0,0.0,1,0.0
2019,52,23888.609072254672,Mortgage,1,1613.6398012790585,1,8955.217112732727,1,0,0.0,1,2711.70697745674
2020,74,174146.7807082909,Mortgage,1,3861.829512002556,1,76280.56181372899,1,1,10767.064540660404,1,10.21782277849146
2021,77,148057.39164305365,Own,1,2222.9816304967253,1,34110.84937012481,0,0,0.0,1,0.0
2022,49,23014.36509214274,Mortgage,1,2827.0691472705585,1,5093.292639870136,0,0,0.0,1,0.0
2023,90,734621.9479775877,Own,1,39214.033018038455,1,94058.78546740662,1,1,18261.415587849595,1,9298.636393989163
2024,88,781146.1582324144,Own,1,3345.0185003462157,1,83013.65140893676,1,1,20389.419530899213,1,6052.692671235292
2025,68,14709.101807622907,Rent,1,763.3271301221304,0,0.0,0,0,0.0,1,2.1782254743523604
2026,39,6055.4158190758335,Rent,1,232.31438789599963,0,0.0,0,0,0.0,0,0.0
2027,47,22183.793496265545,Rent,1,1371.4516796635457,0,0.0,0,0,0.0,0,0.0
2028,91,13183.289046026312,Mortgage,1,1386.2164036145966,1,9307.621706978089,1,1,13.692667524746462,1,0.0
2029,31,40616.97554612317,Rent,1,980.2131347137838,1,117.50449766879592,0,0,0.0,0,0.0
2030,56,25361.08896072897,Mortgage,1,768.5174618278631,0,0.0,1,0,0.0,1,0.0
2031,39,26958.24753156332,Rent,1,675.9947420802002,1,153.78783319936292,0,0,0.0,0,0.0
2032,65,37957.89999274565,Own,1,1715.6055276454797,1,8709.592079126409,0,0,0.0,1,6.303196354267146
2033,29,525.5206015037594,Rent,0,0.0,0,0.0,0,0,0.0,0,0.0
2034,90,111098.41459977158,Own,1,6664.453758973471,1,95543.8447349565,1,1,10992.549558432293,1,0.0
2035,68,28719.601217975993,Own,1,1002.6941964928444,0,0.0,0,0,0.0,1,0.0
2036,89,101315.10968619224,Own,1,10580.424013418486,1,8894.954727112321,1,1,17485.71566126406,1,0.0
2037,43,34152.62607170648,Mortgage,1,1029.748578583321,1,2405.3939310069295,0,0,0.0,1,0.0
2038,28,6239.966378767211,Rent,1,0.0,0,0.0,0,0,0.0,0,0.0
2039,31,6882.238842409784,Rent,1,63.049964861333706,0,0.0,0,0,0.0,0,0.0
2040,29,3009.934949768871,Rent,0,0.0,0,0.0,0,0,0.0,0,0.0
2041,51,28598.295859799604,Mortgage,1,1405.9905320508565,1,1435.2762466706677,0,0,0.0,1,0.0
2042,88,40888.12336850122,Own,1,2418.1449233539597,1,38499.67794582608,1,1,6199.790390203822,1,3707.510619347317
2043,58,19416.70627574795,Mortgage,1,2281.1672498871803,1,4287.589403464048,0,0,0.0,1,0.0
2044,57,42600.288493345215,Mortgage,1,2049.2055705770154,1,8006.734189952834,1,0,0.0,1,0.0
2045,46,68942.04059269339,Mortgage,1,736.1043833803642,1,3744.2267030420844,1,0,0.0,1,0.8602781034477262
2046,70,42974.48947119752,Mortgage,1,1507.592110376345,1,8465.99525756119,1,0,0.0,1,7.976087173442154
2047,73,13619.984906207625,Mortgage,1,3796.4300503955687,1,8857.002626527992,0,1,3.8418911629843215,1,0.0
2048,37,30791.423146230758,Rent,1,1677.1632995946964,1,2875.0340723553654,0,0,0.0,0,0.0
2049,53,23985.402206788305,Mortgage,1,2873.948413683214,1,9669.897556413942,1,0,0.0,1,0.0
2050,48,11100.374829919856,Mortgage,1,467.42294351518285,0,0.0,0,0,0.0,1,10.627721957830705
2051,40,32906.216206200756,Mortgage,1,1268.8978548001926,1,4805.111805636695,0,0,0.0,1,0.0
2052,39,31863.074774931803,Rent,1,827.3008924141867,1,0.0,0,0,0.0,0,0.0
2053,49,42890.42213376583,Mortgage,1,1462.3452675725612,1,4987.895808787924,0,0,0.0,1,0.0
2054,61,38849.52799427547,Mortgage,1,2032.791918777634,1,8425.569439885654,1,0,0.0,1,0.0
2055,87,113113.03248863998,Own,1,2356.2491103819666,1,40070.0216835245,0,1,3954.9049316812307,1,0.0
2056,30,20603.27829617503,Rent,1,306.35441130957054,1,1311.7683157721278,0,0,0.0,1,16.572167692361408
2057,43,11698.160941947364,Rent,1,1531.9108747619296,1,328.6377101362441,0,0,0.0,0,0.0
2058,41,23949.09130927017,Rent,1,569.2603488365414,0,0.0,0,0,0.0,0,0.0
2059,66,39639.01975744546,Own,1,5353.541385738664,1,1768.9040217000659,0,0,0.0,1,0.0
2060,58,51164.825876427305,Mortgage,1,2290.2568595561215,1,8854.665262084009,1,0,0.0,1,3962.285570789481
2061,59,26913.158152873526,Own,1,1866.5410484750175,1,40238.81757420985,0,0,0.0,1,3296.6869967411562
2062,58,29383.075256873493,Mortgage,1,2227.000632539491,1,4459.496069144308,0,0,0.0,1,0.0
2063,81,41977.2535202032,Own,1,3207.7438180924355,1,41186.1120019518,0,0,0.0,1,0.0
2064,30,525.5206015037594,Rent,0,0.0,0,0.0,0,0,0.0,0,0.0
2065,30,28150.82479466806,Rent,1,441.56884467486526,1,1757.5336937154634,0,0,0.0,0,0.0
2066,72,122199.7384431921,Own,1,2876.7806589069933,1,8095.611775722337,0,0,0.0,1,6246.380809308155
2067,31,17777.080137199428,Rent,1,659.0846449160233,1,421.1340720410558,0,0,0.0,0,0.0
2068,87,206886.52339135058,Own,1,6255.794322289723,1,74488.97417594849,1,1,8289.990180338042,1,10221.95922076745
2069,80,27751.084006017194,Own,1,2125.1063129239005,1,41591.29777676824,0,0,0.0,1,0.0
2070,64,36804.32722427436,Own,1,4147.293386690144,1,2186.652943336781,0,0,0.0,1,0.0
2071,61,49376.55684592992,Mortgage,1,2314.9754384144285,1,7820.388311673316,1,0,0.0,1,0.0
2072,41,31537.224436841694,Rent,1,2111.64694787441,1,36401.63374090798,0,0,0.0,0,0.0
2073,32,6285.913250900674,Rent,1,302.64907964314455,0,0.0,0,0,0.0,0,0.0
2074,40,3472.9147275862997,Rent,0,0.0,0,0.0,0,0,0.0,0,0.0
2075,29,1885.274916768165,Rent,0,0.0,0,0.0,0,0,0.0,0,0.0
2076,47,13555.440424845343,Rent,1,548.1616713686657,1,1555.5607160593931,0,0,0.0,0,0.0
2077,53,28552.614934850324,Mortgage,1,1974.4375092389844,1,1902.4539685781838,1,0,0.0,1,3263.459664324364
2078,45,24581.955993134005,Mortgage,1,772.9418531862411,0,0.0,0,0,0.0,1,0.0
2079,38,525.5206015037594,Rent,1,1285.6860848813935,1,0.0,0,0,0.0,0,0.0
2080,37,12376.72516275764,Rent,1,1590.3290912198358,1,1930.6723568476782,0,0,0.0,1,13.396590729035847
2081,63,33055.81426418897,Mortgage,1,2762.785971901847,1,8427.25751315956,1,0,0.0,1,14.75808795407911
2082,29,10840.97941716598,Rent,1,276.72068264289805,0,0.0,0,0,0.0,0,0.0
2083,29,525.5206015037594,Rent,0,0.0,0,0.0,0,0,0.0,0,0.0
2084,55,35172.179957749286,Mortgage,1,1121.955229008483,1,9596.845033276486,1,0,0.0,1,2240.9497275120684
2085,43,26362.507044256152,Rent,1,757.8690770467866,1,0.0,0,0,0.0,0,0.0
2086,77,121637.48106927345,Own,1,4496.5938459358085,1,8202.140699269516,0,0,0.0,1,0.0
2087,88,92793.19134426095,Own,1,9054.14496645045,1,92953.08765062004,1,1,21072.293057348266,1,1.7075019184239897
2088,76,93603.6793863864,Own,1,3519.7449598543394,1,44662.2847942738,1,1,8279.437970288036,1,0.0
2089,41,2768.114564040361,Rent,0,0.0,0,0.0,0,0,0.0,0,0.0
2090,36,21357.293065038142,Rent,1,765.8135727470479,1,3156.6255238513877,0,0,0.0,0,0.0
2091,26,15997.217039931526,Mortgage,1,736.8769283655594,1,2362.5293056141068,0,0,0.0,1,0.0
2092,26,10488.089204451648,Rent,1,392.01032915511655,1,281.8802074081159,0,0,0.0,0,0.0
2093,36,16238.82733409564,Rent,1,838.9591829575819,1,2389.7549073586792,0,0,0.0,0,0.0
2094,37,5631.555923644635,Mortgage,1,231.941620607986,0,0.0,0,0,0.0,0,0.0
2095,52,6985.4520562371945,Rent,0,0.0,0,0.0,0,0,0.0,0,0.0
2096,26,14353.823368017158,Rent,1,261.28195830942946,1,2966.8713870062174,0,0,0.0,0,0.0
2097,79,22313.98722999775,Own,1,32570.32539813082,1,92786.97995034607,1,1,33114.88176910815,1,12.392910605464944
2098,28,525.5206015037594,Rent,0,0.0,0,0.0,0,0,0.0,0,0.0
2099,48,13206.417542704477,Rent,0,0.0,0,0.0,0,0,0.0,0,0.0
2100,75,74943.43381160044,Own,1,7283.72846144598,1,94398.20476196983,0,0,0.0,1,4.482803727872298
2101,58,5107.758096979969,Own,1,453.6314451735609,1,1419.8486593627663,0,0,0.0,1,3287.960748269652
2102,74,90474.45819216371,Own,1,3795.721397999953,1,93295.64766048663,1,1,10610.157224275505,1,0.0
2103,63,20040.550440222738,Rent,1,522.9842464885241,0,0.0,0,0,0.0,0,0.0
2104,55,19972.65611632854,Mortgage,1,374.39280455126044,1,8627.085865963076,1,0,0.0,1,8286.755244529726
2105,80,41664.31779228957,Own,1,7301.167030306675,1,44376.050734073986,0,0,0.0,1,0.30662938356527514
2106,90,86515.97450402606,Own,1,6918.659652302104,1,47731.37282976273,1,1,4985.787271053402,1,5692.629062336275
2107,41,36843.529717483274,Mortgage,1,1436.8614340699091,1,3732.6654853506566,0,0,0.0,1,4127.9356938750325
2108,70,45839.86525165416,Mortgage,1,1747.5215375512685,1,7607.386162588558,1,0,0.0,1,0.0
2109,73,88015.0709873281,Own,1,5188.926013892783,1,95586.92542904223,1,1,9645.924095267663,1,0.0
2110,66,32561.207816611746,Mortgage,1,1302.8454912646175,1,3216.9876100340516,0,0,0.0,1,0.0
2111,58,27974.18924488316,Mortgage,1,2238.361916308475,1,1861.4231096882836,0,0,0.0,1,0.0
2112,59,30924.49518749159,Mortgage,1,2027.2172312116695,1,9693.442894235803,1,0,0.0,1,0.0
2113,37,7070.051908770092,Rent,0,0.0,0,0.0,0,0,0.0,0,0.0
2114,65,64313.79902955937,Own,1,2005.0871549874682,1,95070.9314339735,1,1,10623.500814110495,1,0.0
2115,91,215749.7085670113,Own,1,5448.689026058909,1,93926.70729663788,1,1,10290.84993023112,1,0.37058013538892876
2116,87,88960.79386970958,Own,1,43309.67705032384,1,96215.92419977543,1,1,7477.472912505631,1,8.761656261786015
2117,61,34472.41461706895,Mortgage,1,1313.618049510091,1,9494.914957191597,1,0,0.0,1,10.281231008670668
2118,77,43134.81909120905,Own,1,3555.3551061455228,1,8032.660254162304,1,0,0.0,1,2.337008002116388
2119,63,44380.10217890313,Mortgage,1,1683.256717886873,0,0.0,1,0,0.0,1,0.0
2120,65,101679.11922566542,Own,1,34355.57694397671,1,95423.54917836997,1,1,11741.003376142487,1,3.155232894709408
2121,66,29908.989683404507,Mortgage,1,1105.531908534488,1,9064.823620001009,1,0,0.0,1,0.0
2122,37,525.5206015037594,Rent,0,0.0,0,0.0,0,0,0.0,0,0.0
2123,30,17007.223239469266,Rent,1,979.4268934091305,1,1095.8891451797194,0,0,0.0,0,0.0
2124,32,3453.468608270561,Rent,1,105.43083354307635,1,134.31624611392772,0,0,0.0,0,0.0
2125,77,2019.874616664776,Own,1,2052.784237660038,0,0.0,1,1,15.104348443226373,1,5.3642806554747295
2126,70,67402.86623201896,Own,1,3589.6832318970664,1,37272.314772839796,0,0,0.0,1,0.0
2127,30,14213.322745956919,Rent,1,385.48775861910804,1,1392.9812532191395,0,0,0.0,0,0.0
2128,60,32187.54545078318,Own,1,1751.3835080741364,1,9709.038210480923,1,0,0.0,1,9.532079925540737
2129,30,5695.205006882508,Rent,0,0.0,0,0.0,0,0,0.0,0,0.0
2130,49,50320.399931065134,Mortgage,1,762.6958800153096,1,2009.6144744186947,0,0,0.0,1,11.374346884464524
2131,77,25635.446401252007,Mortgage,1,2216.0273623936464,1,8250.74761255708,1,0,0.0,1,0.0
2132,28,19446.720117582,Rent,1,785.8361393499431,1,616.1368700187697,0,0,0.0,0,0.0
2133,84,572512.5199346335,Own,1,6044.200154359377,1,94721.89106597523,1,1,4852.465141845334,1,14349.010771370547
2134,91,83768.55987538536,Own,1,3470.332445365469,1,94821.749863416,1,1,11697.94169602594,1,0.0
2135,76,116200.41032330756,Own,1,4105.7058223368485,1,40743.71150754878,0,0,0.0,1,1.0014534430871271
2136,52,68853.15363155371,Mortgage,1,3035.1614022369513,1,39324.156504281535,0,0,0.0,1,0.0
2137,29,9129.753437917476,Rent,0,0.0,0,0.0,0,0,0.0,0,0.0
2138,61,30448.841372548177,Mortgage,1,1401.9928517577846,1,9535.042686200548,0,0,0.0,1,8.95980785719074
2139,74,79222.58167035543,Own,1,2662.5444467684565,1,41018.25915353663,0,0,0.0,1,9.953300250936863
2140,43,525.5206015037594,Rent,0,0.0,0,0.0,0,0,0.0,0,0.0
2141,41,17924.13081631417,Rent,1,326.245124856552,1,922.1648075418004,0,0,0.0,0,0.0
2142,51,27264.663595043545,Mortgage,1,2646.2066666209553,1,8912.031951808076,1,0,0.0,1,4072.214335482416
2143,29,2069.7023630003387,Rent,0,0.0,0,0.0,0,0,0.0,0,0.0
2144,62,38892.00460825808,Mortgage,1,1750.6768187356488,1,9382.783673689088,0,0,0.0,1,0.0
2145,46,37672.78204407386,Mortgage,1,2613.968772182043,1,1948.8720281470362,1,0,0.0,1,0.0
2146,31,29448.902638937616,Rent,1,676.790396627725,1,159.03868100265936,0,0,0.0,0,0.0
2147,58,16085.014098982723,Mortgage,1,1270.0571579133143,0,0.0,1,0,0.0,1,0.0
2148,77,72879.51608925723,Own,1,3958.8442845420022,1,8338.04665604204,1,0,0.0,0,0.0
2149,36,13106.678799756422,Mortgage,1,780.9162775428316,1,2159.509182354874,0,0,0.0,0,0.0
2150,90,223517.03447943318,Own,1,38640.08364710324,1,91889.73867550946,1,1,11654.759666605603,1,9.701890107636352
2151,29,525.5206015037594,Rent,0,0.0,0,0.0,0,0,0.0,0,0.0
2152,63,39656.57549505533,Mortgage,1,1141.1822540139879,1,7862.751863735028,1,0,0.0,1,5.171182874938858
2153,67,40603.66106047314,Mortgage,1,1548.0953705287118,1,36049.30846517917,0,0,0.0,1,0.0
2154,30,4364.479170193848,Rent,1,180.66510712655418,1,33.88897453119989,0,0,0.0,0,0.0
2155,64,52979.935329515625,Own,1,3120.8560603504793,1,2778.3620942605658,0,1,11217.676652074213,1,6048.272449983923
2156,40,19861.789160338296,Rent,1,1985.7588516709184,1,1775.285057452942,0,0,0.0,0,0.0
2157,56,18940.641047099085,Mortgage,1,1294.4215001776997,1,3774.8926058055868,0,0,0.0,0,0.0
2158,55,46244.28346503966,Mortgage,1,1880.2817181236232,1,9197.775495960208,1,0,0.0,1,0.0
2159,74,97392.25158317406,Own,1,7754.925300042346,1,38498.1588137599,1,1,4312.138058382637,1,2249.3154729097155
2160,42,14823.132455230221,Mortgage,1,2767.602660710878,0,0.0,1,0,0.0,1,0.0
2161,37,47459.76385681972,Mortgage,1,1825.2006734718505,1,9514.052439250376,0,0,0.0,1,4.585843478633755
2162,52,23105.027056256753,Mortgage,1,2176.7767655911084,1,3008.603071373518,0,0,0.0,1,0.0
2163,39,14262.012376900877,Rent,1,507.6190767594526,1,1376.980516162193,0,0,0.0,0,0.0
2164,45,30588.212767335735,Rent,1,1056.5734020077473,1,3121.6950264371744,0,0,0.0,0,0.0
2165,26,525.5206015037594,Rent,1,792.1354676721038,1,1884.89442882804,0,0,0.0,0,0.0
2166,59,48805.68877127861,Mortgage,1,1596.6774150249125,1,2905.345987091898,1,0,0.0,1,0.0
2167,77,110103.6523999107,Rent,1,1872.2305779403225,1,2308.2056399000726,0,0,0.0,0,0.0
2168,27,525.5206015037594,Rent,0,0.0,0,0.0,0,0,0.0,0,0.0
2169,72,102939.76624199527,Mortgage,1,12098.138934366661,1,95288.92052749833,1,0,0.0,1,0.0
2170,91,185531.21356397695,Own,1,12620.479775001753,1,94701.93781453797,1,1,12823.295814223438,1,18.35581440381086
2171,65,32569.078295472787,Own,1,1616.3283261409354,0,0.0,0,0,0.0,1,1.8559584185566491
2172,70,34242.238415377724,Own,1,2188.1366349469936,1,9362.295783588263,0,0,0.0,1,0.0
2173,29,13284.633207436576,Rent,1,715.1398878614771,1,1103.2640336948332,0,0,0.0,0,0.0
2174,62,77096.77722388909,Mortgage,1,419.34108059371704,1,10470.933117209715,0,0,0.0,1,0.0
2175,48,15686.209779042636,Rent,1,355.76188722181666,1,3198.838665044146,0,0,0.0,0,0.0
2176,28,525.5206015037594,Rent,0,0.0,0,0.0,0,0,0.0,0,0.0
2177,40,4888.258413694859,Rent,1,739.5265638045116,0,0.0,0,0,0.0,0,0.0
2178,61,60026.84040173516,Own,1,2424.369989589117,1,7541.25030805747,0,0,0.0,1,3349.1123320539323
2179,78,42517.870463634936,Own,1,2224.0435802953325,1,36885.3158535123,0,0,0.0,1,0.0
2180,78,48811.80753962726,Own,1,1988.7727443220572,1,95521.74454961617,1,1,7.6175497965081735,1,3143.3974147888753
2181,29,10686.91569889602,Rent,1,0.0,1,0.0,0,0,0.0,0,0.0
2182,58,39864.2735512528,Mortgage,1,1126.4978842476053,1,3668.552174526777,0,0,0.0,1,0.0
2183,71,47443.941117050796,Own,1,1632.287233573829,1,40184.684829449936,0,0,0.0,1,3.187141515333823
2184,28,17242.208564296212,Rent,1,918.2120491112972,1,1371.211495389069,0,0,0.0,0,0.0
2185,50,29563.60750027247,Mortgage,1,738.4672918007695,1,4940.6230943772625,1,0,0.0,1,0.0
2186,49,55429.25795815246,Mortgage,1,1574.859978658531,1,4540.727354372921,1,0,0.0,1,0.0
2187,31,2605.719781214957,Rent,0,0.0,0,0.0,0,0,0.0,0,0.0
2188,73,152630.2865831074,Own,1,36320.06374889941,1,93872.39846061793,1,1,6596.751525560416,1,5950.192619418143
2189,30,1594.4960249465857,Rent,0,0.0,0,0.0,0,0,0.0,0,0.0
2190,32,7925.880927671817,Rent,0,0.0,0,0.0,0,0,0.0,0,0.0
2191,55,33239.78346688079,Mortgage,1,2463.1732096396654,1,9110.95646057727,1,0,0.0,1,3839.5334221343114
2192,64,55392.03749192064,Own,1,2654.686727576375,1,39298.03405505257,1,0,0.0,1,4013.6081811118456
2193,60,43487.63809266701,Mortgage,1,1938.39283805401,1,9335.608218214633,1,0,0.0,1,0.0
2194,65,87517.11458442613,Own,1,1741.4259237521926,1,43894.13870381183,0,0,0.0,1,0.0
2195,33,525.5206015037594,Rent,0,0.0,0,0.0,0,0,0.0,0,0.0
2196,57,27367.840517694924,Mortgage,1,1109.8857676006614,0,0.0,0,0,0.0,1,0.0
2197,55,48882.20358572859,Own,1,2415.0148080279505,1,8128.844710712121,0,0,0.0,1,0.0
2198,54,28516.886602212995,Mortgage,1,1886.0575135937843,1,7820.801020647964,1,0,0.0,1,4123.059619856231
2199,79,49295.6833985086,Own,1,2168.386593754695,1,34312.30980199085,0,0,0.0,1,2.038979608138558
2200,85,579244.0070483702,Own,1,11073.705630927812,1,95345.25842956458,1,1,13207.450048844592,1,26.71425448502324
2201,38,16381.610709075467,Rent,1,716.3001090530942,1,2632.892926427733,0,0,0.0,0,0.0
2202,42,22849.959984162466,Rent,1,312.4439287427924,1,1113.3711322139002,0,0,0.0,0,0.0
2203,47,19676.774457098476,Mortgage,1,1228.5733825433522,1,3454.6087638698473,0,0,0.0,1,0.0
2204,41,39432.14594686421,Mortgage,1,1530.687734721928,1,2857.75280729283,1,0,0.0,1,0.0
2205,29,11461.766840005701,Rent,0,0.0,0,0.0,0,0,0.0,0,0.0
2206,31,525.5206015037594,Rent,0,0.0,0,0.0,0,0,0.0,0,0.0
2207,29,525.5206015037594,Rent,0,0.0,0,0.0,0,0,0.0,0,0.0
2208,57,47548.242999380935,Mortgage,1,3771.4174415956636,1,9139.485126503168,0,0,0.0,1,0.0
2209,64,57985.9495287279,Own,1,3065.9453464109592,0,0.0,1,0,0.0,1,0.0
2210,88,100169.86290986069,Own,1,4103.613887387114,1,41430.26602945458,1,1,6670.600966927187,1,15290.744625091216
2211,59,41898.91303641408,Mortgage,1,1978.2012176343128,1,3638.291118553277,0,0,0.0,1,0.0
2212,74,70688.82386812176,Own,1,3269.505807620202,1,77409.67653675756,1,1,6727.973041755475,1,5704.656647141643
2213,30,1868.5431007935786,Rent,0,0.0,0,0.0,0,0,0.0,0,0.0
2214,76,47382.27497102735,Own,1,1975.2248201240864,1,9015.566269656398,0,0,0.0,1,0.0
2215,72,22957.257249307957,Own,1,31226.609846635205,1,83091.69521046642,1,1,6558.871000275853,1,4424.957514382177
2216,62,14787.43839543033,Own,1,1772.8514753607567,0,0.0,0,1,5.256263776085374,0,0.0
2217,62,20948.464947257016,Mortgage,1,1400.8481482375935,0,0.0,1,0,0.0,1,0.0
2218,36,7304.492455632677,Rent,1,139.17138558181568,0,0.0,0,0,0.0,0,0.0
2219,29,11189.424188700057,Rent,1,0.0,0,0.0,0,0,0.0,0,0.0
2220,45,12820.139192143313,Rent,1,423.9456165601017,1,1134.2254323093757,0,0,0.0,0,0.0
2221,40,14100.497100367764,Rent,1,1145.828117028417,1,1208.1713146945403,0,0,0.0,0,0.0
2222,44,13973.268631861294,Rent,1,668.5338553443055,0,0.0,0,0,0.0,0,0.0
2223,52,38998.78952657427,Mortgage,1,2768.916418262304,1,9505.113382869806,1,0,0.0,1,0.0
2224,68,24182.251982272635,Mortgage,1,1927.3444509617816,1,8544.050454535865,1,0,0.0,1,4394.474541674489
2225,91,620408.9817580329,Own,1,4052.246677699997,1,92475.55477642558,1,1,41234.45674180899,1,10390.833664304104
2226,30,16041.158657855467,Rent,1,379.81078529090206,1,1184.7071231391149,0,0,0.0,0,0.0
2227,62,61935.21772134763,Mortgage,1,1279.5517541625768,1,8021.591965925552,1,0,0.0,1,0.0
2228,49,18633.541927341652,Mortgage,1,906.0910836693777,1,3497.5036571582564,0,0,0.0,1,0.0
2229,86,598610.2733649921,Own,1,9121.503748593232,1,94959.5727256454,1,1,11950.004884229733,1,4576.947256246633
2230,62,34972.12576923716,Mortgage,1,1493.699850476142,1,8870.767226327629,1,0,0.0,1,0.0
2231,31,525.5206015037594,Rent,1,238.2202109053835,1,1579.1160027410106,0,0,0.0,0,0.0
2232,29,10837.170449340862,Rent,0,0.0,0,0.0,0,0,0.0,0,0.0
2233,33,15313.202130225582,Rent,1,814.1044497217613,0,0.0,0,0,0.0,0,0.0
2234,30,525.5206015037594,Rent,1,147.461926291655,0,0.0,0,0,0.0,0,0.0
2235,60,17241.270258457193,Own,1,608.5500425503992,0,0.0,0,0,0.0,0,0.0
2236,32,23948.37289981119,Rent,1,836.9433464742367,1,2577.0514301343014,0,0,0.0,0,0.0
2237,28,525.5206015037594,Rent,0,0.0,0,0.0,0,0,0.0,0,0.0
2238,38,20431.76868120855,Rent,1,344.98414292640757,1,1541.7533896153886,0,0,0.0,0,0.0
2239,28,31198.905087431016,Rent,1,1470.8165042790974,1,1701.3089913787817,0,0,0.0,0,0.0
2240,54,25171.903567215377,Mortgage,1,1229.5673596903584,0,0.0,0,0,0.0,1,0.0
2241,29,525.5206015037594,Rent,0,0.0,0,0.0,0,0,0.0,0,0.0
2242,39,20432.367984113258,Own,1,1158.4534623639229,1,1414.9983152332898,0,0,0.0,0,0.0
2243,91,125982.04883176395,Own,1,4676.271406209327,1,91854.96410434012,1,1,6889.49389417624,1,13581.716074347602
2244,31,5938.034104410301,Rent,1,381.6177639331155,0,0.0,0,0,0.0,0,0.0
2245,53,26115.408012006395,Mortgage,1,1487.9468060562663,1,3749.976042485572,1,0,0.0,1,0.0
2246,54,11073.447245061963,Rent,0,0.0,0,0.0,0,0,0.0,0,0.0
2247,46,21974.895217482866,Mortgage,1,601.4080533996782,1,3269.196843367973,0,0,0.0,1,0.0
2248,57,22893.570463327458,Rent,1,1568.9877265734522,1,3171.704549293294,0,0,0.0,0,0.0
2249,29,12805.067084972536,Mortgage,1,2005.417251560821,1,1045.957519922676,0,0,0.0,0,0.0
2250,73,77663.2041091108,Own,1,2267.3624936032948,1,34587.591945649736,0,0,0.0,1,3686.5255325286216
2251,39,23910.81864896277,Mortgage,1,851.5128302569215,1,3509.400298014695,0,0,0.0,1,0.0
2252,74,95004.14648010845,Own,1,4000.724481667211,1,94802.49592597995,1,1,7951.480384289629,1,10.975694758601618
2253,37,2799.543339569469,Rent,1,331.95300944076416,1,1973.060313293872,0,0,0.0,0,0.0
2254,42,47362.04808974887,Own,1,1764.344820272489,1,1874.5240235484603,0,0,0.0,1,0.0
2255,87,614633.6816112959,Own,1,2920.264411393493,1,94456.31819700293,1,1,14116.999754533037,1,18.50909993794302
2256,88,52258.325353396285,Own,1,9269.454893713184,1,94602.19792829998,1,1,5382.34211417623,1,7788.555807778173
2257,40,31542.51324415132,Mortgage,1,1731.4482948744726,1,2809.3282752542727,0,0,0.0,1,0.0
2258,90,89435.1396709276,Own,1,3121.0904780635688,1,94776.21479613744,1,1,7838.571186140649,1,17695.977707377813
2259,91,468994.53742316255,Own,1,10076.312038762237,1,93826.05414998363,1,1,5609.81117078944,1,11177.463586911299
2260,36,14108.356036421634,Rent,1,588.8063381368132,1,1054.142929737266,0,0,0.0,0,0.0
2261,34,525.5206015037594,Rent,0,0.0,0,0.0,0,0,0.0,0,0.0
2262,66,35943.083198175664,Own,1,3340.611201604749,1,42255.04456816869,0,1,4561.5866001821,1,0.0
2263,41,25745.256810473118,Mortgage,1,1193.387537199168,1,2269.1227957922592,0,0,0.0,0,0.0
2264,66,51190.62692791078,Own,1,2861.635478803862,1,7300.18641432933,0,1,14377.539898342988,1,4670.989152410622
2265,37,38032.00044930839,Rent,1,2132.8719052687907,1,1386.7949238795372,0,0,0.0,0,0.0
2266,28,525.5206015037594,Rent,0,0.0,0,0.0,0,0,0.0,0,0.0
2267,31,23049.685879009543,Rent,1,748.7149346523553,1,2226.461582459361,0,0,0.0,0,0.0
2268,30,4547.875250843248,Rent,0,0.0,0,0.0,0,0,0.0,0,0.0
2269,91,116191.97800317228,Own,1,28009.72937053663,1,94806.90235418707,1,1,8085.62969828242,1,3.9586089833482334
2270,65,38879.733187268495,Own,1,1711.7920693808258,1,35975.24382582144,0,0,0.0,1,0.0
2271,58,42472.174841884174,Mortgage,1,2339.5714066566748,1,7366.174963114259,1,0,0.0,1,2496.675235395008
2272,29,9212.737135936377,Rent,1,234.12373068781199,0,0.0,0,0,0.0,0,0.0
2273,34,44416.24952805837,Mortgage,1,1260.7841524803544,1,2610.4952514103056,0,0,0.0,1,3501.9509948382615
2274,35,37262.88212718718,Own,1,1596.7518566575293,1,37209.57566751563,0,0,0.0,1,0.0
2275,62,28604.309709315476,Mortgage,1,2078.351072437823,0,0.0,1,0,0.0,1,0.0
2276,89,78746.34363400607,Own,1,43153.3270458013,1,93024.78046073517,1,1,8294.531032230037,1,1.0679695566448217
2277,80,32434.3182196656,Own,1,6246.256625616363,0,0.0,0,0,0.0,1,0.0
2278,50,38274.902243979326,Mortgage,1,2188.394649228931,1,3150.4235138262566,0,0,0.0,1,0.0
2279,80,74870.12599925106,Own,1,4300.892608026233,1,42540.67553290477,0,1,6741.178935635628,1,0.0
2280,62,47852.80531767776,Rent,1,2311.085591287134,1,2087.2668213650863,0,0,0.0,1,13.655388102866798
2281,66,41578.55705673204,Mortgage,1,2114.241635926991,1,9128.079236255904,1,0,0.0,1,12.909425003202431
2282,43,29938.206924742626,Rent,1,1764.4764293002395,1,1968.891101816056,0,0,0.0,1,0.0
2283,50,34798.133500434735,Mortgage,1,1407.3316097781103,1,49764.18358093851,0,0,0.0,1,0.0
2284,49,24187.50853826791,Mortgage,1,1578.6495433930472,1,4232.023675707605,1,0,0.0,1,0.0
2285,86,225758.95072279824,Own,1,12501.964696369942,1,42600.22409089991,1,1,10841.698481795403,1,7905.001440250808
2286,60,32847.08013451786,Mortgage,1,1495.5772833132835,1,8329.157038757392,1,0,0.0,1,0.0
2287,40,17645.352655736235,Rent,1,134.3702705762787,1,1991.0379548416536,0,0,0.0,0,0.0
2288,78,611006.564008726,Own,1,36522.30011250171,1,84305.94102797027,1,1,8550.416986879318,1,10111.856925853901
2289,77,32908.01414445724,Own,1,2949.438843129448,1,2696.127659017879,0,0,0.0,1,0.0
2290,47,32677.498743259006,Mortgage,1,2323.884172091908,1,8746.16261934834,1,0,0.0,1,0.0
2291,42,34521.863944802746,Mortgage,1,1026.618799136758,0,0.0,1,0,0.0,1,2463.6151725638256
2292,37,30891.76112403315,Own,1,1269.9547290722116,1,718.2327788235325,0,0,0.0,1,0.0
2293,57,46319.30104351123,Mortgage,1,2497.1997244395197,1,7264.094862765149,1,0,0.0,1,3644.4591017270836
2294,31,19767.434308335,Rent,1,733.342509939202,1,865.0516221483147,0,0,0.0,0,0.0
2295,38,16114.033695570688,Mortgage,1,1011.0530017623461,0,0.0,0,0,0.0,1,2559.3513556625917
2296,55,29763.049219995228,Own,1,1448.6559442860273,0,0.0,0,0,0.0,1,0.0
2297,48,14193.62197922674,Own,1,2199.0449898648103,0,0.0,0,0,0.0,1,2.622595601007699
2298,69,21643.07579306345,Mortgage,1,1385.9960929415236,0,0.0,1,0,0.0,1,0.0
2299,39,11301.542802984579,Rent,1,276.02042153169066,1,910.7506480096667,0,0,0.0,0,0.0
2300,30,2209.0075649861756,Rent,1,1096.6996376068998,1,34545.1269224002,0,0,0.0,0,0.0
2301,82,7158.126258973356,Mortgage,1,5503.057029258247,0,0.0,1,0,0.0,1,5.213946809551263
2302,60,42609.86264301911,Own,1,5363.251186846144,1,40520.391597222864,0,0,0.0,1,0.0
2303,39,525.5206015037594,Rent,0,0.0,0,0.0,0,0,0.0,0,0.0
2304,30,8290.58176494329,Rent,1,1208.8439345089223,1,1454.5912184727151,0,0,0.0,1,0.0
2305,56,52147.26698671868,Own,1,1700.9483446973531,1,47086.14999850125,0,0,0.0,1,0.0
2306,42,14893.405995214907,Rent,1,1006.4502021418631,0,0.0,0,0,0.0,1,0.0
2307,89,102441.8894834108,Own,1,7378.175127101807,1,90922.94317769275,1,1,10154.59639687731,1,2.946025234473464
2308,59,54428.40904346148,Mortgage,1,3057.8958761777185,1,8002.866434185218,1,0,0.0,1,3946.7189546259297
2309,26,4944.437640315073,Rent,1,216.86975318853365,0,0.0,0,0,0.0,0,0.0
2310,71,86573.38959287737,Mortgage,1,3246.6501671205256,1,75598.49881978409,1,0,0.0,1,3.2313565130861366
2311,48,8044.871247441111,Mortgage,1,878.2976898564183,0,0.0,0,0,0.0,1,0.0
2312,31,11761.39828641275,Rent,1,385.196584044128,1,0.0,0,0,0.0,0,0.0
2313,33,6240.015159571802,Rent,1,872.5344921367432,1,421.92032650474357,0,0,0.0,0,0.0
2314,75,58568.56987082311,Own,1,2668.3989348002037,1,39576.71473623703,0,0,0.0,1,5110.333177619109
2315,57,33390.2258463539,Mortgage,1,2665.1280517333257,1,2345.1164331557297,1,0,0.0,1,3860.084190542233
2316,77,96329.22925014616,Own,1,3636.1164903798167,1,43187.792727742955,0,1,17513.170389074712,1,3624.9928600648554
2317,31,12847.343025932078,Rent,0,0.0,0,0.0,0,0,0.0,0,0.0
2318,42,7878.037992121825,Rent,1,286.9596963484478,1,0.0,0,0,0.0,0,0.0
2319,78,123785.11897270725,Own,1,4520.09611660434,1,39379.59490094315,0,1,3725.635864266087,1,5879.239895523015
2320,81,78037.80327956869,Own,1,10255.70568860684,1,92571.83994746537,1,1,23071.40344174483,1,15.111478524489522
2321,30,525.5206015037594,Rent,0,0.0,0,0.0,0,0,0.0,0,0.0
2322,75,48158.92172970563,Own,1,1298.0351778698519,1,34756.67916761168,0,0,0.0,1,0.0
2323,31,525.5206015037594,Rent,0,0.0,0,0.0,0,0,0.0,0,0.0
2324,45,9118.39041406718,Mortgage,1,1790.1673381037049,1,4066.026743110488,0,0,0.0,1,0.0
2325,59,36571.16328531601,Mortgage,1,1457.3652668272625,1,3481.3458501812534,0,0,0.0,1,0.0
2326,39,525.5206015037594,Rent,0,0.0,0,0.0,0,0,0.0,0,0.0
2327,75,32345.246519269556,Own,1,2258.9070476579177,1,44095.95848780326,0,1,9370.265653655224,1,3656.166087021389
2328,45,7425.173843294446,Rent,0,0.0,0,0.0,0,0,0.0,0,0.0
2329,77,103201.65601261045,Own,1,3389.5622527289925,1,42726.07443700495,0,1,6278.630779759771,1,5949.388245657841
2330,54,49253.99347164955,Mortgage,1,2312.824179423547,1,8691.651815826606,1,0,0.0,1,2382.662327540394
2331,49,33058.57807935579,Mortgage,1,2358.8535304410907,1,9241.905578991527,0,0,0.0,1,3607.91581411052
2332,65,61407.49133428988,Mortgage,1,1819.0468220050932,1,7775.480606033515,1,0,0.0,1,3879.1609991019272
2333,32,13829.045279469767,Rent,1,73.74661882549913,1,1126.852934983844,0,0,0.0,0,0.0
2334,91,234050.1498266967,Own,1,7927.682760087518,1,91509.0058106854,1,1,15328.442695616037,1,7497.215689416432
2335,28,525.5206015037594,Rent,0,0.0,0,0.0,0,0,0.0,0,0.0
2336,79,32277.48804832013,Own,1,1062.04710779178,1,1802.4005495157037,0,0,0.0,0,0.0
2337,69,33818.053468986116,Mortgage,1,2188.2678375948617,0,0.0,1,0,0.0,1,3587.441194568977
2338,65,33270.09403798164,Mortgage,1,806.8269286451509,1,8356.785274601882,1,0,0.0,1,3430.6367686541334
2339,61,72065.66457571677,Mortgage,1,1930.2367779737015,1,8058.593019834905,0,0,0.0,1,3755.514931980349
2340,55,11050.517944008909,Rent,1,1067.3345639455335,1,1534.2583438237782,0,0,0.0,1,0.0
2341,62,103663.05392335464,Mortgage,1,2117.859873518088,1,46292.33722935176,1,1,11943.04618437838,1,4161.78134643809
2342,72,31790.72997377895,Mortgage,1,2056.09876558914,1,2099.295730734733,1,1,11.041725174691853,1,0.0
2343,37,20919.467922121283,Rent,1,1548.7983127280206,1,3245.850004039727,0,0,0.0,1,3.641257194302013
2344,47,33300.0793911519,Mortgage,1,1372.15944694973,1,2893.704112736492,0,0,0.0,1,0.0
2345,42,51677.50909918333,Mortgage,1,1124.6784347162575,0,0.0,0,0,0.0,1,0.0
2346,47,39839.87726904393,Mortgage,1,3956.311548766355,1,1967.4979004975178,1,0,0.0,0,0.0
2347,35,3646.459408603847,Rent,1,319.9616289487368,1,0.0,0,0,0.0,0,0.0
2348,67,33194.80400801872,Own,1,1965.5936696788892,1,37335.24986650186,0,0,0.0,1,0.0
2349,60,75757.14921653246,Mortgage,1,1495.6231998040398,1,7807.992122195219,1,0,0.0,1,6324.487270728657
2350,61,34474.67261731824,Mortgage,1,1569.6116336894524,1,7919.454523811734,1,0,0.0,1,5052.507432017335
2351,89,42571.286789886086,Own,1,6105.494741114759,1,93516.57251797886,1,1,19308.001010065316,1,0.0
2352,38,9703.052166764352,Rent,1,834.4883064614412,1,2628.728163942072,0,0,0.0,0,0.0
2353,31,30067.470709644353,Rent,1,1639.6169122460203,1,1954.2337994444717,0,0,0.0,0,0.0
2354,76,83844.59514564779,Own,1,3667.0369239424695,1,77855.59506312195,0,1,0.0,1,0.0
2355,53,29949.711254343958,Mortgage,1,1354.9017620480658,1,9593.382716028236,1,0,0.0,1,0.0
2356,35,6535.303952922559,Rent,1,883.1618505443363,1,0.0,0,0,0.0,0,0.0
2357,81,63060.093663029314,Own,1,2196.241791988739,1,35069.37970508769,0,0,0.0,1,0.0
2358,67,67706.70636729136,Mortgage,1,2726.4311642567236,1,9018.233278123425,1,0,0.0,1,0.0
2359,28,7525.973568742349,Rent,1,0.0,1,0.0,0,0,0.0,0,0.0
2360,62,23897.25569045752,Mortgage,1,1642.7881108554195,1,8789.92257298443,1,1,0.0,1,12.630192094656616
2361,91,90355.70676434439,Own,1,4123.946310030987,1,89112.95039750438,1,1,8582.57981476793,1,0.0
2362,44,28210.473748906297,Mortgage,1,1401.2107673627024,1,5212.473575266757,1,0,0.0,1,0.6539848661065271
2363,72,31649.874807803277,Rent,1,554.4839688817736,1,1136.4797722722444,0,0,0.0,1,0.0
2364,28,525.5206015037594,Rent,0,0.0,0,0.0,0,0,0.0,0,0.0
2365,43,20306.02937967517,Rent,1,1733.500692722962,1,2964.9737941352205,0,0,0.0,1,0.0
2366,26,2119.6864274375403,Rent,0,0.0,0,0.0,0,0,0.0,0,0.0
2367,30,13283.461597040605,Rent,1,454.7142552417476,1,1767.4853879039063,0,0,0.0,0,0.0
2368,49,7251.303956912961,Mortgage,1,1146.1439307209357,1,4819.731354803533,0,0,0.0,1,0.0
2369,67,37351.10918312652,Own,1,2193.5840886660235,1,39269.43283411435,0,0,0.0,1,0.0
2370,30,525.5206015037594,Rent,0,0.0,0,0.0,0,0,0.0,0,0.0
2371,58,74854.70066058155,Mortgage,1,1169.3841312316663,1,8080.849716873948,1,0,0.0,1,2477.5352665795267
2372,90,49941.385520467375,Own,1,7940.371676045309,1,96758.46639356414,1,1,9056.589274880005,1,19.310781659427448
2373,42,10926.425965092843,Rent,1,670.0584954206649,1,1973.820941503031,0,0,0.0,0,0.0
2374,38,14957.948806926957,Rent,1,280.4193355867071,1,1599.3170942208585,0,0,0.0,0,0.0
2375,30,525.5206015037594,Rent,0,0.0,0,0.0,0,0,0.0,0,0.0
2376,28,23140.938690668067,Rent,1,292.08960545945797,1,2508.321789869078,0,0,0.0,0,0.0
2377,40,41328.96372669931,Rent,1,1157.344435830843,1,2622.063994386602,0,0,0.0,0,0.0
2378,62,47854.18028510492,Mortgage,1,1280.3773378003084,1,4254.918948080169,0,0,0.0,1,2246.41466165799
2379,32,6944.420430890101,Rent,1,324.2370161872084,0,0.0,0,0,0.0,0,0.0
2380,80,84396.09327517686,Own,1,7160.001908896353,1,42774.49429505955,1,1,6823.071011123303,1,0.0
2381,91,35707.44932075175,Own,1,11683.499024570589,1,43910.65257164029,1,1,8347.104873744249,1,30.75187559420143
2382,77,188570.74687133802,Own,1,5402.471976347954,1,91406.42838621413,1,1,4944.941922440548,1,6187.972847768603
2383,47,35383.28522242272,Mortgage,1,1268.0007191311329,1,5472.699747847391,0,0,0.0,1,0.0
2384,32,10929.690794657232,Rent,1,1675.5982831671763,1,2615.6105330541636,0,0,0.0,0,0.0
2385,91,91682.87688890212,Own,1,19733.521183392724,1,95084.81120197951,1,1,19647.49817640646,1,16273.47260813666
2386,52,32714.91415086449,Mortgage,1,2635.7683823966345,1,4706.105152805953,0,0,0.0,1,0.0
2387,32,16512.746543240442,Rent,1,447.8930630595223,1,2358.0500327217874,0,0,0.0,0,0.0
2388,27,7718.849966474392,Rent,1,502.92015212033004,0,0.0,0,0,0.0,0,0.0
2389,41,1997.0700678603425,Rent,1,586.2578788072392,0,0.0,0,0,0.0,1,0.0
2390,75,95046.52688435435,Own,1,37042.95989246183,1,79314.54998364339,1,1,19409.41924451387,1,9303.135537479453
2391,80,49969.99877796299,Own,1,2460.539319122548,1,38085.14296657204,0,0,0.0,1,3902.98632091772
2392,43,41742.41577885431,Mortgage,1,1730.888683387585,1,8530.629525996368,1,0,0.0,1,4087.3464421713056
2393,57,40959.326443385624,Mortgage,0,0.0,0,0.0,0,0,0.0,1,0.0
2394,30,7459.824474821993,Rent,1,491.2045496790195,0,0.0,0,0,0.0,0,0.0
2395,43,18080.47256912232,Mortgage,1,1011.629115467739,0,0.0,0,0,0.0,1,0.0
2396,50,46398.0652850763,Mortgage,1,1628.0322356500474,1,1895.519564774728,0,0,0.0,1,0.0
2397,40,50427.039487798225,Mortgage,1,1208.8458248705679,1,1474.5802758148184,0,0,0.0,1,0.0
2398,78,4320.466196637171,Rent,1,2935.474808736892,1,43726.657907546374,0,0,0.0,0,0.0
2399,29,19388.199412341437,Rent,1,0.0,1,2184.1348999978195,0,0,0.0,0,0.0
2400,68,23100.209771327874,Own,1,3538.770061597099,1,71605.67314918025,1,0,0.0,1,0.0
2401,55,30266.722895200797,Mortgage,1,2861.2788602326327,1,4595.381119210312,0,0,0.0,1,0.0
2402,29,5491.937130772143,Rent,1,775.5486679655826,0,0.0,0,0,0.0,0,0.0
2403,31,731.9271248772566,Rent,0,0.0,0,0.0,0,0,0.0,0,0.0
2404,61,50849.89954840239,Mortgage,1,2709.409905923,1,8874.3876443676,1,0,0.0,1,2506.909757958478
2405,63,26828.54907500958,Mortgage,1,2396.712766967575,1,8508.947005260596,0,0,0.0,1,2.65864990176376
2406,67,41349.688060327026,Mortgage,1,1950.1008430279146,1,8867.637303231159,0,0,0.0,1,0.0
2407,40,21635.00537955387,Rent,1,839.8702671092752,1,0.0,0,0,0.0,0,0.0
2408,53,11067.598194302002,Mortgage,1,1131.1479300937697,1,1697.0550370406756,0,0,0.0,1,3114.361385167408
2409,65,86343.9006184827,Mortgage,1,1750.2942622137923,1,8993.528239462647,1,0,0.0,1,0.0
2410,59,14079.75474470928,Rent,1,1159.846215942432,0,0.0,0,0,0.0,1,0.0
2411,54,15654.670522995762,Mortgage,1,1523.1197484780575,1,1939.8708892979669,1,0,0.0,1,2028.3360075467817
2412,45,17075.8499736085,Rent,1,536.3654809779011,1,1215.7257263659658,0,0,0.0,0,0.0
2413,28,12688.091586649993,Rent,1,340.3226309546883,1,1691.7578163658509,0,0,0.0,0,0.0
2414,54,14323.434959290718,Rent,0,0.0,0,0.0,0,0,0.0,0,0.0
2415,30,14924.245045659947,Rent,1,605.6858638914888,1,77.11638594010242,0,0,0.0,0,0.0
2416,64,14045.651633368721,Mortgage,1,862.6332693848877,0,0.0,1,1,46.11178897964093,1,8.516087417335406
2417,41,12047.341490617353,Rent,1,296.02159996868284,1,1151.362015399188,0,0,0.0,0,0.0
2418,30,23353.441376215364,Rent,1,771.1486013876366,1,2481.1849629572434,0,0,0.0,0,0.0
2419,71,45510.09235037253,Mortgage,1,1895.3570290275013,1,9385.83549470995,0,0,0.0,1,3688.06756909502
2420,42,13282.170938252479,Mortgage,1,1349.9180003527779,1,3858.586816303685,0,0,0.0,1,2.086473202579936
2421,91,723567.2962856832,Own,1,31446.75567363362,1,94228.60254813987,1,1,7188.1390200000205,1,10094.578810112265
2422,88,145025.5944762117,Own,1,2457.5459965502027,1,92664.53528243872,1,1,42309.995178607736,1,19.449725272968934
2423,42,14931.784002864657,Rent,1,428.501717011578,1,1154.2402409239007,0,0,0.0,0,0.0
2424,30,19754.66499191821,Mortgage,1,606.2859737153109,0,0.0,0,0,0.0,1,0.0
2425,52,31333.006256638608,Mortgage,1,1120.1956672301535,1,3948.7054174580408,1,0,0.0,1,0.0
2426,70,20755.958149476664,Rent,1,2140.291768608993,1,3358.528191336863,0,0,0.0,0,0.0
2427,30,5064.9796542494405,Rent,1,324.2807529547888,0,0.0,0,0,0.0,0,0.0
2428,91,192237.138760691,Own,1,6709.325913693908,1,94024.94052697919,1,1,12342.736263656752,1,0.0
2429,76,72977.31318466313,Own,1,3902.737462268412,1,82243.31062062847,1,1,7270.449378535654,1,10.596313712437732
2430,64,35290.55565143661,Own,1,3799.534172857381,1,8364.221812371627,0,0,0.0,1,0.0
2431,72,116536.27128542375,Own,1,8051.0281304467135,1,40694.17050646861,0,0,0.0,1,6.399287923100442
2432,28,525.5206015037594,Rent,0,0.0,0,0.0,0,0,0.0,0,0.0
2433,66,23984.673082137204,Mortgage,1,1297.1550329310094,1,7621.4146008882635,1,0,0.0,1,2205.034761023893
2434,29,16795.88390607115,Rent,1,1188.9464526256802,1,2463.5369702652674,0,0,0.0,0,0.0
2435,36,29238.182348814003,Rent,1,942.4060836974411,1,736.778638312348,0,0,0.0,0,0.0
2436,52,24450.82786439205,Own,1,970.1360113743739,1,2020.2018571606357,0,0,0.0,1,3981.6494172166554
2437,61,45981.38731248949,Rent,1,1091.161678988928,1,1558.6482936227671,0,0,0.0,1,0.0
2438,35,7018.095706090155,Rent,1,665.3708891477473,1,872.0024324900917,0,0,0.0,0,0.0
2439,71,45145.28368230145,Rent,1,874.7123022463306,1,7959.747134102224,0,0,0.0,1,0.0
2440,36,14462.886794052258,Rent,1,602.8723485575247,1,0.0,0,0,0.0,0,0.0
2441,38,17273.651272661155,Rent,1,515.8215824486012,1,2003.866480019347,0,0,0.0,0,0.0
2442,62,57732.64453000688,Mortgage,1,1751.1106635653082,1,1470.9859499977151,1,0,0.0,1,0.0
2443,50,41500.171666049515,Mortgage,1,2112.6427580276804,1,3156.1405722103873,0,0,0.0,1,0.0
2444,39,33225.10922091069,Own,1,1962.4288781497198,1,36281.04096420292,0,0,0.0,1,0.0
2445,28,16529.419886147305,Rent,1,804.5413648564687,1,3066.926300562186,0,0,0.0,0,0.0
2446,32,17883.725429064107,Rent,1,1532.7591004081614,1,1693.9538480904503,0,0,0.0,0,0.0
2447,78,112057.90281995526,Own,1,4472.437988364283,1,42304.93804322932,0,1,17252.804457404465,1,0.0
2448,90,83718.96426979806,Own,1,9479.41082246283,1,82185.8546376975,1,1,18457.774004700324,1,11341.781365320774
2449,53,36256.297581597195,Mortgage,1,733.6363441824808,1,2314.3984300499883,0,0,0.0,1,11.617285442305826
2450,71,55689.881237694375,Rent,1,1041.8769615446072,1,8736.17318764883,0,0,0.0,1,0.0
2451,62,24794.825282229278,Mortgage,1,2471.3386797892076,1,2726.5642834879973,1,0,0.0,1,0.0
2452,77,25126.85215526273,Mortgage,1,1893.0332855258548,1,8034.480080730202,1,0,0.0,1,0.0
2453,91,131657.25101573116,Own,1,6605.831043823207,1,78697.6572447137,1,1,5345.116905917682,1,6206.287107331964
2454,52,19023.93993299527,Mortgage,1,1035.3547160791686,1,9731.633078522631,0,0,0.0,1,2381.719247380849
2455,88,113122.21105893825,Own,1,4154.689191125288,1,77606.89386276614,1,1,11949.825814362015,1,13.739813594643246
2456,58,47662.202716231965,Own,1,850.6214553555175,1,35511.49775455836,0,0,0.0,1,2379.065954985677
2457,86,108995.87463377244,Own,1,7976.569777617138,1,45325.59467456384,1,1,11098.364684331234,1,8.444262670506854
2458,89,82914.47746232523,Own,1,30311.968042887776,1,95905.84031518991,1,1,4360.429605293773,1,14746.101932845067
2459,49,30264.68412224022,Rent,1,1124.6241479310916,1,3083.0201100751715,0,0,0.0,0,0.0
2460,42,21700.370786619522,Rent,1,2020.9009267479419,1,2749.289597462577,0,0,0.0,1,0.0
2461,65,49215.804649498124,Mortgage,1,2112.4070365850266,1,8134.011412342652,1,0,0.0,1,4432.280215327607
2462,31,33873.94522002089,Rent,1,418.2728691493038,0,0.0,0,0,0.0,0,0.0
2463,65,28070.2418239201,Mortgage,1,758.5228382905698,1,3095.267967051961,1,0,0.0,1,0.0
2464,30,525.5206015037594,Rent,1,144.02717154682819,1,7.287580202203571,0,0,0.0,0,0.0
2465,55,43206.168216717626,Mortgage,1,2043.5604367944889,1,2349.185961917845,1,0,0.0,1,2.9298004612109936
2466,89,115307.85334100077,Own,1,3072.31470375957,1,94443.95672424996,0,1,4502.490149427783,1,5945.144126890095
2467,68,34891.65404511149,Mortgage,1,2074.9020788737507,1,7427.271317371587,1,0,0.0,1,4093.3367325967356
2468,70,26805.665555141586,Mortgage,1,1645.5036573406705,1,36377.71537394176,0,0,0.0,1,0.9801557060287385
2469,67,76204.65671761069,Mortgage,1,1667.6097307634839,1,75871.72767198583,1,0,0.0,1,0.0
2470,41,5006.010630185736,Rent,1,937.305498957835,1,722.0362681112497,0,0,0.0,0,0.0
2471,77,110245.52373258886,Own,1,3903.8435137754545,1,39261.87207203353,1,1,5828.468775982644,1,8966.892519826182
2472,39,525.5206015037594,Rent,1,151.1140645921048,0,0.0,0,0,0.0,0,0.0
2473,37,20525.016620630115,Rent,1,418.5854097262843,1,842.3977580568576,0,0,0.0,0,0.0
2474,66,29738.82317573681,Mortgage,1,2194.4994250471823,1,7740.69697776399,1,0,0.0,1,4601.904898314092
2475,37,525.5206015037594,Rent,1,0.0,1,348.7704214085511,0,0,0.0,0,0.0
2476,34,525.5206015037594,Rent,1,465.0166577084189,0,0.0,0,0,0.0,0,0.0
2477,61,22299.519045431705,Rent,1,1871.4422379113616,1,661.1179051215518,0,0,0.0,1,0.0
2478,64,30655.577604737813,Mortgage,1,1462.6309602171063,1,1856.7036601962154,0,0,0.0,1,0.0
2479,30,1690.084334437388,Rent,1,340.2394128888054,1,268.20039206819865,0,0,0.0,0,0.0
2480,32,7882.343478850813,Mortgage,1,978.0989136395657,1,4192.6564179927755,0,0,0.0,0,0.0
2481,38,37222.01603769986,Rent,1,1886.1322479097591,1,557.396746123359,0,0,0.0,0,0.0
2482,42,4559.647685017786,Rent,1,229.22077993830055,1,0.0,0,0,0.0,0,0.0
2483,30,4171.936688683705,Rent,1,203.01666399107717,0,0.0,0,0,0.0,0,0.0
2484,59,46875.53170553532,Mortgage,1,1679.4329365176645,1,8008.583604112664,1,0,0.0,1,0.0
2485,64,44436.34928762607,Own,1,2563.449989547302,1,35849.68312018433,0,0,0.0,1,6084.718122794234
2486,45,14548.68903534593,Rent,1,1006.5397958501557,1,1099.5744281697694,0,0,0.0,0,0.0
2487,68,81818.07989360433,Own,1,2460.188038018683,1,8554.770298300533,0,0,0.0,1,6157.695480600759
2488,75,81760.032533133,Own,1,2218.3614817764555,1,43083.36779299316,0,0,0.0,1,8.05784132731467
2489,39,26708.905680133656,Rent,1,2057.2720740309496,1,2700.98899342255,1,0,0.0,1,9.221232513877734
2490,39,37237.92777476663,Mortgage,1,507.6173036472534,1,4446.146425583187,0,0,0.0,1,0.0
2491,67,32245.86052194741,Mortgage,1,4332.667234045133,1,9301.093407126511,0,0,0.0,1,5591.454843990277
2492,65,29444.271540596717,Mortgage,1,1846.3003260043242,1,4068.487277190391,1,0,0.0,1,2.588214140507633
2493,41,48806.3648241466,Own,1,1751.1890473837366,0,0.0,0,0,0.0,1,0.0
2494,66,39125.22529319991,Mortgage,1,2439.243901956714,1,7883.0885283659745,1,0,0.0,1,2231.969202500005
2495,48,34759.29832520165,Rent,1,1816.2663893189485,1,3322.3830615838115,0,0,0.0,1,0.0
2496,86,109924.02963553759,Own,1,20631.608305410402,1,93553.96906302407,1,1,5549.111302835181,1,15.720438435221785
2497,29,9223.792956862526,Rent,1,429.9617271482763,1,544.6901486221414,0,0,0.0,0,0.0
2498,45,17103.857269310858,Rent,1,394.285468521661,1,2280.2428505019075,0,0,0.0,0,0.0
2499,61,36772.36576350473,Mortgage,1,1164.7629162369349,1,3356.1471183261474,0,0,0.0,1,0.0
2500,65,47649.91270731909,Own,1,2528.2610805082036,1,35624.39249803513,0,0,0.0,1,3181.4311348815077
2501,45,23595.205681813644,Mortgage,1,2119.020684459087,1,2183.3322592774707,0,0,0.0,1,0.0
2502,82,95987.92802712289,Own,1,2488.2315431906163,1,35037.813416232195,0,0,0.0,1,0.0
2503,61,29908.23291879477,Own,1,1778.2032978658133,1,8279.199053603605,0,0,0.0,1,8.700119369891086
2504,60,44489.029972523706,Mortgage,1,1543.8266929080967,1,8665.902313043138,1,0,0.0,1,4628.3001572618705
2505,65,52706.96942039595,Mortgage,1,2423.6582653622113,1,1613.7937238257546,1,0,0.0,1,0.0
2506,30,1634.426597847203,Rent,0,0.0,0,0.0,0,0,0.0,0,0.0
2507,49,47434.530265171095,Mortgage,1,1192.6372743239428,1,9432.169157905384,1,0,0.0,1,0.0
2508,59,52464.59786117358,Mortgage,1,1216.282058555546,1,8498.524048956857,1,0,0.0,1,5745.096733590542
2509,39,525.5206015037594,Rent,0,0.0,0,0.0,0,0,0.0,0,0.0
2510,28,5298.272690756416,Rent,0,0.0,0,0.0,0,0,0.0,0,0.0
2511,77,71305.85308546887,Own,1,1396.7677986655108,1,7889.269932668548,0,0,0.0,1,4674.811886216707
2512,78,609453.3772145014,Own,1,11063.700793030326,1,77176.473620297,1,1,10327.823323916398,1,9.182934659745271
2513,69,36045.847549322985,Own,1,7916.097492851344,0,0.0,1,1,13473.122937664755,1,4.017200444853774
2514,74,22723.75528391562,Own,1,3228.916742279719,1,8401.775452493128,0,0,0.0,1,0.0
2515,30,525.5206015037594,Rent,0,0.0,0,0.0,0,0,0.0,0,0.0
2516,75,108218.9084328416,Own,1,5257.494706784457,1,40639.98455963305,0,1,17870.86371801056,1,0.0
2517,61,32847.32998014299,Own,1,2050.9988986114045,1,43784.39516694957,0,0,0.0,1,0.0
2518,28,525.5206015037594,Rent,0,0.0,0,0.0,0,0,0.0,0,0.0
2519,64,14524.571404196118,Rent,1,1064.1124886858752,0,0.0,0,0,0.0,1,0.0
2520,87,158380.2645216212,Own,1,9475.294804325746,1,91121.62577333635,1,1,12174.270062118827,1,14940.986406320342
2521,47,22086.014696359078,Mortgage,1,1852.5596416268609,1,4129.512090762596,0,0,0.0,1,0.0
2522,87,89105.05904831622,Own,1,3913.2615127658437,1,93894.07178135321,1,1,6598.740954864718,1,13.736360279639252
2523,64,24448.93442646831,Mortgage,1,2077.4546511930257,1,7676.362299502463,1,0,0.0,1,2.4369055766495795
2524,77,18768.581463778723,Rent,1,672.5856974622618,0,0.0,0,0,0.0,0,0.0
2525,28,7862.639518139382,Rent,1,297.5554602284782,1,2576.7963085996653,0,0,0.0,0,0.0
2526,43,24817.96294668936,Rent,0,0.0,1,1978.5245953485332,0,0,0.0,0,0.0
2527,56,8997.243285866341,Mortgage,1,965.2611897550186,1,3192.152255190995,0,0,0.0,1,0.0
2528,90,96174.78841596335,Own,1,3777.9362129805068,1,44554.395828777575,1,1,7821.952923615701,1,0.0
2529,46,41284.72553776178,Mortgage,1,1887.2906970975437,1,4067.2050477614457,0,0,0.0,1,2620.0068533929802
2530,62,46438.1663243978,Mortgage,1,2446.546002573054,1,4055.151612891441,0,0,0.0,1,0.0
2531,56,36366.87264171675,Mortgage,1,1866.7948432671333,1,8220.20088951947,0,0,0.0,1,0.0
2532,68,78306.55996573459,Own,1,8582.800819262851,1,94843.77771009991,1,1,7422.413630306201,1,9408.690119881494
2533,28,5943.655511415507,Rent,1,433.2140581996746,1,385.473709991345,0,0,0.0,0,0.0
2534,30,3913.5447667671197,Rent,0,0.0,0,0.0,0,0,0.0,0,0.0
2535,28,8447.67932207213,Rent,1,0.0,1,0.0,0,0,0.0,0,0.0
2536,46,12047.034868417068,Rent,1,371.2569374194802,1,3566.4078211202686,0,0,0.0,1,0.0
2537,87,591580.1182103541,Own,1,33780.01300130414,1,76513.0036174053,1,1,19602.034244683466,1,11232.339747493756
2538,71,37419.94072091451,Own,1,1371.1839789825035,1,34981.07035547102,0,0,0.0,1,6609.991311895591
2539,59,18452.293073180037,Mortgage,1,1604.0329597395767,1,3012.332499402006,0,0,0.0,1,0.0
2540,91,91846.67989561497,Own,1,6364.482594856002,1,9153.36360376,1,1,12432.512781171179,1,0.5563040301940242
2541,47,33346.32206068055,Mortgage,1,2089.220562661396,0,0.0,1,0,0.0,1,0.0
2542,54,29472.33668889417,Mortgage,1,2583.3709213968,1,2050.134457953616,1,0,0.0,1,0.0
2543,42,10798.135336305804,Rent,1,0.0,1,821.4719981804114,0,0,0.0,0,0.0
2544,32,13496.39561631736,Rent,1,1006.4579814980972,1,800.0662529797887,0,0,0.0,0,0.0
2545,70,50992.927138015744,Own,1,2045.6350219290457,1,8396.005429516845,0,0,0.0,1,0.0
2546,74,102121.56528969338,Own,1,26815.200142888814,1,96323.69041074872,1,1,37531.30953140369,1,30.635878653104594
2547,42,37792.78020340768,Mortgage,1,5180.662596746473,1,8713.596910635442,0,0,0.0,1,5330.915113456764
2548,72,44521.50173890022,Own,1,1412.6121386374266,1,36354.485154513924,0,0,0.0,1,2293.6730273479166
2549,61,82069.01326382787,Own,1,2334.2930280795235,1,36831.14083826193,0,0,0.0,1,0.0
2550,30,42924.840409849196,Mortgage,1,1313.6993467044247,1,3410.8432807942045,0,0,0.0,0,0.0
2551,37,525.5206015037594,Rent,0,0.0,0,0.0,0,0,0.0,0,0.0
2552,42,13472.829261185308,Rent,1,270.9618506348287,0,0.0,0,0,0.0,0,0.0
2553,62,30925.644803962754,Own,1,1654.9789584619925,1,1511.4740778291184,1,1,8170.407272639101,1,3707.8380058185858
2554,81,145400.82428150502,Own,1,3726.8171614216712,1,41010.02333727163,0,0,0.0,1,0.0
2555,52,35777.34751121442,Mortgage,1,2173.5331678731227,1,4094.174907181779,0,0,0.0,1,4.556327097172373
2556,79,488927.4935793859,Own,1,11115.56590202211,1,95023.79366626214,1,1,12597.258227954264,1,7.2435979096747936
2557,75,29632.04315635444,Own,1,1596.8170885452062,1,37848.27799032518,0,0,0.0,1,0.0
2558,57,26276.3379881897,Mortgage,1,2308.29286429012,1,9273.326084311397,0,0,0.0,1,5197.328218468305
2559,90,207860.91884691388,Own,1,32045.708225027553,1,91373.03115274031,1,1,4805.527298131057,1,0.0
2560,71,20915.285284942653,Mortgage,1,2049.5571050085996,1,9640.962029488297,1,0,0.0,1,3.6837910914768517
2561,55,29209.9359128624,Mortgage,1,436.90606197273655,1,3394.210717874623,0,0,0.0,1,0.0
2562,37,1855.2526544380871,Rent,1,598.8326670340678,0,0.0,0,0,0.0,0,0.0
2563,68,34678.13445179275,Own,1,1273.777739902941,1,1264.540850025864,0,0,0.0,1,0.0
2564,77,113264.61663502449,Own,1,1439.266859031784,0,0.0,0,0,0.0,1,3351.6904865010265
2565,57,26442.236946464087,Mortgage,1,1442.3765222543275,1,4037.4533151689175,0,0,0.0,1,0.0
2566,35,16061.49350245484,Rent,1,1232.0469093416016,1,1850.0034780107605,0,0,0.0,0,0.0
2567,29,525.5206015037594,Rent,0,0.0,0,0.0,0,0,0.0,0,0.0
2568,45,25895.058867447828,Mortgage,1,1094.6499226184312,1,3705.0902870907507,0,0,0.0,1,4.884591772144168
2569,30,24067.428841377136,Rent,1,610.5787079014648,1,0.0,0,0,0.0,0,0.0
2570,44,12128.971521308864,Rent,1,1925.574856568079,1,1948.066864031912,0,0,0.0,0,0.0
2571,65,48879.79004433032,Own,1,2204.534559317146,1,8060.296898446383,0,0,0.0,1,5177.8177450594285
2572,40,5070.011045808646,Rent,1,13.851302462414424,1,0.0,0,0,0.0,0,0.0
2573,29,6985.058325457285,Rent,0,0.0,0,0.0,0,0,0.0,0,0.0
2574,90,99854.18959420043,Own,1,6699.509669076767,1,96758.46639356414,1,1,22465.001408570053,1,10766.729516981666
2575,31,2752.5778777782434,Rent,1,857.5801265309051,1,0.0,0,0,0.0,0,0.0
2576,57,38372.188537851434,Mortgage,1,1746.2857838266923,1,9209.840437173498,0,0,0.0,1,0.0
2577,32,8363.413385761132,Rent,1,647.3234291633881,1,669.9380838013392,0,0,0.0,0,0.0
2578,32,15124.950326985889,Rent,1,368.76973383391044,1,658.0428353190684,0,0,0.0,0,0.0
2579,38,17214.979034787284,Mortgage,1,951.6321332839321,1,3163.2821358035935,0,0,0.0,0,0.0
2580,28,525.5206015037594,Rent,0,0.0,0,0.0,0,0,0.0,0,0.0
2581,43,20468.73154553224,Rent,1,1000.602381891756,1,2837.4289834092433,0,0,0.0,0,0.0
2582,60,16580.525255775745,Mortgage,1,1037.5329991918313,0,0.0,1,0,0.0,1,0.0
2583,31,18323.85350505483,Rent,1,738.0401786238501,0,0.0,0,0,0.0,0,0.0
2584,77,97145.78742899805,Own,1,3403.974646041082,1,43496.03845251615,0,1,9537.213104782295,1,5081.8935080359
2585,61,28704.523116148608,Mortgage,1,1586.053320423085,1,8820.573386023942,1,0,0.0,1,0.0
2586,30,4863.044544960145,Rent,1,1122.8461892252053,1,273.11962976254154,0,0,0.0,0,0.0
2587,68,70881.74854018795,Own,1,2105.298090798774,1,35006.36903284563,0,0,0.0,1,0.0
2588,74,48760.9941650063,Mortgage,1,1993.1126281423922,1,3858.1459177322913,0,0,0.0,1,5255.025028774899
2589,31,525.5206015037594,Rent,1,0.0,0,0.0,0,0,0.0,0,0.0
2590,48,28397.42201842172,Rent,1,2562.5505072592323,1,1980.8915051594172,0,0,0.0,0,0.0
2591,43,43778.30816634158,Mortgage,1,763.8557096446494,1,2630.078174398785,0,0,0.0,1,0.0
2592,51,16075.075617371112,Mortgage,1,1221.846076652075,1,3934.0332621203993,0,0,0.0,1,15.28214778001901
2593,59,45420.38424493733,Mortgage,1,1504.9718156668869,1,8637.178411684898,1,0,0.0,1,3680.1450759522245
2594,88,105012.39320173912,Own,1,3507.4495336211726,1,95255.7232535547,1,1,4515.709326020817,1,5777.198560344084
2595,68,49300.38441327744,Own,1,2332.3844507329513,0,0.0,1,0,0.0,1,9.108584757671697
2596,72,41831.81233979968,Own,1,1428.0828202236203,1,37880.96078229959,0,0,0.0,1,0.0
2597,63,27706.84830233238,Mortgage,1,382.59368488755985,1,9003.252931757846,1,0,0.0,1,10.622087917956106
2598,55,32408.805592911132,Mortgage,1,1543.6139609559543,1,9614.459007236144,0,0,0.0,1,6410.182008029121
2599,61,21170.251112404534,Mortgage,1,2024.5242731147077,1,8719.692100772902,1,0,0.0,1,0.0
2600,89,74875.72213832766,Own,1,11375.636691333833,1,94034.28630638812,1,1,7012.396658659901,1,8440.068182316985
2601,44,39001.9697511163,Mortgage,1,1771.2352281153555,1,5300.5087145445295,0,0,0.0,1,0.0
2602,60,15386.208949332286,Mortgage,1,1338.0810548253232,0,0.0,0,0,0.0,1,0.0
2603,77,66162.61980026466,Own,1,3346.1892131396125,1,95906.48833890632,1,1,11626.171449257956,1,0.0
2604,27,19294.705047923882,Rent,1,104.30585295641845,0,0.0,0,0,0.0,0,0.0
2605,65,49902.9050529361,Own,1,19819.464414747785,1,9350.214562877276,1,1,17296.347101377454,1,0.0
2606,41,24090.996938680782,Rent,1,961.0331002844608,1,1515.6885034830216,0,0,0.0,1,0.0
2607,62,13884.453848802928,Rent,1,1194.1134765180364,0,0.0,0,0,0.0,0,0.0
2608,28,31566.4223719258,Rent,1,1229.4175317095253,1,3785.3836741902287,0,0,0.0,0,0.0
2609,29,21064.891340378126,Rent,1,1439.8582103708145,1,1914.017623443609,0,0,0.0,0,0.0
2610,88,82829.41590901365,Own,1,6706.422813149352,1,92960.82522556795,1,1,5995.189901654543,1,7049.750261440053
2611,63,49732.27621599473,Mortgage,1,2634.2445317234733,1,8328.90329986803,1,0,0.0,1,0.0
2612,67,170868.7141437033,Own,1,38073.07061872154,1,82046.41990448408,1,1,11050.87565240145,1,8822.078736368368
2613,30,2890.534638951469,Rent,0,0.0,0,0.0,0,0,0.0,0,0.0
2614,63,38890.82396520602,Mortgage,1,1142.2606278930525,0,0.0,1,0,0.0,1,3743.700526253442
2615,62,30972.13772719369,Own,1,1790.1227892639079,1,36411.218337559236,0,0,0.0,1,4.695687231166642
2616,30,25335.289542223436,Rent,1,968.4521859002592,1,1820.0828446617938,0,0,0.0,1,0.0
2617,37,14220.45722899023,Rent,1,724.9350768076298,1,897.2111807832639,0,0,0.0,0,0.0
2618,44,28282.521607978313,Rent,1,1051.0475337844323,1,34967.393172187665,0,0,0.0,1,2.471111317583626
2619,70,27014.614664164998,Mortgage,1,1503.4803059458034,1,2752.2281807287445,0,0,0.0,1,9267.690510207576
2620,26,525.5206015037594,Rent,0,0.0,0,0.0,0,0,0.0,0,0.0
2621,78,177713.17658294152,Own,1,3449.643385183481,1,94885.7892920696,1,1,11791.570990260283,1,6352.795533988704
2622,50,28574.01225306873,Mortgage,1,842.9486336900287,1,8010.53265512054,0,0,0.0,1,0.0
2623,70,106033.92697183468,Own,1,1528.749028167495,1,36718.06464194784,0,0,0.0,1,8.845703280651039
2624,39,525.5206015037594,Rent,0,0.0,0,0.0,0,0,0.0,0,0.0
2625,64,47894.20738053947,Own,1,1830.838633593914,1,8015.568931105437,0,0,0.0,1,0.0
2626,87,86765.45886623053,Own,1,5016.024042037938,1,42517.56646592772,0,1,6953.572507837386,1,0.0
2627,69,106727.86003331492,Own,1,2534.7338570597826,1,36851.81551993707,0,0,0.0,1,4853.73882664798
2628,31,3569.0907296276455,Rent,0,0.0,0,0.0,0,0,0.0,0,0.0
2629,52,30153.969442506623,Mortgage,1,1279.033276764084,1,36644.624828348344,0,0,0.0,1,3224.665112230795
2630,52,36716.71040516351,Mortgage,1,2169.5728641314668,1,1932.247914863718,0,0,0.0,1,0.0
2631,67,116063.47811079088,Own,1,3632.816558348862,1,39693.615081236305,0,1,9633.954651425616,1,0.0
2632,90,498047.88788938196,Own,1,25580.612298237218,1,94552.33230977457,1,1,8957.092359065513,1,10167.18772361452
2633,91,633288.4651859358,Own,1,9024.271882086363,1,89152.9616583663,1,1,13868.57219485852,1,16882.658781845894
2634,56,41615.745679894,Mortgage,1,1858.5014273564827,1,8756.851212750173,1,0,0.0,1,1.6992352139687505
2635,64,53257.27318897958,Mortgage,1,1608.4455063940163,1,2849.7620035226846,1,0,0.0,1,4057.7654864892147
2636,37,525.5206015037594,Rent,1,227.512504541843,1,382.4633862452363,0,0,0.0,0,0.0
2637,62,53277.60739943852,Mortgage,1,2129.279549326332,1,9605.791992325841,0,0,0.0,1,0.0
2638,31,525.5206015037594,Rent,1,0.0,1,0.0,0,0,0.0,0,0.0
2639,30,19210.212183300733,Rent,1,567.405145506754,1,689.845196915843,0,0,0.0,0,0.0
2640,68,58427.326549666985,Mortgage,1,1293.1838676058733,1,8811.853984322262,1,0,0.0,1,2232.12520013248
2641,30,33494.762077498126,Rent,1,862.5804728559257,1,1969.4463406354437,0,0,0.0,1,0.0
2642,70,94312.3393092569,Own,1,4349.319438083463,1,44412.98315570344,0,1,8975.628674820236,1,4696.120334629282
2643,76,74609.28636136935,Own,1,1209.4475722423308,1,8152.751674657602,0,0,0.0,1,0.0
2644,36,19613.183887342708,Rent,1,1029.7966003720496,1,3008.182405944742,0,0,0.0,0,0.0
2645,29,11533.082634145612,Rent,1,867.3204824440453,1,928.7221851263519,0,0,0.0,0,0.0
2646,73,47637.7061972027,Own,1,1896.417089423537,1,8460.8325704864,0,0,0.0,1,0.0
2647,29,30568.29393879456,Rent,1,848.3061328337585,1,1906.2098606375262,0,0,0.0,0,0.0
2648,39,14012.993918875927,Rent,1,0.0,0,0.0,0,0,0.0,0,0.0
2649,51,16311.360180273898,Mortgage,1,1768.153559113131,1,2914.7867714370514,0,0,0.0,0,0.0
2650,70,43590.01029633946,Mortgage,1,1824.4569982863693,1,8282.2804622164,1,0,0.0,1,3524.968533259325
2651,47,19925.76083012993,Mortgage,1,2211.967447924241,1,3951.0526459392886,0,0,0.0,1,2170.152553736244
2652,30,11915.330180365545,Rent,1,557.9570819538433,0,0.0,0,0,0.0,0,0.0
2653,63,57258.604763624826,Mortgage,1,1550.00197827484,1,8083.379708869575,1,0,0.0,1,2350.4937343455
2654,89,97253.98817277914,Own,1,30449.07351777968,1,94094.162801489,1,1,12782.598754368497,1,6.146510070813133
2655,32,16897.846821418996,Rent,1,1065.331468076713,1,1485.4085640153635,0,0,0.0,0,0.0
2656,30,40849.708378904834,Mortgage,1,632.2872160750749,1,2595.519690902237,0,0,0.0,0,0.0
2657,38,19117.1137378398,Rent,1,828.2072522206063,1,1510.405859867764,0,0,0.0,1,6.901103454234226
2658,91,84522.1009683537,Own,1,3356.596608550382,1,94575.51923826634,1,1,6765.838700463959,1,3.7385327425473776
2659,47,9296.698666475135,Mortgage,1,1358.134477071928,1,9299.657713482933,0,0,0.0,1,0.0
2660,29,31957.726258894512,Rent,1,610.7603632462738,1,1164.3658214020593,0,0,0.0,0,0.0
2661,76,69483.56461397208,Own,1,1112.0000407445496,1,47113.033067171076,0,0,0.0,1,0.0
2662,61,54591.10753475597,Mortgage,1,1024.4810907415872,1,5005.872654642109,0,0,0.0,1,0.0
2663,46,31504.852077997402,Own,1,3791.5957777699255,1,1256.74051370281,0,0,0.0,1,13.158360053812343
2664,41,25641.611538090758,Own,1,1438.0791742419133,1,586.3828382054894,0,0,0.0,0,0.0
2665,69,22359.875543145667,Own,1,8055.920635840501,1,8248.008990105518,1,1,7819.290888807632,1,0.0
2666,80,699389.492604957,Own,1,7175.847361100831,1,94744.16344876941,1,1,21849.91777439671,1,18.793775647405543
2667,88,36154.202344399055,Own,1,21544.7601110341,1,95384.93956970182,1,1,22979.587723449844,1,9.91050677941735
2668,35,5274.324800045601,Rent,1,589.5135439374676,1,815.7233025187345,0,0,0.0,0,0.0
2669,78,116766.21055653661,Own,1,4321.864011892468,1,92047.74577690927,0,1,13612.53767684487,1,8310.821648663
2670,63,63050.261512396755,Mortgage,1,1896.865796146052,1,9056.143107332422,0,0,0.0,1,0.0
2671,66,30237.47095308141,Own,1,2045.6640912848163,0,0.0,0,0,0.0,1,3.7113089757657276
2672,89,108264.28293829819,Own,1,11328.693629909918,1,85455.8044322824,1,1,9915.022272736283,1,13.478170665218977
2673,89,117976.0094898093,Own,1,6270.965390680621,1,93812.98566666251,1,1,7725.214277688178,1,0.0
2674,31,16579.357057132474,Rent,1,946.4298368673893,1,1066.256880097462,0,0,0.0,0,0.0
2675,30,14156.979464845077,Rent,1,354.0335165537682,1,0.0,0,0,0.0,0,0.0
2676,47,22375.944569891235,Rent,1,796.0677801519303,1,0.0,0,0,0.0,0,0.0
2677,40,14178.983092058637,Mortgage,1,914.163169568307,1,4016.9321261759833,0,0,0.0,1,0.0
2678,44,22530.030211723286,Mortgage,1,553.3042877837702,1,9833.919217252314,0,0,0.0,1,0.0
2679,60,40071.40047341506,Mortgage,1,2446.201096883454,1,8722.115959926741,1,0,0.0,1,4305.290255559198
2680,56,37989.05394592298,Mortgage,1,1808.0819486176058,1,8236.354418676916,1,0,0.0,1,0.0
2681,68,24268.049459833863,Own,1,970.2210450454297,1,36083.99803960619,0,0,0.0,1,0.0
2682,66,45276.1147262072,Mortgage,1,1830.227535886943,1,7202.354409391138,1,0,0.0,1,0.0
2683,27,36319.39115446418,Rent,1,1269.871257588757,1,1686.8425882267547,0,0,0.0,0,0.0
2684,58,31971.486751644952,Own,1,2822.7773534955722,1,37045.8332133612,0,0,0.0,1,0.0
2685,71,81981.3387103136,Mortgage,1,11125.46094084224,1,71747.7950056234,1,1,21050.09456460641,1,0.0
2686,62,9551.487884005797,Mortgage,1,1059.0495653338467,1,8453.774191223376,1,0,0.0,1,5278.659543967922
2687,62,41488.211505230705,Mortgage,1,4118.549211442341,1,7984.507902383277,1,0,0.0,1,0.0
2688,45,13652.884727806046,Rent,1,760.2915989769228,0,0.0,0,0,0.0,0,0.0
2689,65,31469.246626950207,Own,1,3127.3888836460737,1,34722.11792318423,0,0,0.0,1,3506.8457597240454
2690,39,11477.85637538651,Rent,1,172.09506483037956,1,95.09794765926608,0,0,0.0,0,0.0
2691,62,52051.24549481114,Mortgage,1,1960.5398450141065,1,9092.594641265116,1,0,0.0,1,3339.1598858308334
2692,88,96511.21038915118,Own,1,6764.728369856005,1,92636.3128032192,1,1,11469.704931415814,1,14325.669481203495
2693,63,63088.984553911,Own,1,2134.494448199197,1,34416.59149846267,0,0,0.0,1,2355.1253550076926
2694,69,22176.481602091728,Own,1,2002.5705340936668,1,1549.1805624104018,0,0,0.0,1,0.0
2695,37,31998.93766116239,Rent,1,845.9137501170251,0,0.0,0,0,0.0,1,0.0
2696,41,15282.107125737408,Rent,1,382.5434171567123,0,0.0,0,0,0.0,0,0.0
2697,68,614555.9429155043,Own,1,24956.603875584406,1,95231.58561003715,1,1,17143.993156223587,1,30.95780691056326
2698,62,63876.33453221302,Mortgage,1,1575.3655928379903,1,8680.501079046417,1,0,0.0,1,2287.5404586108466
2699,32,13161.09611017273,Rent,1,205.59565568482606,1,705.0936289427527,0,0,0.0,0,0.0
2700,36,2746.2596021360278,Rent,1,364.5346553461008,0,0.0,0,0,0.0,0,0.0
2701,29,525.5206015037594,Rent,0,0.0,0,0.0,0,0,0.0,0,0.0
2702,79,19645.175453885593,Own,1,3104.1938514300887,1,92719.66387087929,0,1,0.0,1,6.647573662379507
2703,53,26660.90154883251,Mortgage,1,2243.71418213704,1,7340.971645381225,1,0,0.0,1,0.0
2704,87,98823.38119957119,Own,1,3516.3900228993443,1,8377.603433036586,0,0,0.0,1,12.591693990306467
2705,46,10037.120538316933,Rent,1,477.62732718788993,0,0.0,0,0,0.0,0,0.0
2706,46,21336.538865218354,Rent,1,959.1653629975546,1,2690.950457666306,0,0,0.0,1,0.0
2707,53,65789.35401571571,Mortgage,1,1501.7590074262214,0,0.0,0,0,0.0,1,4706.104004530612
2708,39,17512.49060317103,Mortgage,1,1415.416942302761,1,5640.34163493928,0,0,0.0,1,0.0
2709,29,13111.044972129217,Rent,1,1173.5489531508433,1,3130.4344564841535,0,0,0.0,0,0.0
2710,75,101808.78367540702,Own,1,2006.6223737420253,1,42873.74309652853,0,0,0.0,1,0.0
2711,46,27809.01597551759,Rent,1,844.7676103914567,1,1703.8617421235685,0,0,0.0,0,0.0
2712,27,13702.697188341384,Rent,1,617.9817172999904,1,485.13536482990094,0,0,0.0,0,0.0
2713,48,10786.34781964379,Mortgage,1,1446.2980965401925,1,1578.1982457856639,0,0,0.0,1,0.0
2714,34,3306.833509671118,Rent,1,0.0,0,0.0,0,0,0.0,0,0.0
2715,62,15368.892677714091,Mortgage,1,1565.0049535595836,1,3224.992944879349,0,0,0.0,1,0.0
2716,72,32232.711987680734,Own,1,2485.7597413730878,1,35658.51366211361,0,0,0.0,0,0.0
2717,48,49234.319353404426,Mortgage,1,2655.4565905148215,1,3759.4681454379083,0,0,0.0,1,0.0
2718,30,13606.060672275747,Rent,1,974.7861046862395,1,2400.5522089552733,0,0,0.0,0,0.0
2719,39,10772.289075615998,Rent,1,556.5056418594412,1,0.0,0,0,0.0,0,0.0
2720,78,70590.38707804627,Own,1,2599.9889664442358,1,41778.76333233455,0,0,0.0,1,3795.4833409914963
2721,36,20554.23210077847,Rent,0,0.0,1,968.8589460424428,0,0,0.0,0,0.0
2722,38,10778.152644472564,Rent,1,1321.2637253055022,1,2259.4582742757348,0,0,0.0,0,0.0
2723,36,6865.749723349407,Rent,0,0.0,0,0.0,0,0,0.0,0,0.0
2724,40,13646.404430205726,Rent,1,291.63373831304136,1,491.1111315330402,0,0,0.0,0,0.0
2725,57,26315.970362841847,Mortgage,1,1106.1442849850855,1,9388.874545018056,0,0,0.0,1,0.0
2726,58,56107.32691772215,Mortgage,1,1543.5757506916516,1,93042.96286670213,1,0,0.0,1,4032.274335811127
2727,32,21693.57318645264,Rent,1,194.93523231326446,1,1808.5999844135922,0,0,0.0,0,0.0
2728,87,185878.82606525795,Own,1,3888.7892795387224,1,93754.58254434272,0,1,11269.414018517093,1,2.272366230596235
2729,52,103214.04376722491,Own,1,2046.2292865368463,1,2563.2164670568586,0,0,0.0,1,0.0
2730,66,58305.469922952245,Own,1,2224.5781862252775,1,3014.846559341014,0,0,0.0,1,0.0
2731,77,37875.61790844904,Own,1,1934.6064647446601,1,33921.388997818074,0,0,0.0,1,0.0
2732,78,50134.01508245666,Own,1,2516.524449502037,1,41109.1149779153,0,0,0.0,1,13.346440064518546
2733,43,66056.62216548866,Own,1,1731.8831424596867,1,9551.540297556909,0,0,0.0,1,0.0
2734,28,525.5206015037594,Rent,0,0.0,0,0.0,0,0,0.0,0,0.0
2735,36,15561.152637064313,Rent,1,866.6249394735805,1,2372.782312682092,0,0,0.0,0,0.0
2736,89,494761.2011462492,Own,1,9286.12276512017,1,94627.52734513355,1,1,19674.43330935427,1,8.992048142238199
2737,70,198084.613404299,Own,1,4241.212066431064,1,9163.513348998493,0,0,0.0,1,0.0
2738,48,23856.564329609995,Mortgage,1,1073.2986817770266,0,0.0,0,0,0.0,1,0.0
2739,57,40398.81336727341,Mortgage,1,2333.1826082439884,1,8517.960188674373,1,0,0.0,1,3571.71162078336
2740,63,27114.635476114825,Own,1,1980.4688132204863,0,0.0,1,0,0.0,1,0.22618095497936125
2741,29,12683.939411021147,Rent,1,449.8215885429915,1,2797.125207097731,0,0,0.0,0,0.0
2742,39,2368.5358948180146,Mortgage,1,1670.9904525072498,1,3362.84769137913,0,0,0.0,1,0.0
2743,66,30216.754178420328,Mortgage,1,1561.6894425928515,1,8555.98536523696,1,0,0.0,1,3808.4372489575962
2744,33,7857.61683743814,Rent,1,622.2138110489312,1,2572.4777742301144,0,0,0.0,0,0.0
2745,29,4416.428404187416,Rent,0,0.0,0,0.0,0,0,0.0,0,0.0
2746,90,54659.62078073734,Own,1,8329.114634034018,1,96758.46639356414,1,1,11525.920708543794,1,0.0
2747,75,60477.75388740597,Own,1,1917.325751327597,1,7796.0377867342495,1,0,0.0,1,0.0
2748,65,31631.464002118533,Own,1,2964.2731961124873,1,8568.961057417091,1,0,0.0,1,0.0
2749,42,29613.121840940577,Mortgage,1,2429.330821870334,1,3733.2467283567485,0,0,0.0,1,3622.3066285223094
2750,64,52049.02708286575,Own,1,1936.9147974767259,1,9096.628511130599,0,0,0.0,1,4016.1837689681656
2751,30,14660.971123398216,Rent,1,188.4978893702979,1,0.0,0,0,0.0,0,0.0
2752,90,125319.1022952986,Own,1,3809.574782248001,1,95765.63070068564,1,1,12706.845893242154,1,15220.895746937695
2753,58,77580.12983468303,Own,1,24532.021756840586,1,96758.46639356414,1,1,8068.109163066045,1,26.94533122121991
2754,29,13033.098472908161,Rent,1,640.7892004146697,1,283.37101846486235,0,0,0.0,0,0.0
2755,27,525.5206015037594,Rent,0,0.0,0,0.0,0,0,0.0,0,0.0
2756,32,22152.752644277705,Rent,1,1006.1206912300028,1,3003.859595024592,0,0,0.0,0,0.0
2757,54,25607.50969061486,Rent,1,990.3794739553491,0,0.0,0,0,0.0,1,0.0
2758,27,2709.7727217499632,Rent,0,0.0,0,0.0,0,0,0.0,0,0.0
2759,31,525.5206015037594,Rent,0,0.0,0,0.0,0,0,0.0,0,0.0
2760,67,43648.35986416272,Own,1,2484.1265786084914,1,42049.32412678955,0,0,0.0,1,0.0
2761,91,46420.403882232946,Own,1,5575.72602315551,1,93519.99312029894,1,0,0.0,1,4604.886242487834
2762,58,115491.14529310213,Own,1,2111.56123866277,1,8083.680958603673,0,0,0.0,1,5174.986494318843
2763,88,67294.86617338558,Own,1,5191.283675080862,1,94387.88086836172,1,1,4946.030005474231,1,16798.415562703434
2764,64,49240.04457406905,Mortgage,1,1460.2048698986694,1,9299.048386108905,1,0,0.0,1,5.755342296836244
2765,89,105154.26511236545,Own,1,7152.754398507418,1,87931.33449334584,1,1,7124.72243164305,1,16.56322952389499
2766,31,525.5206015037594,Rent,0,0.0,0,0.0,0,0,0.0,0,0.0
2767,54,14005.794104407896,Mortgage,1,0.0,1,2324.3266032101387,0,0,0.0,0,0.0
2768,46,6101.045615979458,Rent,0,0.0,0,0.0,0,0,0.0,0,0.0
2769,45,18673.60606673103,Mortgage,1,1343.041782588637,1,2721.19923580099,0,0,0.0,1,0.0
2770,71,127412.51345139787,Own,1,4271.9939883020315,1,41841.84372512894,0,1,7848.135166546997,1,3915.1011418905337
2771,31,525.5206015037594,Rent,1,7.447885066192725,0,0.0,0,0,0.0,0,0.0
2772,30,525.5206015037594,Rent,0,0.0,0,0.0,0,0,0.0,0,0.0
2773,50,40109.4031360811,Own,1,2117.3993448353467,1,35679.39338669951,0,0,0.0,1,0.0
2774,65,31983.758376756778,Own,1,3338.8969031037846,1,40747.455255113346,0,0,0.0,1,0.0
2775,34,18397.68506756483,Rent,1,397.33016813453196,1,1036.5652951198044,0,0,0.0,0,0.0
2776,51,41911.201195427566,Mortgage,1,1751.4533315267226,1,8582.612285530331,1,0,0.0,1,0.0
2777,54,26286.4526535624,Mortgage,1,2268.250196152425,0,0.0,1,0,0.0,1,0.0
2778,91,59794.65226794449,Own,1,7267.482090947292,1,91998.06012800941,1,1,5684.068316566758,1,19171.21631620117
2779,37,51837.71240018245,Rent,1,1375.68616142823,0,0.0,0,0,0.0,0,0.0
2780,75,107468.86376165085,Own,1,8687.211108735642,1,41177.019967084816,1,1,7751.602021973591,1,6166.035081146108
2781,39,3052.315015928576,Rent,0,0.0,0,0.0,0,0,0.0,0,0.0
2782,32,3302.7730884128123,Rent,1,940.1080565120061,0,0.0,0,0,0.0,0,0.0
2783,43,14161.568572581018,Rent,1,125.14571346363618,1,461.24241458865254,0,0,0.0,0,0.0
2784,45,20992.6623579618,Mortgage,1,1755.3422915401898,1,4474.072025085688,0,0,0.0,1,0.0
2785,73,53425.916293560666,Own,1,2459.8211350388046,1,38322.16421952676,0,0,0.0,1,0.0
2786,45,25445.433904410795,Mortgage,1,1995.913809952032,1,3517.206796249364,0,0,0.0,1,0.0
2787,43,24565.64345892947,Mortgage,1,1048.7809285146657,1,4151.3213951896005,0,0,0.0,1,0.0
2788,72,38510.85887489609,Own,1,2253.4208136872176,1,8722.953891752057,0,0,0.0,1,2956.2625326292127
2789,60,45220.05949239244,Mortgage,1,1788.7154165649404,1,9957.433251987884,0,0,0.0,1,0.0
2790,59,32199.500074052015,Mortgage,1,2969.009597169339,1,9307.765914878084,0,0,0.0,1,0.0
2791,72,80906.7239718309,Own,1,4169.868438912836,1,44643.23095182068,0,1,4001.6336711265017,1,0.0
2792,48,42234.23036000064,Mortgage,1,1440.8215619593616,1,4058.413931231963,0,0,0.0,1,0.0
2793,48,47923.83822517647,Own,1,1712.692575535094,1,37289.46052006336,0,0,0.0,1,0.0
2794,79,112736.09956463684,Own,1,3766.9003752804388,1,73690.98454382175,1,1,4187.519395034708,1,0.0
2795,89,92796.74820696782,Own,1,3075.8295504205894,1,83941.05800173216,1,1,7262.8094037924775,1,9.552869903140905
2796,39,18338.86057115282,Rent,1,1132.506872835113,1,2169.0757685634694,0,0,0.0,0,0.0
2797,69,28700.040183453355,Mortgage,1,1320.7147641381403,1,38369.13725562103,0,0,0.0,1,4.332323699289921
2798,38,23897.997878932154,Mortgage,1,588.4153668968877,1,1576.196406245774,0,0,0.0,1,0.0
2799,53,25484.017090735208,Mortgage,1,1964.6670522177537,1,4084.2987423950376,1,0,0.0,1,0.0
2800,58,25790.322111715377,Mortgage,1,1396.6634276452278,0,0.0,1,0,0.0,1,0.0
2801,72,76183.51787977453,Own,1,2338.0595890501727,1,34979.222660458436,0,0,0.0,1,0.0
2802,47,23202.93368025034,Mortgage,1,1499.8788463933602,1,2547.490808770675,0,0,0.0,1,0.0
2803,88,580894.1024118544,Own,1,22745.775017868495,1,93593.49503190459,1,1,12475.754600092438,1,6996.205793627365
2804,38,525.5206015037594,Rent,0,0.0,0,0.0,0,0,0.0,0,0.0
2805,51,33494.619906356056,Mortgage,1,1171.181153628626,1,8456.499505580701,1,0,0.0,1,2413.815250722642
2806,32,17994.952341855187,Rent,1,762.575256669991,1,2117.187230180776,0,0,0.0,0,0.0
2807,62,39394.9193569651,Own,1,2396.73953526323,1,8513.663744735824,0,0,0.0,1,0.0
2808,30,11904.137889331316,Rent,1,171.8331170548165,1,0.0,0,0,0.0,0,0.0
2809,76,10638.587858919442,Own,1,1277.80847946336,0,0.0,0,0,0.0,1,0.0
2810,36,8207.969867589894,Rent,1,219.45146365432117,0,0.0,0,0,0.0,0,0.0
2811,62,40619.08298202313,Own,1,5800.730563406534,1,8997.71826606333,1,1,20089.3502269353,1,0.0
2812,31,525.5206015037594,Rent,0,0.0,0,0.0,0,0,0.0,0,0.0
2813,48,27923.681645381836,Rent,1,1008.6830326583055,1,795.4840899588194,0,0,0.0,0,0.0
2814,55,23797.253754267877,Mortgage,1,2515.45253547981,1,2422.2933644791897,1,0,0.0,1,16.83323490240983
2815,32,14755.502245818792,Rent,0,0.0,0,0.0,0,0,0.0,0,0.0
2816,46,31903.977198178334,Rent,1,762.4301422124207,1,1916.1714184829948,0,0,0.0,0,0.0
2817,63,48664.328355667676,Own,1,6426.530887217581,0,0.0,0,0,0.0,1,0.0
2818,47,25985.13882966193,Mortgage,1,2675.737669938354,1,3858.22648242744,1,0,0.0,1,4.983557932852347
2819,28,21016.71245607271,Rent,1,931.3151968101147,1,2297.8379017165653,0,0,0.0,0,0.0
2820,47,40999.96602774825,Mortgage,1,3821.401264896809,1,8564.450593402496,1,0,0.0,1,3820.463804833636
2821,41,36857.98851242616,Mortgage,1,1609.4049917020511,1,3627.7282225123445,0,0,0.0,1,0.0
2822,30,17160.456359284868,Rent,0,0.0,0,0.0,0,0,0.0,0,0.0
2823,62,39686.43908904175,Rent,1,908.2394364476193,1,8421.140657855625,1,0,0.0,1,0.0
2824,82,35377.58459848835,Own,1,1358.5577876905998,1,36990.127162190576,0,0,0.0,1,0.0
2825,56,19725.886419472656,Mortgage,1,1472.025676997133,1,8810.621124527064,1,0,0.0,1,0.0
2826,46,23851.362978300887,Rent,1,698.5265653516427,1,3901.1854908321293,0,0,0.0,0,0.0
2827,49,16004.129236199296,Rent,1,137.45903202729994,1,2456.0151385518966,0,0,0.0,0,0.0
2828,57,20065.697484040444,Own,1,1032.775384538915,1,906.8244066848129,1,0,0.0,1,0.0
2829,67,34842.59704032826,Own,1,2488.422087856691,1,7781.115651426943,1,0,0.0,1,0.0
2830,58,40710.129589313074,Mortgage,1,2431.390376226889,1,8737.514450327424,1,0,0.0,1,2.550037688069643
2831,31,12656.024305232226,Rent,1,258.3989369772563,0,0.0,0,0,0.0,0,0.0
2832,46,23290.19124158819,Mortgage,1,63.48035829582159,0,0.0,0,0,0.0,1,0.0
2833,30,10603.080659692238,Rent,1,466.8824445719061,1,188.6414503885735,0,0,0.0,0,0.0
2834,87,86531.65597050657,Own,1,5240.927988558058,1,75312.22076921917,1,1,8607.487901877055,1,18318.079722900522
2835,71,64686.339732754685,Mortgage,1,1880.3413609684967,1,9443.346250085975,0,0,0.0,1,0.0
2836,32,525.5206015037594,Rent,0,0.0,0,0.0,0,0,0.0,0,0.0
2837,68,34267.87295414167,Own,1,2055.656518723463,1,38157.069602438816,0,0,0.0,1,0.0
2838,46,38937.96967136927,Mortgage,1,1943.130256397595,1,8593.706668379413,1,0,0.0,1,0.0
2839,79,112616.03269276032,Own,1,4218.6413751461905,1,41335.0233564851,0,1,6618.295396754983,1,5671.956368797451
2840,76,61660.151047562715,Own,1,2734.244551097957,1,35115.39604826276,0,0,0.0,1,0.0
2841,30,525.5206015037594,Rent,0,0.0,0,0.0,0,0,0.0,0,0.0
2842,48,28646.190694593744,Mortgage,1,1672.1447719254463,1,10894.678263648217,0,0,0.0,1,0.0
2843,70,35945.852757411834,Rent,1,380.53891381550704,1,1205.6085019617137,0,0,0.0,0,0.0
2844,38,12007.97770420817,Rent,0,0.0,0,0.0,0,0,0.0,0,0.0
2845,29,14802.332668587094,Rent,0,0.0,0,0.0,0,0,0.0,0,0.0
2846,59,45547.06169229838,Mortgage,1,2035.991908920677,1,2539.9148763930107,1,0,0.0,1,4081.3978375159522
2847,34,13643.386989007477,Rent,1,861.4189661579641,1,2998.15154958581,0,0,0.0,0,0.0
2848,46,28245.871191323175,Rent,1,1750.791069536978,1,3364.384214623241,0,0,0.0,0,0.0
2849,91,86264.13541228496,Own,1,6316.819158388293,1,75060.98495040573,1,1,7344.927001568516,1,4.011808958055349
2850,78,95728.77498668115,Own,1,880.172667346812,0,0.0,0,0,0.0,1,0.0
2851,38,13005.684531814022,Rent,1,735.7699891955285,1,1032.2589466202387,0,0,0.0,0,0.0
2852,34,9584.394021045362,Rent,1,628.8606915260393,1,0.0,0,0,0.0,0,0.0
2853,77,143833.40012598678,Own,1,7190.735153292864,1,42674.092356155066,0,1,4.289057372965318,1,6299.713786199376
2854,30,525.5206015037594,Rent,1,538.8285406856917,1,2141.3797146387637,0,0,0.0,0,0.0
2855,91,82028.06366831859,Own,1,24750.69834798421,1,92644.79916793836,1,1,9179.468317080231,1,9696.126777390495
2856,30,525.5206015037594,Rent,1,107.88222026222206,0,0.0,0,0,0.0,0,0.0
2857,68,31559.58562029036,Mortgage,1,2383.413019491782,1,8202.727583064194,1,0,0.0,1,5073.907768138863
2858,29,24280.962232910162,Rent,1,1580.083652721705,1,38034.718271083824,0,0,0.0,1,0.3118989680436841
2859,64,26754.841817498447,Own,1,3289.5006556051917,1,96233.76692857314,1,1,0.0,1,11.91388404972938
2860,72,43740.034738048475,Own,1,1474.0485859836617,0,0.0,0,0,0.0,1,0.0
2861,91,94051.30724667637,Own,1,21796.901292356175,1,80626.98005585342,1,1,5164.99692899343,1,6559.541257156125
2862,30,525.5206015037594,Rent,0,0.0,0,0.0,0,0,0.0,0,0.0
2863,29,26295.043191507306,Rent,1,361.3343060340094,1,943.5179465716185,0,0,0.0,0,0.0
2864,74,41676.420608306646,Own,1,1657.214702247205,1,37253.37550746595,0,0,0.0,1,18.98978857048538
2865,54,30869.305227863846,Own,1,1409.8523020226135,1,8803.398650298044,0,0,0.0,1,0.0
2866,65,43043.583217390114,Mortgage,1,1420.9117880355366,1,9183.59899325814,0,0,0.0,1,4023.7563489006952
2867,43,8313.846861782271,Rent,1,211.12752933139677,1,1419.030918510129,0,0,0.0,0,0.0
2868,30,525.5206015037594,Rent,0,0.0,0,0.0,0,0,0.0,0,0.0
2869,65,13893.9490110634,Rent,1,643.0050587300207,1,2613.729427288824,0,0,0.0,1,5.627249741965627
2870,36,12702.93401753249,Rent,1,490.62033876125025,1,1679.7220854956363,0,0,0.0,1,3689.099330578271
2871,70,37275.00658016198,Own,1,1633.0893957964654,1,37611.7274145466,0,0,0.0,1,0.0
2872,72,36399.14293943967,Mortgage,1,2230.976779976437,1,8905.169685173629,1,0,0.0,1,0.0
2873,81,107112.03971499842,Own,1,1935.152005987814,1,35127.54724490542,0,0,0.0,1,5078.752623881308
2874,42,2932.1969304150534,Rent,0,0.0,0,0.0,0,0,0.0,0,0.0
2875,28,938.583519182288,Rent,0,0.0,0,0.0,0,0,0.0,0,0.0
2876,28,13378.099551927688,Rent,1,482.10050509218325,0,0.0,0,0,0.0,0,0.0
2877,41,8781.419584641455,Rent,0,0.0,0,0.0,0,0,0.0,0,0.0
2878,40,31584.118256157388,Rent,1,424.9647127965968,1,0.0,0,0,0.0,0,0.0
2879,51,38817.35669584029,Mortgage,1,1415.8826417127261,1,2661.45545606294,0,0,0.0,1,0.0
2880,63,50150.13584070001,Own,1,4439.702920120208,1,39245.936981741914,0,1,4664.968683177232,1,0.0
2881,40,8613.338353738058,Rent,1,246.31600479200972,1,726.6881861515253,0,0,0.0,0,0.0
2882,46,6011.610656553445,Rent,1,659.2528689359232,1,3190.32639800746,0,0,0.0,0,0.0
2883,39,6078.837248838794,Rent,0,0.0,0,0.0,0,0,0.0,0,0.0
2884,48,41201.294245238496,Mortgage,1,2921.55261858103,1,2837.898668224451,1,0,0.0,1,1.7355395771841473
2885,91,140108.79246313058,Own,1,4716.473064086707,1,95916.41615417702,1,1,7739.8430497294985,1,2.1477774287531926
2886,55,31843.716642026404,Own,1,1144.5747343860503,1,8004.156465837744,0,0,0.0,1,2277.78059216026
2887,32,19295.296865990284,Rent,1,722.9932677586016,0,0.0,0,0,0.0,1,0.0
2888,55,15086.167215248628,Mortgage,1,1672.212864305285,1,3389.3192636781014,0,0,0.0,1,0.0
2889,89,42040.49222398478,Own,1,6049.623236939736,1,8110.741656386674,0,0,0.0,1,6088.377515863242
2890,54,14467.920133432533,Own,1,1458.817130206903,1,44296.09680407514,0,0,0.0,0,0.0
2891,71,52626.507876143456,Own,1,3705.063730650482,1,41044.00809400196,0,1,3.4918681174858306,1,0.0
2892,32,7713.752372394671,Mortgage,1,1385.3453731303641,1,3285.6933843878696,0,0,0.0,0,0.0
2893,40,6430.08491886829,Rent,1,0.0,0,0.0,0,0,0.0,0,0.0
2894,79,30145.651869359088,Own,1,3874.371050011238,1,8623.459520921517,0,0,0.0,1,0.0
2895,33,27233.837462188076,Own,1,953.2294260548451,1,34763.314101632015,0,0,0.0,0,0.0
2896,58,22947.43492462507,Mortgage,1,1273.074713261059,1,3417.9706811875785,1,0,0.0,1,0.43015834548666565
2897,32,20964.927276570772,Rent,1,320.9300437282045,1,1627.1868686435037,0,0,0.0,0,0.0
2898,62,18977.783900905255,Own,1,2277.0239061556067,1,76204.598589759,0,1,4096.459842409289,1,0.0
2899,29,21399.593572028454,Rent,1,0.0,1,527.6689254266507,0,0,0.0,0,0.0
2900,37,37678.65737127009,Rent,1,1140.172743053241,1,1851.0873076810205,0,0,0.0,0,0.0
2901,32,525.5206015037594,Rent,1,0.0,0,0.0,0,0,0.0,0,0.0
2902,30,525.5206015037594,Rent,0,0.0,0,0.0,0,0,0.0,0,0.0
2903,58,39234.01550842887,Mortgage,1,1428.5677739206149,1,2422.835037896141,1,0,0.0,1,0.0
2904,67,37919.006948856746,Own,1,2674.853189389321,1,0.0,0,0,0.0,1,21.4941197953696
2905,43,6347.970564474057,Mortgage,1,858.6514556976019,0,0.0,0,0,0.0,0,0.0
2906,78,49818.7915524463,Own,1,2295.3179673928294,0,0.0,0,0,0.0,1,6549.156346004989
2907,31,11953.086523118694,Rent,1,696.0418884509568,1,191.4003490103978,0,0,0.0,0,0.0
2908,66,38046.38739322183,Mortgage,1,1397.5757100431051,1,1087.4688469731107,1,0,0.0,1,0.0
2909,47,22542.24355925548,Mortgage,1,1072.3393908073072,1,2792.302545586108,0,0,0.0,1,0.0
2910,28,7602.879991522666,Rent,1,283.1469731864896,1,459.54246273349327,0,0,0.0,0,0.0
2911,31,27905.614785676124,Rent,1,997.7878470182773,1,3209.57697325389,0,0,0.0,0,0.0
2912,31,12649.293425284515,Rent,1,469.20882688100767,1,2649.5759802350276,0,0,0.0,0,0.0
2913,41,24814.185868709534,Mortgage,1,1387.44715411672,1,3564.3971065882765,0,0,0.0,1,2260.0106392359157
2914,87,738506.2801567343,Own,1,32243.98091446417,1,96747.97671124592,1,1,42222.72621542543,1,0.0
2915,86,155481.5573993384,Own,1,15100.672459896974,1,95015.48572883096,1,1,14041.18942084515,1,16.650258268501357
2916,48,37148.766405684575,Own,1,1741.762744065424,1,33907.589105999454,0,0,0.0,1,27.485956746417887
2917,67,61655.54320747497,Own,1,2186.2004300790136,1,39450.606426835235,0,0,0.0,1,0.0
2918,39,525.5206015037594,Rent,1,564.1153370366545,1,984.5206859917223,0,0,0.0,0,0.0
2919,60,32743.08959364136,Own,1,749.5530954458131,0,0.0,0,0,0.0,1,0.0
2920,84,155356.0229716847,Own,1,11715.062689393122,1,94152.8788009726,1,1,10680.106057102133,1,4.196246667614615
2921,55,28388.7774414413,Mortgage,1,1873.323483858442,1,9846.319958667631,1,0,0.0,1,0.0
2922,29,20824.938330835037,Rent,1,944.9292815650691,0,0.0,0,0,0.0,0,0.0
2923,31,10262.006435442257,Rent,1,224.3347919621615,0,0.0,0,0,0.0,0,0.0
2924,51,15790.822682563672,Rent,1,864.583035932167,0,0.0,0,0,0.0,0,0.0
2925,78,48531.80500079975,Own,1,1719.3273340524154,1,75238.76187984107,1,0,0.0,1,0.0
2926,44,27405.074790369465,Mortgage,1,1539.4008080688388,1,4970.3338088715755,0,0,0.0,1,0.0
2927,29,525.5206015037594,Rent,0,0.0,1,242.02312002547637,0,0,0.0,0,0.0
2928,32,525.5206015037594,Rent,1,86.37111858012395,0,0.0,0,0,0.0,0,0.0
2929,65,43687.22310620418,Mortgage,1,1643.4250822945373,1,8093.794667672502,1,0,0.0,1,3643.6172599530596
2930,56,15311.369946434112,Rent,1,1227.8666200207476,1,814.3185706081251,0,0,0.0,0,0.0
2931,43,525.5206015037594,Rent,1,717.9929288215485,0,0.0,0,0,0.0,0,0.0
2932,63,37264.67105452263,Mortgage,1,1513.7367641997166,1,7886.168482887713,1,0,0.0,1,1.5677844629475366
2933,73,48639.62859126939,Own,1,1886.1099603481362,1,41321.831217906205,0,0,0.0,1,4223.900306713962
2934,41,32172.39784533214,Mortgage,1,1403.690654131417,1,4403.819059103471,0,0,0.0,1,0.0
2935,56,14762.121025336215,Mortgage,1,1666.4213176564208,1,8569.994615856855,1,0,0.0,1,11.07478357256813
2936,72,111359.77574122812,Own,1,1788.4216672416226,1,35991.59722765028,0,0,0.0,1,5239.506779407023
2937,42,12186.984093168274,Rent,1,485.3223977174951,0,0.0,0,0,0.0,0,0.0
2938,91,70314.84040950303,Own,1,9558.945974338048,1,95136.98031679269,1,1,21329.382725952797,1,4.503577685455051
2939,31,525.5206015037594,Rent,0,0.0,0,0.0,0,0,0.0,0,0.0
2940,42,24890.066587821984,Mortgage,1,1869.334427263142,1,2206.0108875746823,0,0,0.0,1,0.0
2941,76,36177.12550379111,Mortgage,1,1799.9526436388003,1,94246.14359873229,1,0,0.0,1,0.0
2942,61,98514.13544289698,Own,1,7097.614593168289,1,46868.204078099945,0,1,10343.382752389618,1,0.0
2943,62,33115.032576277365,Own,1,2125.720463757653,1,44515.94089073602,0,0,0.0,1,2.855162449136724
2944,41,13342.752608017709,Rent,1,917.0933246739066,0,0.0,0,0,0.0,0,0.0
2945,42,38672.144948837624,Mortgage,1,2381.2306843817337,1,4124.703224575485,1,0,0.0,1,1.8508519128492682
2946,87,95220.50070620747,Own,1,31325.119310409886,1,92856.24687515062,1,1,11818.078577401888,1,10647.576862868878
2947,72,77891.2774072029,Own,1,33523.68796108194,1,77891.76007733779,1,1,11478.115922579611,1,0.0
2948,63,47088.45488290268,Own,1,1966.4027773031582,1,43091.36599387065,0,0,0.0,1,3680.4339435416678
2949,47,19592.6654151829,Mortgage,1,2364.8924041042546,0,0.0,0,0,0.0,0,0.0
2950,77,211935.03529349697,Own,1,3375.370588630726,1,41192.53926391525,1,1,19317.70288392998,1,15845.483357075786
2951,53,29726.575024682897,Mortgage,1,2180.5084095578036,1,3758.2968304180367,0,0,0.0,1,3304.9966326745935
2952,65,52472.35245040396,Mortgage,1,2018.5655618371804,1,8043.414838058952,1,0,0.0,1,3684.284742624886
2953,68,73055.73473334915,Own,1,1858.2773518217964,1,1774.935254007741,0,0,0.0,1,11.72980103336819
2954,60,43337.22204496322,Mortgage,1,1034.0025111641821,1,3349.2089897850733,0,0,0.0,1,16.466540708787445
2955,30,55021.96449303036,Rent,1,1500.2469576026435,1,0.0,0,0,0.0,0,0.0
2956,66,47038.778877418314,Own,1,1938.6136237165565,1,36019.87495988349,0,1,0.0,1,5364.384122846366
2957,60,38107.56323761818,Mortgage,1,1735.1013439163066,1,7953.649434867424,1,0,0.0,1,2935.615130677218
2958,71,36669.90764899584,Own,1,4123.463284251587,1,8716.595412350009,1,0,0.0,1,0.0
2959,62,34351.49030408922,Mortgage,1,2225.4191075889407,1,903.3193826017155,1,0,0.0,1,0.0
2960,37,9440.781590158946,Rent,1,111.52354257825675,0,0.0,0,0,0.0,0,0.0
2961,38,9112.010581695362,Rent,0,0.0,0,0.0,0,0,0.0,0,0.0
2962,58,47620.03084395858,Mortgage,1,1612.281925349007,1,1092.5562867465278,1,0,0.0,1,0.0
2963,39,59770.400969344155,Own,1,3658.8049962070427,1,2133.650635477851,0,0,0.0,1,16.28916607471874
2964,74,34695.37611809022,Own,1,2028.455011557999,1,43960.54594630005,0,0,0.0,1,0.0
2965,41,13126.623078461249,Mortgage,1,1078.023035800273,0,0.0,0,0,0.0,1,0.0
2966,89,102037.38562215566,Own,1,5456.020300144117,1,92057.197221563,1,1,5971.004980160529,1,5772.198578132209
2967,80,77751.60011180854,Own,1,1450.089314742171,1,35597.67207202949,0,0,0.0,1,9282.706987635125
2968,59,52640.74889889229,Mortgage,1,2529.206626219869,1,2918.3388835611486,1,0,0.0,1,0.0
2969,52,26300.485649506907,Mortgage,1,963.46589252959,1,9806.113519077579,0,0,0.0,1,5244.715374759742
2970,73,43862.531453166725,Own,1,2961.2364049928747,1,37040.93793181705,0,0,0.0,1,2438.2827738594656
2971,61,39462.274389893966,Mortgage,1,853.2988418473793,1,1656.4350718913558,0,0,0.0,1,0.0
2972,30,63763.27295097433,Rent,1,768.3811648069494,1,2583.365401547881,0,0,0.0,1,8.292661240705435
2973,42,18668.469273790477,Mortgage,1,1287.1477598698964,1,4844.600278269567,0,0,0.0,1,3183.6854424302583
2974,38,45958.80468765284,Rent,1,1353.3013219611535,1,1394.96594057222,0,0,0.0,0,0.0
2975,32,525.5206015037594,Rent,0,0.0,0,0.0,0,0,0.0,0,0.0
2976,31,7980.96258618874,Rent,1,0.0,0,0.0,0,0,0.0,0,0.0
2977,44,37658.42571849684,Mortgage,1,1019.8054825278844,1,4229.4575614107725,0,0,0.0,1,1.064533450643908
2978,74,137307.53029491546,Own,1,7542.403147970716,1,39522.88969705484,0,1,10021.648364109104,1,19.66814018790131
2979,62,55028.30556112375,Own,1,1999.4482699553469,1,40303.94368377899,0,0,0.0,1,0.0
2980,34,26496.96958993864,Rent,1,805.6667370054038,1,1931.7399480229906,0,0,0.0,0,0.0
2981,38,19534.741159579717,Mortgage,1,969.4302124254401,1,5185.8235834374345,0,0,0.0,1,0.0
2982,65,50471.34127634077,Own,1,3838.517530509658,1,92513.03236979821,1,1,0.0,1,0.0
2983,73,95768.50962420389,Own,1,7925.171226136836,1,94817.79778971305,1,1,10206.29831765664,1,5145.578186313187
2984,72,22303.565470356018,Rent,1,1104.6886650000656,1,0.0,0,0,0.0,0,0.0
2985,32,12421.1508287289,Rent,1,110.39596142703999,0,0.0,0,0,0.0,0,0.0
2986,51,39160.13999457764,Mortgage,1,1305.3997040186293,1,9753.50715994976,1,0,0.0,1,6.815130028275064
2987,88,92491.68071371947,Own,1,29160.159887907463,1,90013.34868614549,1,1,18928.062426617882,1,4278.523716812873
2988,76,38140.87338597229,Own,1,743.8309562033753,1,43691.20682960642,0,0,0.0,0,0.0
2989,65,63846.687327464184,Own,1,1747.5683504027002,1,8570.138728924825,1,1,11743.10508578079,1,0.0
2990,84,67389.45386535986,Own,1,18901.629059986684,1,96758.46639356414,1,1,6918.134062391143,1,3.084272728195715
2991,44,40372.598355881644,Own,1,2677.9255770059367,1,2406.3897924912203,0,0,0.0,1,0.0
2992,39,8148.641375454265,Rent,1,233.71898827647271,0,0.0,0,0,0.0,0,0.0
2993,42,27415.747122481123,Mortgage,1,1494.1863287815413,1,3906.3572660227283,1,0,0.0,1,9.414459956429557
2994,67,51496.655159129776,Mortgage,1,2026.4477904860883,1,8124.951476740341,1,0,0.0,1,13.005383906266509
2995,45,3107.8484776118257,Rent,1,0.0,1,2146.643740313982,0,0,0.0,0,0.0
2996,74,95685.03362733948,Own,1,10334.034787347658,1,43818.15693335216,0,1,6070.3336528300915,1,8.211805709684784
2997,66,40872.008325680676,Mortgage,1,1006.8392153968621,1,7357.933554334063,1,0,0.0,1,0.0
2998,35,20876.845113386353,Mortgage,1,746.522259779009,0,0.0,0,0,0.0,1,1.6141989590283592
2999,73,21552.8986686618,Own,1,3303.2809422288424,1,96683.24208149129,1,0,0.0,1,5.998052068803841
3000,87,569651.3364590666,Own,1,36355.15093656624,1,94823.59915640918,1,1,8037.7565702375505,1,4.016977666486598
3001,85,72855.81796634526,Own,1,7914.085120833408,1,92341.86350389599,1,1,35283.308502580454,1,0.0
3002,73,62895.97618673375,Own,1,2055.7580609175484,1,35808.681845934894,0,0,0.0,1,0.0
3003,42,69054.37467521415,Own,1,2798.620528854444,1,9515.062779649248,1,0,0.0,1,0.0
3004,80,42930.71096555066,Own,1,2036.3312236735774,1,35309.52737557262,0,0,0.0,1,0.0
3005,46,15746.456947159244,Own,1,2214.8150625937333,0,0.0,1,0,0.0,1,4.9047734897081146
3006,51,36918.907366918895,Mortgage,1,2449.1055414046054,1,592.5525671712628,0,0,0.0,1,0.0
3007,59,37615.04851717922,Own,1,1790.7145997594293,1,9120.816652031464,0,0,0.0,1,0.0
3008,79,31478.610326591832,Own,1,1418.5153500338206,1,2029.4754651649143,0,0,0.0,1,0.0
3009,68,61310.53054174983,Mortgage,1,1275.0585226295934,1,7477.744841026257,1,0,0.0,1,5300.866453057968
3010,76,77192.30751948919,Own,1,7905.423536674892,1,93718.74481871424,1,1,7164.720866639025,1,10334.474310476984
3011,88,138450.95662970413,Own,1,9616.268687523581,1,41573.28639652717,0,1,10220.339089584686,1,0.0
3012,70,42849.62952828591,Mortgage,1,1894.686127507002,1,7951.536514119614,1,0,0.0,1,1.9363089435595726
3013,30,25190.25378696705,Rent,1,624.8250438328357,1,3438.653551383789,0,0,0.0,0,0.0
3014,56,35554.255257298995,Mortgage,1,2038.479843834051,1,8421.594334265257,1,0,0.0,1,3834.3047682134247
3015,80,612158.1585983969,Own,1,9785.48612264928,1,93002.05463069423,1,1,5106.796216576584,1,0.0
3016,51,20647.691639055345,Mortgage,1,568.5780240271025,1,3571.276559015761,1,0,0.0,1,0.0
3017,38,18199.196917361824,Own,1,1474.1343211281717,1,2370.139841264088,0,0,0.0,1,0.0
3018,90,66103.57447899078,Own,1,36129.16672464811,1,94837.91289586984,1,1,16912.897948785143,1,4223.823781467658
3019,38,12183.37315218084,Rent,1,1022.1951109840189,1,505.8265341451129,0,0,0.0,0,0.0
3020,60,39735.69776703418,Mortgage,1,822.039148977122,1,2304.904361263909,0,0,0.0,1,0.0
3021,36,525.5206015037594,Rent,0,0.0,0,0.0,0,0,0.0,0,0.0
3022,26,525.5206015037594,Rent,0,0.0,0,0.0,0,0,0.0,0,0.0
3023,78,101027.23136212773,Mortgage,1,3183.9649047573275,1,77280.43520080153,0,1,0.4347668751336869,1,3.8676763607480753
3024,45,53063.5383189196,Mortgage,1,1245.9149813371414,1,2475.045857692381,1,0,0.0,1,3444.21694078537
3025,37,20168.26319559902,Rent,1,681.7343505968432,1,574.6558926822611,0,0,0.0,0,0.0
3026,34,7975.063593176459,Rent,1,0.0,0,0.0,0,0,0.0,0,0.0
3027,88,95321.34704119773,Own,1,12670.182285997178,1,92483.6154559743,1,1,10439.83707154936,1,0.0
3028,85,117344.62434914843,Own,1,8261.590324113675,1,93204.78849351613,1,1,6390.71069215256,1,0.0
3029,88,58968.93499257992,Own,1,5746.387848910778,1,76592.19234444098,1,1,23028.341244016978,1,0.0
3030,60,68603.87553010714,Mortgage,1,3181.2523841284924,1,8920.088896493484,0,0,0.0,1,5985.962793847678
3031,30,525.5206015037594,Rent,1,0.0,1,495.7791428396563,0,0,0.0,0,0.0
3032,43,25779.188468106877,Mortgage,1,949.8975641111539,1,3803.614655376564,0,0,0.0,1,0.0
3033,51,7435.551378747239,Rent,1,358.6599209039431,1,1157.8414644032598,0,0,0.0,0,0.0
3034,44,19149.329394204866,Rent,1,867.5134432261161,1,2839.103274034629,0,0,0.0,0,0.0
3035,31,9953.836606060253,Rent,1,937.9863135145957,1,1067.5229230123139,0,0,0.0,0,0.0
3036,42,5844.930131610436,Rent,1,271.26209763389465,1,323.4593118075022,0,0,0.0,0,0.0
3037,31,28211.09719401801,Rent,1,1757.7228073060362,1,36837.622085463314,0,0,0.0,0,0.0
3038,68,13192.595387317724,Mortgage,1,2962.4669372005264,0,0.0,1,0,0.0,1,0.0
3039,70,47940.78690323641,Own,1,1702.5969170509006,1,43738.623883791806,0,0,0.0,1,0.0
3040,90,100835.69815629622,Own,1,10078.188464470863,1,71633.53256898293,1,1,7628.522036278994,1,8472.873161077829
3041,50,6952.432097320248,Mortgage,1,998.8798624939648,1,2831.4419965088346,0,0,0.0,1,6.5101329267217585
3042,91,144275.16031424206,Own,1,6925.637856670286,1,75940.90318533828,1,1,10112.179234133162,1,0.0
3043,40,525.5206015037594,Rent,0,0.0,0,0.0,0,0,0.0,0,0.0
3044,75,168986.693379968,Own,1,30692.62086449023,1,79561.4936343411,1,1,4086.057867385262,1,0.0
3045,52,22765.72178173405,Mortgage,1,1877.1507259490584,1,5236.292030755642,0,0,0.0,1,0.0
3046,71,20092.228476663986,Own,1,7782.949323297718,1,7734.579932796003,1,1,13870.607211685347,1,11.22205959766753
3047,76,93283.46338334243,Own,1,2583.8676970540205,1,39833.67563072138,0,1,4279.643171453669,1,4.77139983597157
3048,61,23621.50318127891,Rent,1,1031.2502568567006,0,0.0,0,0,0.0,0,0.0
3049,46,20018.01371164531,Mortgage,1,1212.9217369866285,1,3616.371451530179,0,0,0.0,1,2.5964016209705
3050,39,525.5206015037594,Rent,0,0.0,0,0.0,0,0,0.0,0,0.0
3051,60,46901.70017705575,Mortgage,1,2130.3925657709883,1,8218.890627034854,1,0,0.0,1,3828.023331589996
3052,63,40397.1950861329,Mortgage,1,2011.2217284786825,1,9740.94286490126,0,0,0.0,1,0.0
3053,54,23013.1271401263,Mortgage,1,1393.1032021018127,1,2552.6226694890192,1,0,0.0,1,0.0
3054,30,14165.867733948195,Rent,1,772.7561412244042,1,859.5727531362384,0,0,0.0,0,0.0
3055,85,80757.81163481927,Own,1,12589.207299647987,1,90916.16511816737,1,1,5501.377183335684,1,7775.531912942845
3056,60,52930.65778983334,Mortgage,1,2756.8188374776587,1,2420.8042511669837,0,0,0.0,1,1.2402618401886547
3057,65,27015.57689641732,Own,1,1836.255560003373,0,0.0,1,0,0.0,1,0.0
3058,66,24438.85160416548,Mortgage,1,1789.4629233321734,1,10133.567680991036,0,0,0.0,1,0.0
3059,89,110842.72308158368,Own,1,7272.2934547121895,1,39476.99338134951,1,1,7793.952064056701,1,0.0
3060,54,33283.57876158212,Mortgage,1,1032.8859233086007,1,4410.789192797412,0,0,0.0,1,0.0
3061,76,134115.21800869663,Own,1,4509.757371353605,1,35400.65516678186,0,0,0.0,1,0.0
3062,41,20857.46229297181,Mortgage,1,2455.290411003389,1,2934.2918887952846,0,0,0.0,1,0.0
3063,28,12879.25455862079,Rent,1,517.3875655910722,1,1712.7693831607598,0,0,0.0,0,0.0
3064,29,6482.763542035262,Rent,1,594.3511850543082,0,0.0,0,0,0.0,0,0.0
3065,68,34781.35414177516,Mortgage,1,2865.757018766328,1,8438.578275858668,1,0,0.0,1,0.0
3066,69,75912.65089243259,Own,1,1654.4561533816309,1,41538.6569323567,0,0,0.0,1,0.0
3067,52,22469.77904108658,Mortgage,1,911.5002801156656,1,3819.1465353377735,0,0,0.0,1,0.0
3068,58,31827.13150157286,Mortgage,1,2453.88988870816,1,8976.14984405948,0,0,0.0,1,3583.296498819853
3069,86,85207.07776034842,Own,1,4658.83734590556,1,96758.46639356414,1,1,6668.396903894261,1,0.0
3070,29,525.5206015037594,Rent,0,0.0,0,0.0,0,0,0.0,0,0.0
3071,39,5626.352637821634,Rent,1,0.0,0,0.0,0,0,0.0,0,0.0
3072,88,376118.45410961227,Own,1,8543.855337383775,1,96164.50762473072,1,1,18734.80469520505,1,0.0
3073,85,114368.2129290675,Own,1,6917.815589631178,1,42338.160824305734,0,1,7015.274901204037,1,0.0
3074,53,16826.983447464514,Rent,1,574.3758349516845,1,2058.2648589117157,0,0,0.0,0,0.0
3075,29,13092.991138277837,Rent,1,399.2076575385339,1,2817.693024287514,0,0,0.0,0,0.0
3076,91,83992.7723590448,Own,1,11009.823022567854,1,74465.18994416232,1,1,5060.036609012408,1,14.014132362847047
3077,31,5279.661109983819,Rent,1,227.56108781610135,0,0.0,0,0,0.0,0,0.0
3078,39,17801.891963543927,Rent,1,1680.7826454945643,1,149.49043527301865,0,0,0.0,0,0.0
3079,66,51298.701759565534,Mortgage,1,2138.1802187380863,1,8202.046625900295,0,0,0.0,1,0.0
3080,53,18810.53593306438,Rent,1,1340.8958144458052,0,0.0,0,0,0.0,1,0.0
3081,27,525.5206015037594,Rent,0,0.0,0,0.0,0,0,0.0,0,0.0
3082,72,126001.65358684125,Own,1,4843.043774714908,1,42141.046075989165,0,1,6353.15588559658,1,9272.631186322662
3083,51,25976.724094326844,Mortgage,1,1493.061939232283,1,3307.424699246968,0,0,0.0,1,10.752648056134161
3084,26,1168.6686370635653,Rent,0,0.0,0,0.0,0,0,0.0,0,0.0
3085,89,103149.27105678918,Own,1,5844.204284859037,1,78402.24695331711,1,1,6987.61598818969,1,11.199829821002199
3086,43,39016.54326275961,Mortgage,1,1863.7541862785847,1,3575.757740261305,0,0,0.0,1,0.0
3087,31,76397.77157536466,Rent,1,1252.5461254434815,1,739.8417521669214,1,0,0.0,0,0.0
3088,52,22925.199442839745,Mortgage,1,1703.703040870532,1,2412.233629907613,0,0,0.0,1,2352.9785061826747
3089,41,11470.924274619862,Rent,1,0.0,1,1136.7760958427552,0,0,0.0,0,0.0
3090,55,34437.65683466534,Mortgage,1,1957.1867887683345,1,9339.31754127844,0,0,0.0,1,5050.808683975755
3091,62,50436.620591909246,Mortgage,1,1517.362496069171,1,8319.230780992151,1,0,0.0,1,0.0
3092,53,24980.87263629131,Mortgage,1,987.0222633173677,1,2929.380109487316,0,0,0.0,0,0.0
3093,31,12148.613925290692,Rent,1,759.7440397659047,1,1016.8882880181554,0,0,0.0,0,0.0
3094,27,525.5206015037594,Rent,1,0.0,1,1750.23313900726,0,0,0.0,0,0.0
3095,70,30684.53989739474,Mortgage,1,1421.3338742368994,1,8365.508999063388,1,0,0.0,1,0.9691163495750564
3096,30,23567.335001400334,Rent,1,1004.6052122333392,1,2305.9684176357023,0,0,0.0,0,0.0
3097,54,35819.58804522562,Mortgage,1,2075.1088787351364,1,3956.277579113672,0,0,0.0,1,3759.88009026932
3098,52,37432.0570089996,Mortgage,1,1331.7803037334138,1,3377.1676060975738,0,0,0.0,1,0.0
3099,76,22042.50628011953,Own,1,1404.3205112837559,0,0.0,0,0,0.0,1,0.0
3100,36,20662.72757887441,Rent,1,1372.8658639311172,0,0.0,0,0,0.0,0,0.0
3101,70,25163.425962229525,Mortgage,1,2891.7596951083397,1,84238.49636237278,0,0,0.0,1,3372.9178658952987
3102,72,95385.82217945819,Own,1,6357.17369600473,1,93023.64493737771,0,1,7157.000741243974,1,0.0
3103,63,104996.6201260247,Own,1,1653.9254318100461,1,8050.366910621477,0,0,0.0,1,0.0
3104,43,525.5206015037594,Rent,0,0.0,0,0.0,0,0,0.0,0,0.0
3105,58,34204.92966627591,Mortgage,1,2436.4532573576307,1,9297.929557872947,1,0,0.0,1,0.0
3106,43,16723.231902615014,Rent,1,410.36815765401224,1,0.0,0,0,0.0,0,0.0
3107,50,49093.15167627511,Mortgage,1,1214.1473416905915,1,4085.0135241424027,0,0,0.0,1,1.9635780169529737
3108,35,6613.211543644713,Rent,1,238.9317017271859,1,1375.8336188667072,0,0,0.0,0,0.0
3109,32,11038.323323585115,Rent,1,487.10416861460976,1,1190.9017756578394,0,0,0.0,0,0.0
3110,76,23604.130434447172,Own,1,1763.4884036966719,1,8435.949690167276,1,0,0.0,1,0.0
3111,80,121313.00486849857,Own,1,7502.4506187239895,1,68528.47636119387,0,1,6530.0039638274275,1,7126.53340090323
3112,31,13021.918165798666,Rent,1,665.1419350384992,1,1225.6020750903676,0,0,0.0,0,0.0
3113,26,525.5206015037594,Rent,0,0.0,0,0.0,0,0,0.0,0,0.0
3114,87,87894.87480283718,Own,1,3751.395233917451,1,90202.90306270383,1,1,19864.963919107766,1,0.0
3115,75,78228.77347053014,Own,1,2166.2174118276844,1,40654.84281714882,0,1,0.0,1,3682.9432925349893
3116,29,11878.167918125444,Rent,0,0.0,0,0.0,0,0,0.0,0,0.0
3117,57,26454.170919050564,Own,1,1411.9422557054645,1,9228.354936046588,0,0,0.0,1,4109.936485068771
3118,28,13731.459279886205,Rent,0,0.0,0,0.0,0,0,0.0,0,0.0
3119,35,5633.912501085453,Rent,1,228.99151653094282,0,0.0,0,0,0.0,0,0.0
3120,50,13750.999476467938,Rent,1,557.720223715899,1,1144.9105549254823,0,0,0.0,0,0.0
3121,74,30740.1615755659,Own,1,1628.0978053080164,1,37559.038955380114,0,0,0.0,1,6.136671276992672
3122,86,35302.18857805088,Own,1,1635.5611776839803,1,38247.4421900711,0,0,0.0,1,5.586618472171578
3123,31,525.5206015037594,Rent,0,0.0,0,0.0,0,0,0.0,0,0.0
3124,30,7888.334806957499,Rent,1,138.0404946211604,0,0.0,0,0,0.0,0,0.0
3125,69,64953.586243521895,Mortgage,1,27209.924810354532,1,7501.910569958446,1,0,0.0,1,0.0
3126,73,34196.23693519001,Mortgage,1,1143.0046091828608,1,2567.5710532078,0,0,0.0,1,0.0
3127,46,53041.977810116805,Mortgage,1,1352.2724736511796,1,9812.389376077475,1,0,0.0,1,0.0
3128,54,15112.668743163435,Mortgage,1,1224.4068052901719,1,4368.681999696903,0,0,0.0,1,0.0
3129,61,12340.580328727574,Mortgage,1,2510.264426013244,1,2746.27472125938,0,0,0.0,1,0.08192471880721543
3130,34,36772.44271759024,Mortgage,1,592.0161144954304,1,2824.001258311385,0,0,0.0,0,0.0
3131,50,33984.662298190844,Mortgage,1,1069.7555455490233,1,3357.374350394706,1,0,0.0,1,0.0
3132,61,29121.637529583008,Mortgage,1,1785.2347623136372,1,7755.547040731973,1,0,0.0,1,0.0
3133,44,17239.61278584607,Mortgage,1,798.8829057748094,0,0.0,0,0,0.0,1,0.0
3134,52,14569.29166623717,Mortgage,1,1753.0296738143522,1,4596.604120712687,0,0,0.0,1,0.0
3135,69,37029.895570457775,Mortgage,1,2351.9235817990493,1,9153.171442465817,0,0,0.0,1,0.0
3136,58,22327.05268651163,Rent,1,1784.4987344586773,1,2175.6535114958315,0,0,0.0,1,0.0
3137,31,2331.814401990823,Rent,0,0.0,0,0.0,0,0,0.0,0,0.0
3138,34,33199.29673858162,Mortgage,1,1052.5665526118457,0,0.0,1,0,0.0,0,0.0
3139,46,525.5206015037594,Mortgage,1,214.7219232778923,0,0.0,0,0,0.0,0,0.0
3140,61,29373.60929198825,Mortgage,1,1883.9867336526752,1,9064.275490894055,1,0,0.0,1,0.0
3141,72,37429.81022444907,Mortgage,1,1459.090301930702,1,2439.866400655147,0,0,0.0,1,0.0
3142,31,525.5206015037594,Rent,0,0.0,0,0.0,0,0,0.0,0,0.0
3143,38,8682.266211348486,Rent,1,616.3924768358397,1,3414.655664707422,0,0,0.0,0,0.0
3144,39,16754.90273110976,Mortgage,1,1078.6848279587352,0,0.0,0,0,0.0,0,0.0
3145,81,58607.66172977645,Own,1,3005.331218883256,1,34579.65989889282,0,0,0.0,1,0.0
3146,51,37466.96436197659,Mortgage,1,1456.0397717581832,0,0.0,1,0,0.0,1,2499.928785514437
3147,74,136451.70921795987,Own,1,4189.451680127869,1,42075.48484468135,0,1,9774.20150968299,1,6.383304951975828
3148,65,40100.37154332842,Own,1,2294.1559953664505,1,9184.545859421329,0,0,0.0,1,0.0
3149,77,47737.37500589218,Rent,1,1890.9436537803135,1,8726.500676675621,0,0,0.0,1,0.0
3150,67,60369.77556742112,Own,1,2985.9443863082647,1,8904.62730920955,0,0,0.0,1,2773.2824364039348
3151,30,1727.8778435178447,Rent,1,122.53610603258107,0,0.0,0,0,0.0,0,0.0
3152,43,20032.86924927629,Mortgage,1,1543.6700485183533,1,4345.29083139256,0,0,0.0,1,0.0
3153,29,16413.11338171629,Rent,1,104.75876491583631,1,1730.8017116741264,0,0,0.0,0,0.0
3154,38,525.5206015037594,Rent,0,0.0,0,0.0,0,0,0.0,0,0.0
3155,50,16404.01470697291,Rent,1,887.3165691861883,1,3519.4629530627008,0,0,0.0,0,0.0
3156,84,126302.96256296523,Own,1,3738.4445984085896,1,79351.6982194619,1,1,18580.05894961724,1,11.365214473286951
3157,30,7398.892604097378,Rent,0,0.0,0,0.0,0,0,0.0,0,0.0
3158,29,525.5206015037594,Rent,0,0.0,0,0.0,0,0,0.0,0,0.0
3159,49,24288.211838483636,Mortgage,1,1995.9125644240796,1,3989.5949432483194,0,0,0.0,1,0.0
3160,65,42051.54666816309,Mortgage,1,4459.431540149693,1,7740.250951137743,1,0,0.0,1,0.0
3161,54,26271.34036626717,Rent,1,1313.528418688421,1,4635.684067802354,0,0,0.0,0,0.0
3162,63,37694.32551381807,Mortgage,1,1273.139607378444,1,2916.5939589480813,1,0,0.0,1,3951.5121980296694
3163,49,35642.42994249928,Mortgage,1,1070.165799384115,1,2647.340861757645,0,0,0.0,1,1.1335961211886392
3164,45,20798.899485251095,Mortgage,1,1396.8375634345743,1,3185.2150463382222,0,0,0.0,1,0.0
3165,30,525.5206015037594,Rent,0,0.0,0,0.0,0,0,0.0,0,0.0
3166,51,33795.01095738525,Mortgage,1,878.2004266107849,0,0.0,0,0,0.0,0,0.0
3167,54,35724.465855371134,Mortgage,1,1453.2665087742562,1,5006.217655178376,0,0,0.0,1,0.0
3168,64,39931.31096997194,Mortgage,1,925.4148869197217,1,7796.887102353951,1,0,0.0,1,0.0
3169,68,143635.68345298385,Own,1,3813.0452256965373,1,73783.29367429567,1,1,19370.506910758628,1,9312.376799314192
3170,69,62983.8994342251,Rent,1,1762.0492700349178,1,4328.160449373781,0,0,0.0,0,0.0
3171,40,19026.299559236373,Rent,1,347.8814673636542,1,626.2134098975653,0,0,0.0,0,0.0
3172,29,21877.84821529466,Rent,1,1445.9889945015634,1,1812.6386660901953,0,0,0.0,0,0.0
3173,56,44873.72609960919,Mortgage,1,2901.71182194294,1,9938.838588442637,1,0,0.0,1,3912.7942212329276
3174,31,11789.19347272372,Rent,1,379.0771010147395,0,0.0,0,0,0.0,0,0.0
3175,46,15798.290065552123,Mortgage,1,1463.3638561099103,0,0.0,0,0,0.0,1,0.0
3176,50,9473.251603576518,Rent,1,210.05325975363633,1,1651.9112171086558,0,0,0.0,0,0.0
3177,88,520407.0284243355,Own,1,19360.20302585626,1,91855.89071656107,1,1,21247.26587604011,1,4.031919837104789
3178,44,18347.54422908317,Own,1,1615.8571576939903,1,2993.909119423148,0,0,0.0,1,0.0
3179,64,43411.52662376871,Rent,1,1096.1459269327734,1,3593.9696838998134,0,0,0.0,1,0.0
3180,90,177374.66901247043,Own,1,5487.954147958458,1,96758.46639356414,1,1,6859.004045531146,1,3.9487616788935207
3181,54,27981.57520411479,Mortgage,1,2081.8043725731204,1,8298.61606886266,1,0,0.0,1,4468.5505126938615
3182,88,101838.35184708252,Own,1,4069.5522633911864,1,43277.14307457349,1,1,12957.664428992812,1,9683.967308843488
3183,88,586299.9865545667,Own,1,2476.1576485076175,1,96758.46639356414,1,1,7240.426190490102,1,5455.356279736736
3184,52,46944.322534319675,Mortgage,1,1911.5611946361419,1,2561.7327799056275,1,0,0.0,1,0.0
3185,63,24456.511507478397,Mortgage,1,1934.189645648791,1,2779.2044367752487,0,0,0.0,1,0.0
3186,53,8688.544417044073,Mortgage,1,807.295089369482,1,2955.3639710803845,0,0,0.0,1,0.0
3187,68,81554.23380473976,Mortgage,1,1094.397431441264,1,7756.340152571273,1,0,0.0,1,1.875646769646772
3188,72,28357.262600138798,Own,1,2589.993836843252,1,36121.89216991734,0,0,0.0,1,2.058696244571929
3189,77,108924.63935585944,Own,1,7079.587498282692,1,38288.71626595291,0,0,0.0,1,0.0
3190,31,46738.3229926043,Rent,1,524.1526387721926,0,0.0,0,0,0.0,0,0.0
3191,55,50351.47699062711,Mortgage,1,1303.9008967638142,0,0.0,0,0,0.0,1,4949.477132239559
3192,67,50353.42733779976,Own,1,1856.863862313944,1,38441.27598130562,0,0,0.0,1,0.0
3193,63,33822.14325586302,Own,1,3107.565271691722,1,2842.3365781354432,0,1,30344.918612222515,1,3.3987924785383097
3194,58,10096.723712840318,Rent,0,0.0,0,0.0,0,0,0.0,0,0.0
3195,87,138169.0301757443,Own,1,5269.606230811121,1,43080.15563455749,0,1,15607.599676496882,1,0.0
3196,49,8592.467138059636,Rent,1,420.4110947021994,1,2581.60319745693,0,0,0.0,0,0.0
3197,46,14436.54835355457,Rent,1,321.05250667742985,1,2993.0637419370723,0,0,0.0,0,0.0
3198,86,81871.30636603305,Own,1,4046.898434120136,1,48159.26981638344,1,1,10105.535193247502,1,7547.349115328861
3199,91,514325.21877994796,Own,1,22223.008652739063,1,95281.63573447509,1,1,7681.988820637504,1,7084.325938605336
3200,38,14293.571815299423,Rent,1,368.8694418432459,1,2024.1612130123697,0,0,0.0,0,0.0
3201,64,57990.131167700034,Mortgage,1,2453.7214679962226,1,8114.151879242291,1,0,0.0,1,0.0
3202,64,29395.318917238063,Mortgage,1,1517.5561651104485,1,7464.957058504506,0,0,0.0,1,3845.693928688208
3203,51,26040.818544040034,Mortgage,1,1910.020603222875,1,3126.5587060470125,0,0,0.0,1,0.0
3204,56,53627.20148004667,Mortgage,1,1856.24588253727,1,8318.126051117306,1,0,0.0,1,5303.8996687687995
3205,87,232304.4366677773,Own,1,8516.751757332844,1,74466.7399570772,1,1,7878.10538859156,1,0.0
3206,28,16486.411523371535,Rent,1,639.6376674728288,1,0.0,0,0,0.0,0,0.0
3207,37,9229.132132069743,Rent,1,0.0,1,650.1102478183625,0,0,0.0,0,0.0
3208,37,82687.52868217241,Own,1,5965.362208064368,1,7924.040474118566,0,0,0.0,1,0.0
3209,44,8613.77563880778,Mortgage,1,1136.694372812244,1,10320.117068797115,0,0,0.0,1,0.0
3210,69,28218.824558073124,Mortgage,1,1435.3175852780582,1,7869.314682443859,1,0,0.0,1,0.0
3211,40,9723.874601638181,Rent,1,1221.0329666001749,1,33784.7466192769,0,0,0.0,0,0.0
3212,41,36926.54790403423,Rent,1,1642.1510971950152,1,1290.6393047812094,0,0,0.0,0,0.0
3213,43,28885.649355273985,Rent,1,912.1291146897674,1,1654.604524297486,0,0,0.0,0,0.0
3214,43,15670.889847962822,Mortgage,1,680.6855104032064,0,0.0,0,0,0.0,1,0.0
3215,75,51293.914938407186,Own,1,3105.511789138155,1,94853.19074752384,1,1,11794.784708028466,1,10.076560267429173
3216,53,19965.75295976015,Mortgage,1,926.2513102706388,1,4540.073088115747,0,0,0.0,1,1.343698336693903
3217,90,500703.84174606646,Own,1,27869.67015756092,1,48001.20859608322,1,1,13279.792133185876,1,12805.917907571285
3218,62,56677.853010823594,Mortgage,1,1703.7074635502952,1,8576.044282670777,1,0,0.0,1,0.0
3219,39,6229.147493177645,Rent,1,846.6553893871898,1,351.5931287413009,0,0,0.0,0,0.0
3220,30,13146.456932642694,Rent,1,26.608785631979913,0,0.0,0,0,0.0,0,0.0
3221,61,27126.347505645426,Mortgage,1,1341.023271661058,1,3034.6742113863306,1,0,0.0,1,2768.809401284327
3222,33,17956.85250093638,Rent,1,0.0,1,35.68491667841454,0,0,0.0,0,0.0
3223,27,525.5206015037594,Rent,0,0.0,0,0.0,0,0,0.0,0,0.0
3224,89,204330.4388849349,Own,1,10008.535615494677,1,95904.59954997446,1,1,9095.624960891806,1,8467.426164810082
3225,59,17934.748634060852,Mortgage,1,1979.5170994438674,1,9629.601974719988,0,0,0.0,1,0.0
3226,30,10894.28812572558,Rent,1,633.7682258921238,0,0.0,0,0,0.0,0,0.0
3227,87,583905.9279381788,Own,1,23339.43074806356,1,94628.19163899927,1,1,5258.431020744472,1,16523.993969697167
3228,74,103535.39020888567,Own,1,2541.1418239365503,1,35696.08014136203,0,1,0.0,1,2.164959898681746
3229,38,16331.949962649644,Rent,1,425.3852950102491,1,0.0,0,0,0.0,0,0.0
3230,51,20210.762971312637,Mortgage,1,1494.7729925045192,1,3213.567473181116,0,0,0.0,0,0.0
3231,29,818.2343055708261,Rent,0,0.0,0,0.0,0,0,0.0,0,0.0
3232,55,15495.456072215116,Mortgage,1,936.557561868376,1,3677.3458661835016,0,0,0.0,1,0.0
3233,28,22042.326259333386,Rent,1,783.8364825154157,1,1729.5918071116655,0,0,0.0,0,0.0
3234,48,35366.38614606777,Mortgage,1,1446.4764304888172,1,3980.508054961306,0,0,0.0,1,0.0
3235,54,10868.477494135048,Mortgage,1,998.7249733468883,1,9149.83076309551,1,0,0.0,1,3907.872973614878
3236,68,58904.28890423528,Own,1,1953.7055803626458,1,7889.798336714214,0,0,0.0,1,2733.1794915893206
3237,39,16272.942901172833,Rent,1,1860.277975817688,1,540.3403908347789,0,0,0.0,0,0.0
3238,53,14257.68772628437,Mortgage,1,1463.461091732771,1,1431.3271051071242,1,0,0.0,1,0.0
3239,74,54379.31962861609,Own,1,4916.551660097996,1,9386.298717543474,0,0,0.0,1,8114.314978498288
3240,47,21978.211731471165,Own,1,811.4505994473521,0,0.0,0,0,0.0,1,0.0
3241,41,525.5206015037594,Rent,1,0.0,0,0.0,0,0,0.0,0,0.0
3242,45,33222.62607382765,Mortgage,1,427.6891587944207,1,1468.5647785770855,0,0,0.0,1,1.410968517477572
3243,55,37030.484871372595,Own,1,959.559663543125,1,35483.72482982033,0,0,0.0,1,0.0
3244,45,10421.89539479375,Rent,0,0.0,0,0.0,0,0,0.0,0,0.0
3245,32,525.5206015037594,Rent,0,0.0,0,0.0,0,0,0.0,0,0.0
3246,55,34428.05517951923,Mortgage,1,1786.1906364075182,1,8411.803939181775,1,0,0.0,1,2867.826429188782
3247,51,11194.1741913769,Mortgage,1,2767.9637112089895,1,9513.657874803259,0,0,0.0,1,0.0
3248,79,28138.726469340327,Rent,1,3160.813430003608,1,4199.616880295349,0,0,0.0,1,0.8245044033091975
3249,52,11957.991316875508,Rent,1,1088.4842647921882,1,906.1433774980862,0,0,0.0,0,0.0
3250,77,78235.79767766353,Own,1,1693.6195104508924,1,33964.12015724945,0,0,0.0,1,5842.2902270197965
3251,32,8683.855652564731,Rent,1,722.640492310634,1,867.2617732963126,0,0,0.0,0,0.0
3252,44,9588.451538684349,Rent,1,1007.5282024696694,1,2693.0651429607015,0,0,0.0,0,0.0
3253,61,14593.778642355679,Mortgage,1,1068.8147913198632,1,3106.0217903841353,0,0,0.0,1,0.0
3254,44,525.5206015037594,Rent,1,0.0,0,0.0,0,0,0.0,0,0.0
3255,59,20834.950118597386,Mortgage,1,1639.011437886648,1,9285.3215768714,0,0,0.0,1,3358.622155483626
3256,72,31214.9797140475,Rent,1,1302.1947767967367,1,1676.853899576413,0,0,0.0,1,0.0
3257,43,25896.167198160612,Mortgage,1,798.049343566059,1,3164.2832165189907,0,0,0.0,1,2.452913829364176
3258,65,29646.035327850397,Own,1,1727.736906569986,1,35598.21542670852,0,0,0.0,1,0.0
3259,79,693091.2930522572,Own,1,9513.98918594224,1,93312.14607575805,1,1,13479.956478893142,1,21.170229085777613
3260,77,115211.80203919449,Own,1,7901.089278203467,1,91210.79998187008,1,1,10632.58897504784,1,6.430705680378754
3261,90,89528.91997957337,Own,1,25711.904861245243,1,94188.48342949447,1,1,8608.231571768432,1,17678.184584756535
3262,43,23965.130418616416,Mortgage,1,880.8682957453103,1,3582.684648605109,0,0,0.0,1,0.0
3263,31,8140.952591492598,Rent,0,0.0,0,0.0,0,0,0.0,0,0.0
3264,30,3714.1857485392993,Rent,0,0.0,1,33.927596942968194,0,0,0.0,0,0.0
3265,42,10439.158573104058,Rent,1,278.8391970985125,1,508.0087004100078,0,0,0.0,0,0.0
3266,36,525.5206015037594,Rent,0,0.0,0,0.0,0,0,0.0,0,0.0
3267,40,48421.57153487356,Own,1,1163.578957662577,1,34849.56374672492,0,0,0.0,1,0.0
3268,71,31066.77063603231,Own,1,1776.5151272231687,1,811.6443929359511,0,0,0.0,1,0.0
3269,38,14541.486026896644,Rent,1,168.22394717332747,1,1990.4015075112522,0,0,0.0,0,0.0
3270,35,525.5206015037594,Rent,0,0.0,0,0.0,0,0,0.0,0,0.0
3271,68,41275.20638670848,Own,1,1678.3614235976597,1,46335.56796894662,1,0,0.0,1,0.0
3272,67,45852.65065245099,Mortgage,1,2112.7662552907577,1,9623.467859987426,1,0,0.0,1,3426.9165333649457
3273,80,38161.458858104656,Own,1,1730.7018119734375,1,36870.30529904755,0,0,0.0,1,0.0
3274,43,3535.38900089416,Rent,1,1728.9847672484727,1,0.0,0,0,0.0,0,0.0
3275,31,4912.129648855605,Rent,1,0.0,1,0.0,0,0,0.0,0,0.0
3276,44,15073.478976639348,Mortgage,1,713.128232967735,1,3370.3229178878587,0,0,0.0,1,3295.5034660586616
3277,76,23989.229090595363,Own,1,2238.847334439621,1,45111.4288468413,0,1,7250.986285025672,1,3316.5487096009074
3278,30,12264.020443361365,Rent,1,153.66421366074655,1,1718.442802335018,0,0,0.0,0,0.0
3279,30,7495.358968070812,Rent,1,842.9043169669997,1,1461.883656931664,0,0,0.0,0,0.0
3280,41,525.5206015037594,Rent,1,0.0,0,0.0,0,0,0.0,0,0.0
3281,36,71506.59778047577,Own,1,1473.3928894039714,1,1448.3888405722641,0,0,0.0,1,0.0
3282,79,41408.59589604055,Rent,1,829.5143979218303,1,2506.973891921778,0,0,0.0,1,0.0
3283,42,31046.83360833853,Mortgage,1,1022.1071446977419,1,3410.7808339585818,0,0,0.0,1,0.0
3284,66,75780.64962590276,Mortgage,1,1884.2206765236342,1,39193.18393464503,0,0,0.0,1,3.1753828225512972
3285,65,38365.56803703011,Mortgage,1,2070.5850578800673,1,7947.3413349788825,0,0,0.0,1,0.0
3286,66,89786.68268668109,Rent,1,2934.465978454723,1,396.6359027939293,0,0,0.0,1,0.2465258608261739
3287,47,16707.54513552925,Mortgage,1,888.7369354892993,1,3922.95469684922,0,0,0.0,1,0.0
3288,90,246779.64726888805,Own,1,10534.68565434946,1,92984.44803075491,1,1,17367.986132596277,1,15.836578555224266
3289,30,30543.21545438299,Rent,1,0.0,1,1173.9523801186397,0,0,0.0,0,0.0
3290,53,31678.497441048272,Mortgage,1,1932.3109567283755,1,3900.309395756808,0,0,0.0,1,0.0
3291,40,15589.579505758538,Mortgage,1,958.2942699139209,1,2364.739707468406,0,0,0.0,0,0.0
3292,41,17002.0823270188,Rent,1,0.0,0,0.0,0,0,0.0,0,0.0
3293,32,1583.104545626944,Rent,1,89.05100035800774,1,0.0,0,0,0.0,0,0.0
3294,40,7886.5514039706195,Rent,1,347.696177138837,0,0.0,0,0,0.0,0,0.0
3295,36,12146.033188438301,Rent,1,257.55990028459087,1,1487.2360605374179,0,0,0.0,0,0.0
3296,31,4321.198982044672,Rent,1,199.14755586118417,0,0.0,0,0,0.0,0,0.0
3297,76,126507.66281793367,Own,1,2686.070907601808,1,39786.864194571535,0,0,0.0,1,5209.450255792316
3298,38,47291.89209140501,Rent,1,724.8009113178897,1,1173.1631955877415,0,0,0.0,0,0.0
3299,31,15722.397731819618,Rent,1,1158.9101979379175,0,0.0,0,0,0.0,0,0.0
3300,29,525.5206015037594,Rent,0,0.0,0,0.0,0,0,0.0,0,0.0
3301,37,8538.28792442764,Rent,1,159.68552537803873,0,0.0,0,0,0.0,0,0.0
3302,52,36255.125103434846,Mortgage,1,1680.0469712428792,0,0.0,0,0,0.0,1,0.0
3303,89,69287.89082581735,Own,1,4360.335443899638,1,95355.62862354181,1,1,22764.90222872849,1,0.0
3304,86,727482.0527790096,Own,1,36408.94021777861,1,93978.23770980442,1,1,11007.652894342946,1,0.33232143956075366
3305,28,12835.111705171385,Rent,1,306.5721494876334,1,0.0,0,0,0.0,0,0.0
3306,38,22555.75206377657,Rent,1,401.06239200264605,1,2239.8047652101704,0,0,0.0,0,0.0
3307,39,5558.582162872504,Rent,1,538.110962178672,1,1899.9668095219731,0,0,0.0,0,0.0
3308,85,102459.2536950507,Own,1,28725.934425847354,1,86637.72184316767,1,1,18926.289722402256,1,13810.471697410028
3309,40,5971.0227042385795,Rent,1,83.01869534508035,0,0.0,0,0,0.0,0,0.0
3310,81,54986.00417225711,Own,1,3674.2076901418973,1,43983.82659836045,0,1,10137.712854284167,1,0.0
3311,59,10730.16743157585,Rent,1,965.6622160187071,1,2320.1253750833516,0,0,0.0,0,0.0
3312,80,108923.06747460413,Own,1,4611.13200878308,1,41847.27045897619,0,1,9.736424645707352,1,0.0
3313,90,96915.41580301877,Own,1,4037.434164016671,1,78506.42236613552,1,1,12240.6265159219,1,6.017801245897586
3314,68,43107.060335951224,Own,1,1230.4107787709167,1,36096.95109797958,0,0,0.0,1,3745.726074887799
3315,43,17365.77827737146,Mortgage,1,668.4648812797562,1,3101.8571658517194,0,0,0.0,1,0.0
3316,67,57773.23939502153,Rent,1,2092.429422658373,1,1056.5969340302338,0,0,0.0,1,8.334465976775123
3317,60,69392.90229604924,Own,1,35110.33043383986,1,95999.19189968005,1,1,7610.664372389842,1,13865.080065903556
3318,75,115041.52423880079,Own,1,1694.9291092055962,1,37237.88090978982,0,0,0.0,1,0.0
3319,87,63788.83929658967,Own,1,33816.5019038335,1,94182.43341378786,1,1,7654.274402680163,1,10995.589166939471
3320,50,27538.630826099972,Mortgage,1,2697.7065875118997,1,38765.01868082225,0,0,0.0,1,0.0
3321,42,43896.35614176818,Own,1,1498.2524240273328,1,35050.942908278346,0,0,0.0,1,0.0
3322,88,69434.63941926917,Own,1,3100.633111090115,1,93730.9289528881,1,1,10923.805242365179,1,9361.082531734008
3323,68,30343.87987822646,Mortgage,1,1277.7178468127156,1,2955.990370782045,1,0,0.0,1,1.0147239624349902
3324,37,525.5206015037594,Rent,0,0.0,0,0.0,0,0,0.0,0,0.0
3325,42,11410.630038698113,Mortgage,1,909.7269768143709,0,0.0,0,0,0.0,0,0.0
3326,30,29414.471299030716,Rent,1,1908.8083931431959,1,670.7037243117375,0,0,0.0,0,0.0
3327,87,92140.7485961376,Own,1,33740.65785882435,1,81678.7438157582,1,1,7225.496718240591,1,0.0
3328,91,533701.3777062424,Own,1,35275.482942500385,1,81822.90543709604,1,1,18221.97163730206,1,13.999666287121405
3329,61,37680.9024351349,Mortgage,1,2104.820631380137,1,9429.751067699759,1,0,0.0,1,0.0
3330,76,108293.11418123374,Own,1,7871.858731569116,1,42274.24991553156,1,1,9850.739126047325,1,0.0
3331,27,525.5206015037594,Rent,0,0.0,0,0.0,0,0,0.0,0,0.0
3332,90,83458.41926885539,Own,1,6585.025981431581,1,96758.46639356414,1,1,11177.485644011525,1,10779.421990530926
3333,47,2209.7996723369088,Rent,1,0.0,0,0.0,0,0,0.0,0,0.0
3334,69,60400.6958036937,Mortgage,1,2764.84713066729,1,8667.110797056468,1,0,0.0,1,3641.8002578302435
3335,30,525.5206015037594,Rent,1,0.0,0,0.0,0,0,0.0,0,0.0
3336,88,99630.3207954633,Own,1,6183.608231838706,1,41991.05976282955,0,1,9616.759075449601,1,11.72589014661678
3337,30,850.4598342415811,Rent,1,0.0,1,0.0,0,0,0.0,0,0.0
3338,91,52629.768945977776,Own,1,11957.937476630306,1,76868.88701683684,1,1,7298.813926242085,1,0.0
3339,27,589.4314259816456,Rent,0,0.0,0,0.0,0,0,0.0,0,0.0
3340,63,29538.931978835513,Own,1,1654.514123208026,1,44412.406996955906,0,0,0.0,1,0.0
3341,30,11741.604894226239,Rent,1,216.04986610761955,1,1013.2452187211111,0,0,0.0,0,0.0
3342,73,30811.58905135984,Own,1,1682.255070640741,0,0.0,0,0,0.0,1,0.0
3343,59,28803.32545025992,Mortgage,1,1502.7686055518902,1,4024.957878101558,0,0,0.0,1,0.0
3344,29,6432.079124617865,Rent,1,405.9503304022042,1,339.74625586365096,0,0,0.0,0,0.0
3345,43,525.5206015037594,Rent,0,0.0,0,0.0,0,0,0.0,0,0.0
3346,37,8946.687789146792,Rent,1,508.5565211791741,1,124.65875296055287,0,0,0.0,0,0.0
3347,63,50654.59865249604,Mortgage,1,2201.021072737911,1,9766.095226225967,1,0,0.0,1,0.0
3348,38,4548.897324844194,Rent,1,155.73686361414138,1,1175.59475948617,0,0,0.0,0,0.0
3349,46,18273.536177710077,Mortgage,1,1036.9838958956063,1,3360.527685671586,0,0,0.0,1,7.669521111433277
3350,41,21934.244837352606,Mortgage,1,1499.9065069436679,1,3194.781000261111,0,0,0.0,1,0.0
3351,59,22220.722144307794,Mortgage,1,1397.34302147309,0,0.0,0,0,0.0,1,0.0
3352,31,16068.338349460895,Rent,1,501.2496440137157,0,0.0,0,0,0.0,0,0.0
3353,32,17928.72535834655,Mortgage,1,1926.4508796538248,1,2180.824165816314,0,0,0.0,1,0.0
3354,74,144805.88891736712,Own,1,3366.330381836886,1,91301.41322160231,0,1,0.0,1,0.0
3355,30,10815.534420333322,Rent,1,238.01281588181598,1,0.0,0,0,0.0,0,0.0
3356,87,81351.56614827907,Own,1,2639.460302597546,1,95575.51309873555,1,1,10761.406442175468,1,0.0
3357,30,34446.12117170541,Rent,1,1153.879553558193,1,330.77929493105944,0,0,0.0,0,0.0
3358,39,15757.025279573563,Rent,1,642.851994819424,1,1432.6517321667357,0,0,0.0,0,0.0
3359,69,89799.61876178911,Own,1,1943.1071613538675,1,9154.710724291832,1,1,12168.684796591251,1,0.0
3360,87,58667.53113793663,Own,1,9359.392567446426,1,47850.59149773716,1,1,5268.098335377603,1,15146.250961486492
3361,58,34490.36558637134,Mortgage,1,1536.7439243194876,1,8215.973657154145,1,0,0.0,1,6011.254270289538
3362,44,15220.664072831354,Mortgage,1,1073.6755715509034,0,0.0,0,0,0.0,0,0.0
3363,89,89168.98586608312,Own,1,4218.044877321941,1,78192.15567375286,1,1,19506.73428836299,1,8807.813510980772
3364,73,54528.78493159985,Own,1,2492.79300432262,1,783.0879908964487,0,0,0.0,1,0.0
3365,29,35271.2840622542,Rent,1,1360.6031556948833,1,2379.655766145545,0,0,0.0,0,0.0
3366,70,106871.97598822779,Own,1,2797.3709476585313,1,35723.61584030611,0,0,0.0,1,0.0
3367,44,525.5206015037594,Rent,1,1029.7293994196996,0,0.0,0,0,0.0,0,0.0
3368,65,33157.499392392325,Mortgage,1,2466.1508236503596,1,10071.393782039484,0,0,0.0,1,4972.3929186954565
3369,41,3626.1909842964396,Rent,1,0.0,1,0.0,0,0,0.0,0,0.0
3370,59,18736.480383395043,Own,1,962.3846053817553,1,8586.073006439488,1,0,0.0,1,0.0
3371,66,115466.17373632242,Own,1,2282.404629131288,1,35619.19039496119,0,0,0.0,1,4576.00912407257
3372,87,201519.57327724842,Own,1,10058.895280721974,1,96730.62462724824,1,1,6822.457107182285,1,4.905565479319063
3373,37,19950.891074628205,Rent,1,606.7818836455596,1,2349.397881094552,0,0,0.0,0,0.0
3374,62,36537.385748952634,Mortgage,1,1673.4431081519701,1,7290.1364956029365,1,0,0.0,1,0.0
3375,63,93283.25360397133,Own,1,1694.318747732309,1,1881.9100862764283,0,0,0.0,1,0.0
3376,29,4786.399447918704,Rent,1,507.27958487704416,0,0.0,0,0,0.0,0,0.0
3377,30,2039.762563458973,Rent,0,0.0,0,0.0,0,0,0.0,0,0.0
3378,49,41749.6057807329,Mortgage,1,3212.505836408375,1,5057.265690063734,1,0,0.0,1,4358.986409665051
3379,65,51268.35504497166,Mortgage,1,1288.8878330784596,1,7520.221622526325,1,0,0.0,1,3859.855703902679
3380,49,15703.434510299525,Mortgage,1,2284.917091228367,1,2323.1816602522917,0,0,0.0,1,0.0
3381,89,45040.23700766974,Mortgage,1,1435.6487903258333,1,8080.220980545383,1,0,0.0,1,0.0
3382,61,54272.239197979085,Own,1,2628.1112987581064,1,44380.68548077454,0,0,0.0,1,3656.20545476007
3383,47,34396.29641213664,Mortgage,1,1146.5078691418535,1,3147.709605619489,0,0,0.0,0,0.0
3384,70,34928.36604283663,Own,1,6379.064592184248,1,36136.94219509222,0,0,0.0,1,1.9983589766373238
3385,52,44896.23098511675,Mortgage,1,2277.7402747240294,1,8949.289984700992,1,0,0.0,1,4366.663342934186
3386,88,101371.54323015628,Own,1,6355.610585110945,1,94413.73954891851,1,1,6727.035499182936,1,7379.511964227621
3387,65,34007.86949178986,Own,1,1853.0666190024374,1,9105.30399770184,1,1,0.0,1,0.0
3388,61,15256.485181620446,Mortgage,1,924.6345089937417,1,2719.9806947868738,0,0,0.0,0,0.0
3389,29,5714.062847371049,Rent,0,0.0,0,0.0,0,0,0.0,0,0.0
3390,47,30990.037676464708,Mortgage,1,467.30414975661785,1,2464.988146435066,0,0,0.0,0,0.0
3391,29,7868.462436325457,Rent,1,601.6083559744488,1,250.50687672483878,0,0,0.0,0,0.0
3392,43,36152.59470502427,Mortgage,1,1133.4504935956618,1,3021.160127557029,0,0,0.0,0,0.0
3393,75,69851.21945956702,Own,1,5137.518168084538,1,92334.71673496468,1,1,4954.593475336279,1,15.622298807287105
3394,89,105045.03115037255,Own,1,8397.089573647501,1,96650.62557324907,1,1,8073.94469184277,1,17.09706156045797
3395,39,39952.38210084643,Rent,1,774.324570406989,1,1246.9885068366739,0,0,0.0,0,0.0
3396,44,23187.218860839585,Mortgage,1,830.0140535515998,1,3467.4472446733967,0,0,0.0,1,3887.4014211693307
3397,42,41587.5016934093,Mortgage,1,787.4708084262309,1,5692.130386782086,0,0,0.0,1,3.743526232038152
3398,41,58899.94079545717,Mortgage,1,2572.5274521878546,0,0.0,1,0,0.0,1,0.6650965942404448
3399,43,10340.946553194914,Rent,1,903.00000978453,1,2612.200399504364,0,0,0.0,0,0.0
3400,78,249101.17044610062,Own,1,3461.421046311401,1,39340.50924464906,0,1,3936.8520210208544,1,5293.195091941586
3401,39,8534.942954969996,Rent,1,567.9165645211878,1,950.5416061246649,0,0,0.0,0,0.0
3402,28,8768.249928849711,Rent,1,394.3265751728127,1,2757.717896957403,0,0,0.0,0,0.0
3403,91,73338.49316283429,Own,1,32658.754518627204,1,94796.59439806723,1,1,12410.397311700683,1,16571.6407040866
3404,32,1319.2410434621106,Rent,1,125.75442288162458,0,0.0,0,0,0.0,0,0.0
3405,75,111656.70168308966,Own,1,3581.544095227459,1,9396.401678982755,0,0,0.0,1,5158.96752016668
3406,65,30818.682707539854,Rent,1,1521.7920156807925,1,2346.074265528783,0,0,0.0,1,0.0
3407,69,51390.420146135555,Mortgage,1,422.370029059885,1,2065.3820737571587,1,0,0.0,1,0.0
3408,39,11529.912462571087,Rent,1,389.50772904528367,0,0.0,0,0,0.0,0,0.0
3409,50,1993.895831218766,Rent,1,565.3433058902164,1,2254.8537628290564,0,0,0.0,0,0.0
3410,59,34195.6324084243,Mortgage,1,1041.4868177570415,1,2475.1799482466345,1,0,0.0,1,0.0
3411,60,48834.12218320458,Mortgage,1,4304.70974382148,1,9013.46804787253,1,0,0.0,1,0.0
3412,32,4018.2783156709374,Rent,1,499.13467628145554,1,8.373307312638644,0,0,0.0,0,0.0
3413,62,43736.31450558531,Mortgage,1,1715.0856252785666,1,8431.975374813757,1,0,0.0,1,0.0
3414,55,42218.21574532353,Mortgage,1,2378.6720334494858,1,8324.52879336722,1,0,0.0,1,0.0
3415,30,525.5206015037594,Rent,0,0.0,0,0.0,0,0,0.0,0,0.0
3416,67,32333.089712919278,Rent,1,1320.6237772656846,1,1335.548696165361,0,0,0.0,0,0.0
3417,39,20214.366362889836,Rent,1,42.401718679110445,0,0.0,0,0,0.0,0,0.0
3418,60,20526.060910024018,Mortgage,1,2294.417809564175,1,9189.578942728038,1,0,0.0,1,13.21436303094152
3419,34,37346.235853258215,Mortgage,1,2030.2642359067636,1,3449.9825477792706,0,0,0.0,1,0.0
3420,77,43605.77514538668,Own,1,1755.307607220122,1,34544.19263503161,0,0,0.0,1,3538.19561297113
3421,90,92157.66469909,Own,1,3930.9373974548694,1,91199.9022479587,1,1,6529.170701415083,1,6479.431950893027
3422,84,55860.944158288214,Own,1,4103.582130600824,1,95212.77828517547,1,1,6452.40214971479,1,3999.3797185816975
3423,33,12220.605682008505,Rent,1,409.6354190376893,1,1464.3504304431256,0,0,0.0,0,0.0
3424,78,86232.00997972814,Own,1,2109.8581164070356,1,78750.24832541512,1,1,5418.510615936077,1,5.198165590520968
3425,89,165951.96152014687,Own,1,3594.490940873692,1,93993.27225014563,1,1,7393.808028410166,1,1.1415956793378468
3426,60,35217.645737854706,Mortgage,1,1607.1498617745083,1,8238.78240302386,1,0,0.0,1,0.0
3427,90,24714.492276899146,Rent,1,1925.6316178101472,1,43095.44253684555,0,0,0.0,1,0.0
3428,45,13967.820861291477,Rent,1,1084.3620301199232,1,2566.8457870138063,0,0,0.0,0,0.0
3429,49,19542.09372129735,Mortgage,1,2357.4866162899334,1,4297.401741882715,1,0,0.0,1,0.0
3430,44,13045.772480881831,Rent,1,493.8232295341606,0,0.0,0,0,0.0,0,0.0
3431,62,40105.86978005911,Mortgage,1,1480.3889143594206,1,10035.513136899846,0,0,0.0,1,0.0
3432,91,706759.8163404616,Own,1,37147.03015485473,1,93499.82956659717,1,1,13052.807297502255,1,3.253709443635344
3433,60,54197.99095691259,Mortgage,1,3120.7331413681886,1,9514.894737300196,1,0,0.0,1,0.0
3434,56,24668.01171953451,Mortgage,1,1801.572663847337,1,10715.35532906489,0,0,0.0,1,2312.5250080717865
3435,87,127828.64171758934,Own,1,4905.319212754956,1,44324.89169561427,1,1,4246.81120466626,1,6.3545950782661755
3436,55,61894.528658907875,Mortgage,1,1957.9453891786013,1,8659.073419378972,1,0,0.0,1,2465.178686272079
3437,65,29519.315831307336,Mortgage,1,1382.8919177803193,1,9366.777608331178,1,0,0.0,1,3438.4568544246235
3438,29,38377.12217245868,Rent,1,2270.5917042603755,1,137.4950265121804,0,0,0.0,0,0.0
3439,61,22211.794653898927,Mortgage,1,2419.849271998607,1,8515.256432797492,0,0,0.0,1,4959.172166952292
3440,41,10374.182541389333,Rent,1,0.0,0,0.0,0,0,0.0,0,0.0
3441,47,33112.84472576031,Mortgage,1,1903.0233881225095,1,3566.8307857697973,0,0,0.0,1,0.0
3442,54,41536.42132689482,Mortgage,1,1507.1519162195536,1,3209.6269766876,1,0,0.0,1,4389.267279856593
3443,47,28392.703736036434,Rent,1,1195.305276250092,0,0.0,0,0,0.0,0,0.0
3444,75,73751.65987523923,Own,1,1890.0278318543596,1,43725.14359472186,0,0,0.0,1,4709.241611477946
3445,71,194818.3943390221,Own,1,3838.967641591709,1,39704.81606980178,0,1,21056.154324224924,1,0.0
3446,32,5923.347597885335,Rent,1,0.0,0,0.0,0,0,0.0,0,0.0
3447,69,45688.974823858225,Mortgage,1,1277.1658714824916,1,8910.074792662026,1,0,0.0,1,30.720632555238048
3448,90,89271.15158358583,Own,1,12154.984174445264,1,93302.43267565205,1,1,8703.785480059021,1,15459.846887510157
3449,77,108581.68742384877,Own,1,3796.7467721573407,1,91723.25863679998,0,1,0.0,1,0.0
3450,47,33175.28012374426,Rent,1,1507.4607599539745,0,0.0,0,0,0.0,0,0.0
3451,42,4434.510983870072,Rent,1,52.616972681190646,1,820.1052493966242,0,0,0.0,0,0.0
3452,82,28740.572328951537,Mortgage,1,1938.5372031879513,1,40135.61230784706,0,0,0.0,1,2519.4433936190158
3453,30,848.8547134810033,Rent,1,1080.0404089808574,1,1805.906585255932,0,0,0.0,0,0.0
3454,90,85696.75775514863,Own,1,4626.705117219216,1,75641.82081240014,1,1,5130.30319700856,1,0.0
3455,54,21458.20309429466,Mortgage,1,1171.9608652096222,1,10991.039234208023,0,0,0.0,1,12.853748433928084
3456,71,51790.992901262056,Own,1,2272.260120618588,1,32787.14517998928,0,0,0.0,1,0.0
3457,88,92404.56208334473,Own,1,1562.4441269787933,1,39478.39310331672,0,0,0.0,1,0.0
3458,45,41441.51019943933,Mortgage,1,1502.7007110008135,1,1755.302736827642,0,0,0.0,1,0.0
3459,42,6799.602997985523,Rent,0,0.0,0,0.0,0,0,0.0,0,0.0
3460,33,525.5206015037594,Rent,0,0.0,0,0.0,0,0,0.0,0,0.0
3461,32,12986.514837057632,Rent,1,996.1413683820192,1,2368.7820594412333,0,0,0.0,0,0.0
3462,31,23068.784743812183,Rent,1,434.6459054042754,1,4102.132767412776,0,0,0.0,0,0.0
3463,53,27263.222533515356,Rent,1,877.8181318069796,0,0.0,0,0,0.0,0,0.0
3464,52,43745.02317694995,Mortgage,1,1549.253224211221,1,2765.192249762246,1,0,0.0,1,0.0
3465,38,36721.967777647755,Rent,1,1038.1232534670128,1,2939.144991989663,0,0,0.0,0,0.0
3466,44,52939.56916547534,Mortgage,1,2201.46566288499,1,8329.015707428833,1,0,0.0,1,0.0
3467,38,525.5206015037594,Rent,1,247.29139381279435,0,0.0,0,0,0.0,0,0.0
3468,76,44323.653397404356,Own,1,1596.2079620445497,1,34833.79425442478,0,0,0.0,1,0.0
3469,47,26836.62626723617,Rent,1,944.5228694730755,1,4486.320433875459,0,0,0.0,0,0.0
3470,39,7204.974763151164,Rent,1,602.757303127666,0,0.0,0,0,0.0,0,0.0
3471,31,2570.9367446463784,Rent,1,362.17221975561534,1,1388.8880884676942,0,0,0.0,0,0.0
3472,31,525.5206015037594,Rent,0,0.0,0,0.0,0,0,0.0,0,0.0
3473,84,83726.05945765554,Own,1,4634.797641566742,1,91606.01606183648,1,1,8264.550960314082,1,0.0
3474,65,49831.04541892301,Own,1,1596.1455167617833,1,7379.758575993374,0,0,0.0,1,0.0
3475,74,87540.8536235122,Own,1,2734.5709027878056,1,46226.68751141231,0,1,0.0,1,5323.711419361713
3476,79,44453.62048658955,Own,1,1623.2049281874563,1,82126.03347399516,0,1,10247.916238707347,1,0.0
3477,78,102979.9314839599,Own,1,3930.55685371422,1,41885.39762165081,0,1,16814.117953274832,1,0.0
3478,30,2350.1850207101106,Rent,1,639.0476939404122,1,1310.1452498589138,0,0,0.0,0,0.0
3479,65,39384.83941323562,Mortgage,1,860.4517002074422,1,3760.575634089706,0,0,0.0,1,0.0
3480,44,24504.974075391463,Rent,1,853.0674156125369,0,0.0,0,0,0.0,1,0.0
3481,41,525.5206015037594,Rent,1,270.1348120013778,0,0.0,0,0,0.0,0,0.0
3482,32,838.9754391036731,Rent,1,0.0,1,0.0,0,0,0.0,0,0.0
3483,44,39368.87606131802,Mortgage,1,1758.435072045529,1,3686.8626167822986,0,0,0.0,1,1.8511192468898792
3484,67,49841.562345045466,Mortgage,1,1613.6775682198527,1,7414.867541331456,1,0,0.0,1,2.9879210843922
3485,39,525.5206015037594,Rent,0,0.0,0,0.0,0,0,0.0,0,0.0
3486,59,62877.53676276533,Own,1,9735.717423457838,1,85773.23926205671,1,1,20643.13421960185,1,0.0
3487,51,56587.91949413548,Mortgage,1,2025.959374643599,1,8631.562759440669,1,0,0.0,1,2471.0482931708884
3488,70,28868.872548142448,Own,1,5472.785346599,1,9073.369976964297,1,1,17354.14419848778,1,6873.877076579469
3489,41,14773.585095138878,Rent,1,1020.796445384152,1,4354.52873249856,0,0,0.0,0,0.0
3490,35,2668.298584818369,Rent,1,415.5189008333631,0,0.0,0,0,0.0,0,0.0
3491,59,36635.01864239293,Mortgage,1,2490.4003240154047,1,9071.227595067256,0,0,0.0,1,0.0
3492,59,30205.98468889289,Mortgage,1,2357.8369263042086,1,8899.254379534395,1,0,0.0,1,0.0
3493,89,223373.49954084115,Own,1,6588.248072490707,1,71884.76317766892,1,1,6727.366173436881,1,0.0
3494,58,37288.68481164859,Mortgage,1,1851.253813101102,1,8837.30465558828,0,0,0.0,1,12.725707443488519
3495,87,119874.99608357876,Own,1,2857.672402380476,1,75451.00358523605,0,1,6863.348297660876,1,9332.72955467082
3496,87,29158.871059638368,Mortgage,1,1577.0392024144455,1,95550.03646426843,1,0,0.0,1,1.6970297081337105
3497,91,57176.069638213674,Own,1,4957.334081034157,1,95912.14272990423,1,1,8251.19465706236,1,11885.121743452644
3498,69,46142.24459366178,Mortgage,1,1129.6898703804904,1,2236.5059237480036,1,0,0.0,1,0.0
3499,76,58961.427718173356,Mortgage,1,1154.572861698377,1,8629.437913565664,1,0,0.0,1,0.0
3500,30,17585.40427717084,Rent,1,150.46640580947394,1,15.295858050063543,0,0,0.0,0,0.0
3501,62,45136.13912297553,Mortgage,1,1748.2416110375837,1,9991.87750804909,1,0,0.0,1,4016.0378536779895
3502,48,24285.260685724337,Rent,1,1857.421930085043,1,1566.1561230817586,0,0,0.0,0,0.0
3503,88,111153.49870932374,Own,1,6480.393535564307,1,93352.78588454424,1,1,29915.546496265215,1,0.0
3504,42,11835.12989182763,Rent,1,1061.4127719089822,1,3226.014258737364,0,0,0.0,0,0.0
3505,52,12671.060117161493,Rent,1,518.9435528365234,1,834.4035514399995,0,0,0.0,0,0.0
3506,31,525.5206015037594,Rent,0,0.0,0,0.0,0,0,0.0,0,0.0
3507,27,525.5206015037594,Rent,0,0.0,0,0.0,0,0,0.0,0,0.0
3508,73,44524.185538147874,Own,1,4724.67920042687,1,47513.59263772747,0,1,9597.683996163796,1,1.6933375947451235
3509,85,216695.07495528925,Own,1,38872.02645573351,1,92916.36852443087,1,1,22207.400454377446,1,12.142277433009054
3510,30,11415.594647012937,Rent,1,2032.5254813490353,1,36667.47937373537,0,0,0.0,0,0.0
3511,37,12879.86780302136,Rent,1,1442.5908986983936,1,1147.0484623494722,0,0,0.0,0,0.0
3512,63,40367.63521416407,Mortgage,1,800.4448329231247,1,9717.01579656639,1,0,0.0,1,4213.206888537105
3513,46,20489.649219119794,Rent,1,925.775381098485,1,1345.910042515178,0,0,0.0,1,0.0
3514,32,18919.56823727324,Rent,1,456.60734803310254,1,1133.4212568591752,0,0,0.0,0,0.0
3515,30,18795.12442266204,Rent,1,1134.5918754701624,1,2742.7710767087337,0,0,0.0,0,0.0
3516,85,221407.2516777237,Own,1,7820.896868571265,1,91305.55249274807,1,1,11751.93997824291,1,5712.502396694707
3517,66,35800.86574899844,Mortgage,1,1881.3645727367202,1,8524.830689889694,1,0,0.0,1,0.0
3518,32,23829.62299972166,Rent,1,983.1346631048305,1,3692.2144669421896,0,0,0.0,0,0.0
3519,89,54305.19831658188,Own,1,31396.336858903007,1,96758.46639356414,1,1,28862.92647529021,1,2.4908482293515375
3520,77,137971.1337500364,Own,1,4133.088150903446,1,33675.02752129638,0,1,0.0,1,12.99935537346307
3521,64,36061.33899869193,Mortgage,1,2136.9712333091647,1,7300.410850122835,1,0,0.0,1,4261.497346011177
3522,65,26285.832938433414,Own,1,1029.7148909987766,0,0.0,1,0,0.0,1,0.0
3523,74,117935.57468246236,Own,1,11488.433341392072,1,92460.44506980907,1,1,33079.45974108002,1,0.0
3524,56,49311.84334822255,Own,1,1641.8607414076018,1,1863.0059392383387,0,0,0.0,1,0.0
3525,54,41968.445237184096,Mortgage,1,2265.449573774831,1,1735.2551183329867,1,0,0.0,1,0.651894285122981
3526,70,507973.7060639722,Own,1,4157.437204942485,1,94485.3501312716,1,1,13726.385761877926,1,0.0
3527,66,120180.35064645504,Own,1,4748.660343600688,1,40315.10073769077,0,1,3513.0297705901803,1,4770.0816848234035
3528,90,71252.5034619958,Own,1,5632.485379481718,1,47854.309542679526,1,1,14927.608761221243,1,0.0
3529,47,54734.34077735041,Mortgage,1,2095.9774040286966,1,9190.445707440418,0,0,0.0,1,3574.3947772218266
3530,60,48204.262995242985,Own,1,4237.982895807818,1,8702.015585092477,0,0,0.0,1,0.0
3531,53,23352.980531551806,Mortgage,1,1116.8779526664093,1,7984.241487613184,0,0,0.0,1,0.0
3532,64,39469.09914279296,Mortgage,1,2816.1295772094213,1,37280.00975441603,0,0,0.0,1,0.0
3533,61,37932.79810632316,Own,1,3123.5880840623395,1,7598.036104209798,1,0,0.0,1,0.0
3534,30,10506.920337195224,Rent,1,465.755779528659,1,2509.985506005187,0,0,0.0,0,0.0
3535,66,28537.289383597363,Mortgage,1,1391.7249726458672,0,0.0,1,0,0.0,1,0.0
3536,76,24818.129510439445,Own,1,2143.887291147941,1,43859.8314594936,0,0,0.0,1,0.0
3537,59,11406.287966365682,Mortgage,1,868.493965960815,0,0.0,0,0,0.0,0,0.0
3538,37,16780.120265663867,Rent,1,367.6396112218749,1,1320.721757286698,0,0,0.0,0,0.0
3539,72,191074.86704995178,Own,1,4312.485918944185,1,43199.87001508401,1,1,5326.678833764239,1,2373.388425071276
3540,59,25562.689069046555,Mortgage,1,1458.1965195163125,1,1808.956938435332,1,0,0.0,1,0.0
3541,72,113216.42831700256,Own,1,3776.742942717081,1,39934.02777079536,1,1,13791.74575056709,1,7792.04114172164
3542,36,837.0567274564382,Rent,1,115.0955953110423,1,0.0,0,0,0.0,0,0.0
3543,31,525.5206015037594,Rent,0,0.0,0,0.0,0,0,0.0,0,0.0
3544,74,75397.9872397297,Own,1,1616.825418457805,1,36330.8033708886,1,1,19988.35594229318,1,0.0
3545,53,12821.058768382234,Mortgage,1,766.7979085964711,0,0.0,0,0,0.0,0,0.0
3546,76,15722.237452033107,Own,1,3164.1769071284994,1,1882.7907108166314,0,1,14.738275070305974,1,0.0
3547,28,525.5206015037594,Rent,0,0.0,0,0.0,0,0,0.0,0,0.0
3548,59,42969.35130610304,Mortgage,1,1900.4027472052717,1,9061.074404265175,1,0,0.0,1,0.0
3549,69,71815.14067804409,Own,1,6171.053229901647,1,95242.74729536708,1,1,7965.0227950493045,1,12.566957080915707
3550,68,40753.075276209514,Mortgage,1,417.36063247468104,1,3607.7684112582056,0,0,0.0,1,0.0
3551,32,7705.788325321386,Rent,1,66.77078170763286,1,1398.973528327278,0,0,0.0,0,0.0
3552,45,32303.287048988954,Mortgage,1,1311.175912526251,1,2869.3363274255516,0,0,0.0,1,0.0
3553,71,31756.420698973212,Own,1,4480.2776393596905,0,0.0,1,0,0.0,1,0.0
3554,90,49641.74871021177,Own,1,2795.474998936811,1,41090.13948160615,0,1,7212.511391123441,1,1.0928226111618404
3555,29,7558.018492291345,Rent,1,349.7828346786056,1,150.1881965642067,0,0,0.0,0,0.0
3556,50,33496.717823736464,Rent,1,793.7328496764358,1,2159.2492008423737,0,0,0.0,0,0.0
3557,68,37873.34317017585,Mortgage,1,29384.051123538444,1,7436.472046920979,1,0,0.0,1,0.0
3558,91,212571.72014591898,Own,1,10241.837235372237,1,94484.56992015253,1,1,8601.45106713113,1,12.855852062464875
3559,90,124382.00324528117,Own,1,3784.2755975342648,1,93429.5775417115,1,1,19785.124340861727,1,11.336253285554102
3560,61,50698.613939944495,Mortgage,1,2155.8877418629418,1,3754.560872602614,0,0,0.0,1,0.0
3561,45,8854.399152652226,Rent,0,0.0,0,0.0,0,0,0.0,0,0.0
3562,54,76304.93941589247,Own,1,5387.551969556293,1,8814.624952397162,1,0,0.0,1,0.0
3563,37,28135.85189380764,Rent,1,536.936777728486,1,1787.4219080518274,0,0,0.0,0,0.0
3564,29,525.5206015037594,Rent,0,0.0,0,0.0,0,0,0.0,0,0.0
3565,80,65468.83159159945,Own,1,2195.9455463318554,1,46710.6799355094,0,0,0.0,1,3553.274001435635
3566,36,9505.34588865397,Rent,1,707.6722928510953,0,0.0,0,0,0.0,0,0.0
3567,58,38713.414792121104,Own,1,2037.5285982487048,1,8746.994666648914,0,0,0.0,1,4.433702875121217
3568,70,64126.460420682946,Own,1,2173.277317589642,1,45582.157847743234,0,0,0.0,1,0.0
3569,85,711985.7538459799,Own,1,9775.029931426774,1,96561.6059613757,1,1,18443.515465985398,1,13.598536064814633
3570,69,48169.841453203735,Mortgage,1,1197.6051800836854,1,4101.152950195106,1,0,0.0,1,0.0
3571,69,69192.08485935593,Mortgage,1,2290.002982960263,1,8926.326314912409,0,0,0.0,1,0.0
3572,91,175732.70453672035,Own,1,33961.06766324211,1,91991.05972993808,1,1,38793.669267070625,1,9.997447413927935
3573,90,600670.8615916987,Own,1,28925.613791718126,1,93549.36213093232,1,1,8771.47465278969,1,0.0
3574,88,68002.81838517064,Own,1,7076.820771920353,1,95422.5353484713,1,1,8182.614040380866,1,9.59869316045401
3575,43,42589.69944788037,Mortgage,1,1891.7277716806223,1,3072.8471618737685,0,0,0.0,1,3524.936693119171
3576,36,8564.707375904381,Rent,0,0.0,0,0.0,0,0,0.0,0,0.0
3577,33,21178.104619146616,Rent,1,812.2718459142856,1,225.16265834496176,0,0,0.0,0,0.0
3578,63,30408.26370778986,Mortgage,1,1183.2215667913201,1,1316.529726042919,0,0,0.0,1,0.0
3579,91,130565.78060280101,Own,1,6273.1760351072635,1,93590.03051832652,1,1,7080.052779260006,1,0.0
3580,88,83564.47246050384,Own,1,7262.210371087267,1,80791.09320897574,1,1,7227.956566849241,1,0.0
3581,88,127993.35666872986,Own,1,4097.312747565818,1,45225.0297515837,1,1,7931.684834677848,1,4583.329537801172
3582,77,20493.698025900816,Rent,1,1094.430159013756,1,172.91721917036193,0,0,0.0,0,0.0
3583,41,6972.182326674618,Rent,0,0.0,0,0.0,0,0,0.0,0,0.0
3584,69,36960.54442611708,Own,1,1846.4506021183786,1,42465.15185813865,0,0,0.0,1,10.209756699723066
3585,91,58200.99573110744,Own,1,17216.198315842637,1,95538.57840818899,1,1,7944.8419992252975,1,12.819781992004172
3586,48,44234.74806133414,Mortgage,1,1336.9366468541377,0,0.0,1,0,0.0,1,0.0
3587,47,21563.008396321282,Rent,1,1175.3883206425621,1,2648.658867061491,0,0,0.0,1,0.0
3588,45,22795.11315402478,Rent,1,425.8355473013681,1,1398.260218081194,0,0,0.0,0,0.0
3589,61,27599.937236470163,Mortgage,1,1221.680438420799,0,0.0,0,0,0.0,1,0.0
3590,60,22823.197108671156,Mortgage,1,328.83073616917784,1,2516.6218848147755,0,0,0.0,1,0.0
3591,47,39428.22639155894,Mortgage,1,2039.0296705377868,1,3370.6606274319047,0,0,0.0,1,2130.93710065505
3592,65,43602.44868932361,Mortgage,1,1995.351327417661,1,2132.4945987798765,0,0,0.0,1,0.0
3593,76,41477.00134203059,Own,1,1811.9933391563482,1,36336.86692321498,0,0,0.0,1,0.0
3594,38,19819.920711902927,Rent,1,723.2079325421857,1,994.8440032303022,0,0,0.0,0,0.0
3595,87,177128.43903390196,Own,1,8808.267652647653,1,90455.40295743092,1,1,18329.992032539318,1,0.0
3596,72,20522.26423630889,Mortgage,1,1186.1926616209594,1,2008.7325853070781,0,0,0.0,1,0.0
3597,46,9408.985216423816,Mortgage,1,757.5498872990592,1,2885.3902224662834,0,0,0.0,0,0.0
3598,53,36914.203369834744,Mortgage,1,1127.1428538100674,1,9660.302199196083,1,0,0.0,1,0.0
3599,38,10107.310889608078,Mortgage,1,1314.8191261619647,1,3521.22978878346,0,0,0.0,1,0.0
3600,57,13617.619109706338,Mortgage,1,1131.3680619733013,0,0.0,0,0,0.0,0,0.0
3601,90,75273.10702289536,Own,1,3612.986560735561,1,43329.92735835839,0,1,7285.784924733994,1,3834.847948511837
3602,90,84717.95807498579,Own,1,4046.321132301032,1,90734.05775225475,1,1,12340.711868577977,1,23.821533957932527
3603,86,730080.197748716,Own,1,3895.161648011065,1,91647.22587020298,1,1,7133.092036756856,1,18.36457334833245
3604,57,42796.06948476651,Mortgage,1,1799.338915017913,1,9175.247927045877,1,0,0.0,1,5471.543039901814
3605,71,127076.98140452927,Own,1,10081.698754481726,1,91670.55811108774,1,1,5008.873246658949,1,0.0
3606,32,16387.56262054987,Rent,1,206.71117967308805,0,0.0,0,0,0.0,0,0.0
3607,45,21934.308716977663,Mortgage,1,741.1965104255962,1,2842.8270479062485,0,0,0.0,1,0.0
3608,29,14966.60246358895,Rent,1,1197.4260957515653,1,2781.545779251371,0,0,0.0,0,0.0
3609,61,40896.9773749027,Mortgage,1,1898.5402512380306,1,1373.8259393061073,1,0,0.0,1,4599.373093391117
3610,61,167845.2745252035,Own,1,8260.19274974153,1,96129.8690212032,1,0,0.0,1,13.881943189148116
3611,54,37208.44435802396,Mortgage,1,2975.6809826527187,1,10552.761269537259,0,0,0.0,1,0.0
3612,80,120584.11057727199,Own,1,2268.888708668501,1,7598.155339676432,0,0,0.0,1,2.280816539469815
3613,63,49305.353500375415,Mortgage,1,2023.5761519045643,1,6932.270651456077,1,0,0.0,1,3683.865022950405
3614,86,788491.8277822905,Own,1,3361.8513050008182,1,43821.26330273994,1,1,9085.505127714941,1,9684.12663945273
3615,28,14851.862641197797,Rent,0,0.0,0,0.0,0,0,0.0,0,0.0
3616,89,41135.14557476428,Own,1,2721.6499977994727,1,94882.52298399076,1,0,0.0,1,19.919492258638694
3617,31,5998.608249234583,Rent,0,0.0,0,0.0,0,0,0.0,0,0.0
3618,41,1536.0322306447106,Rent,0,0.0,0,0.0,0,0,0.0,0,0.0
3619,88,89694.06247191277,Own,1,11782.764723303353,1,77656.48190198932,1,1,29844.354444344197,1,5018.594749665926
3620,36,20885.090811533762,Rent,1,970.357889952131,1,0.0,0,0,0.0,0,0.0
3621,58,63866.8451099119,Own,1,2889.4228942877758,1,8777.636523001192,0,0,0.0,1,0.0
3622,35,14982.544966961585,Rent,1,860.246619464693,1,2069.2390654269902,0,0,0.0,0,0.0
3623,55,23396.512173134168,Mortgage,1,1203.4897848504186,1,8913.982330464309,1,0,0.0,1,0.0
3624,44,32631.30873743631,Mortgage,1,1715.1293981973683,1,3256.865754599963,0,0,0.0,0,0.0
3625,55,36639.586694063415,Mortgage,1,1586.0968505694893,1,9169.946374275192,0,0,0.0,1,0.0
3626,38,18954.05673140811,Mortgage,1,1574.076302522104,1,3023.6927651997134,0,0,0.0,1,5494.597003021738
3627,73,45692.64820773873,Own,1,6558.481667689794,1,38506.918301911835,0,0,0.0,1,8.905049435164482
3628,75,88466.92033209493,Own,1,9655.606308847755,1,92375.1506568057,1,1,7472.443788417386,1,21.26053192144315
3629,73,20165.977837269453,Rent,1,2139.5111181318402,1,2085.1318856839184,0,0,0.0,1,0.0
3630,65,41041.97438530599,Mortgage,1,1883.4548536345417,1,8689.922008558842,1,0,0.0,1,0.6172219298926293
3631,77,87240.22148729702,Own,1,4366.796484774304,1,74789.04582183524,1,1,6242.148446778563,1,8939.502475710655
3632,46,25275.533163903157,Rent,1,1396.572246745833,1,1086.6385523751676,0,0,0.0,0,0.0
3633,40,12208.420933890402,Rent,1,489.8671502508965,1,3451.066492410568,0,0,0.0,0,0.0
3634,63,26799.7163999768,Own,1,1314.4399209777775,0,0.0,0,0,0.0,1,0.0
3635,43,41900.81218976061,Mortgage,1,1877.1825437513703,1,3674.9927516971293,1,0,0.0,1,0.0
3636,30,8742.887975529631,Rent,1,1369.4720294449994,1,4211.889859426959,0,0,0.0,0,0.0
3637,63,24242.359450850447,Own,1,1186.1354688806528,1,34990.34496851881,0,0,0.0,1,0.0
3638,63,67289.90165060933,Mortgage,1,1416.0671909561147,1,7846.894621435685,1,0,0.0,1,0.0
3639,30,3198.4077184388807,Rent,1,364.6274482178594,0,0.0,0,0,0.0,0,0.0
3640,90,82550.41530071372,Own,1,9430.89897536381,1,74480.5233492328,1,1,7343.126830507428,1,13094.825060981744
3641,79,89438.13377213829,Own,1,27712.27357765838,1,77140.20939657104,1,1,12429.678025774254,1,4.264978549831006
3642,68,39766.68042324172,Own,1,4979.476669909252,1,46735.856189423874,1,1,11302.952756069151,1,4049.566882634055
3643,35,50423.767422527824,Rent,1,2307.483355563629,1,38657.32712096419,0,0,0.0,0,0.0
3644,68,49165.85185425259,Own,1,1272.2822197130367,1,8291.404725542625,0,0,0.0,1,0.0
3645,39,12301.07716859099,Rent,1,285.12570729706636,0,0.0,0,0,0.0,0,0.0
3646,43,6722.966031078182,Rent,0,0.0,0,0.0,0,0,0.0,0,0.0
3647,88,75125.19264668628,Own,1,8526.282564310048,1,79129.1454751168,1,1,6402.922942018758,1,8698.011593622552
3648,90,73730.1742889717,Own,1,10871.781461268836,1,77526.59830928138,1,1,7924.617888438886,1,16.500956712450062
3649,39,525.5206015037594,Rent,0,0.0,0,0.0,0,0,0.0,0,0.0
3650,51,42926.10678424321,Mortgage,1,2307.028336758779,1,9035.4321723078,1,0,0.0,1,0.2418044691409546
3651,70,36156.224406744834,Rent,1,1134.7259818561624,1,2044.2803947529292,0,0,0.0,0,0.0
3652,49,28914.24603121265,Rent,1,1379.2850529446894,1,4430.7044911377925,0,0,0.0,0,0.0
3653,66,55065.933214324505,Mortgage,1,2213.822735696601,1,8055.69710266384,1,0,0.0,1,0.0
3654,29,11699.318324608665,Rent,1,1137.6983223353186,1,1173.9636922847392,0,0,0.0,0,0.0
3655,44,13405.551820796862,Mortgage,1,801.3433058143012,0,0.0,0,0,0.0,1,0.0
3656,56,45027.461991469056,Mortgage,1,604.2046946158799,1,8141.550305478504,1,0,0.0,1,13.114087734435218
3657,74,28766.825715324943,Own,1,1067.7854028430181,1,41389.32871341962,0,0,0.0,0,0.0
3658,36,11290.358642084448,Rent,1,787.4621349523898,0,0.0,0,0,0.0,0,0.0
3659,31,13731.567584886872,Rent,1,311.728005140492,1,134.8130314894497,0,0,0.0,0,0.0
3660,40,7263.978835972426,Rent,1,500.9355076357559,0,0.0,0,0,0.0,0,0.0
3661,30,27806.62792073,Rent,1,660.4127207291655,1,2218.2513755489617,0,0,0.0,0,0.0
3662,43,25895.20093652878,Rent,1,1237.4596002965156,1,3151.829717238147,0,0,0.0,0,0.0
3663,85,791147.7143880597,Own,1,7432.840106573904,1,93585.82014844277,1,1,18873.435132752653,1,0.0
3664,62,64840.13429711748,Mortgage,1,1260.647829704105,1,2543.2782684777885,1,0,0.0,1,0.0
3665,63,64108.18789553801,Mortgage,1,2768.144275374385,1,9242.597378617,0,0,0.0,1,0.0
3666,30,3452.393107674112,Rent,1,297.57981096934725,1,748.1859921510559,0,0,0.0,0,0.0
3667,51,39658.58120021258,Own,1,1325.7265152909035,1,3026.6583920944045,0,0,0.0,1,0.0
3668,35,7417.9391853945635,Rent,1,523.4217914755488,1,2544.1030909303418,0,0,0.0,0,0.0
3669,33,22198.35442894736,Rent,1,1702.940819984946,1,1458.8984866605817,0,0,0.0,0,0.0
3670,65,48913.731490854625,Mortgage,1,2029.2585037511603,1,8934.598038330067,1,0,0.0,1,0.0
3671,56,23827.15194740781,Mortgage,1,1928.5971987541832,1,4129.561569993179,0,0,0.0,1,0.0
3672,32,20946.779655815328,Rent,1,81.39694782394429,1,2242.5198920039365,0,0,0.0,0,0.0
3673,51,48644.33911976422,Mortgage,1,2652.1292153665763,1,3019.8633670529316,1,0,0.0,1,0.0
3674,57,27589.982194691296,Mortgage,1,2010.9761905869125,1,9379.28645825548,0,0,0.0,1,2165.4716056819734
3675,65,38206.142850020355,Mortgage,1,1234.6771439779077,1,9901.576809684717,0,0,0.0,1,0.0
3676,26,525.5206015037594,Rent,0,0.0,0,0.0,0,0,0.0,0,0.0
3677,46,20898.94978655228,Own,1,1904.570558172385,1,1703.1286585790178,0,0,0.0,1,0.0
3678,45,18077.212603120293,Mortgage,1,1240.2781985521174,1,4538.406980790056,0,0,0.0,1,2189.5588551931
3679,29,525.5206015037594,Rent,0,0.0,0,0.0,0,0,0.0,0,0.0
3680,32,18381.175409798496,Rent,1,559.8033350312692,1,862.87403820346,0,0,0.0,0,0.0
3681,42,14410.256080604082,Rent,1,1201.4864340321428,0,0.0,0,0,0.0,0,0.0
3682,29,6968.4682061055555,Rent,1,101.14451211270955,0,0.0,0,0,0.0,0,0.0
3683,30,3078.2664039707925,Rent,0,0.0,0,0.0,0,0,0.0,0,0.0
3684,91,108454.87124254588,Own,1,9908.388726099793,1,84501.032513437,1,1,5036.616422467706,1,2.4197523933153624
3685,46,29777.70478878012,Mortgage,1,1084.0886900984804,1,4327.552251322462,0,0,0.0,1,0.0
3686,53,47764.423652523335,Mortgage,1,1886.1802429572133,1,10475.016204896396,0,0,0.0,1,0.0
3687,30,26677.341849492896,Rent,1,1708.8967763235278,1,2313.3790015529903,0,0,0.0,0,0.0
3688,28,525.5206015037594,Rent,0,0.0,0,0.0,0,0,0.0,0,0.0
3689,91,79850.84534023736,Own,1,6700.200604826221,1,91779.04117637193,1,1,7895.190755266158,1,6213.261428324356
3690,86,57991.59769221173,Own,1,4928.585864122105,1,90476.01802289701,1,1,6817.156561016774,1,0.0
3691,73,61758.049234265694,Own,1,3423.195442705313,0,0.0,1,1,0.0,1,4.713033906273698
3692,47,37857.245273623696,Mortgage,1,3295.555835072424,1,9220.640003060873,1,0,0.0,1,0.0
3693,31,525.5206015037594,Rent,0,0.0,0,0.0,0,0,0.0,0,0.0
3694,31,3742.7794301635095,Rent,1,802.524934827496,1,678.0139587393064,0,0,0.0,0,0.0
3695,69,27018.949404112016,Mortgage,1,866.5377106648428,1,8324.795777129466,1,0,0.0,1,0.0
3696,45,17200.262952177392,Rent,1,875.3509119833988,0,0.0,0,0,0.0,0,0.0
3697,35,7999.885473302857,Rent,0,0.0,1,0.0,0,0,0.0,0,0.0
3698,87,86479.4178315453,Own,1,30322.46729547463,1,96758.46639356414,1,1,8351.940242908859,1,12.474196173828075
3699,71,67737.14183804499,Own,1,4286.903688599614,1,41236.46290336686,0,1,6733.542807542536,1,17.19899492876671
3700,60,35004.60570050337,Mortgage,1,1838.2843258061466,1,9160.914003181604,1,0,0.0,1,2446.419412432684
3701,63,82005.02886439285,Mortgage,1,2531.900006529696,1,8927.27583637231,1,0,0.0,1,4125.687424421271
3702,50,43624.14933319474,Mortgage,1,1807.1244173382286,1,8598.626459026415,1,0,0.0,1,3.1050872364475497
3703,66,33548.93592935911,Mortgage,1,1935.0986488369715,1,8333.935624518535,1,0,0.0,1,0.0
3704,68,31325.502110628426,Mortgage,1,1925.144943595727,1,9216.000346216975,1,0,0.0,1,0.0
3705,32,2888.0735312150973,Rent,0,0.0,0,0.0,0,0,0.0,0,0.0
3706,32,27807.581812640034,Rent,1,1103.1038556174276,1,2241.8729947492725,0,0,0.0,0,0.0
3707,86,89640.03299221693,Own,1,10136.528535046367,1,96758.46639356414,1,1,32873.863497777114,1,0.0
3708,51,36813.78237068074,Mortgage,1,1552.6843388288846,1,3020.439459804539,0,0,0.0,1,0.0
3709,31,7485.895491980229,Rent,1,0.0,1,465.9073258056628,0,0,0.0,0,0.0
3710,91,246485.93824226712,Own,1,4160.3493423084,1,89300.50977553167,0,1,6654.08490446537,1,9.230855538088637
3711,32,14511.38478612104,Rent,0,0.0,0,0.0,0,0,0.0,0,0.0
3712,57,16719.114130659673,Mortgage,1,785.9579817098987,1,10081.483150888454,1,0,0.0,1,12.36274691517489
3713,64,35614.60256951204,Mortgage,1,1421.9592981541532,1,8256.802668991111,0,0,0.0,1,9.526837374841715
3714,55,38992.01103513707,Own,1,2075.5412247091244,1,2215.4367154888437,0,0,0.0,1,0.0
3715,39,46312.89568753377,Own,1,1227.0638973882985,1,20.820525084903693,0,0,0.0,1,0.0
3716,29,14196.764856779651,Rent,1,952.4152061228101,1,1028.181968382887,0,0,0.0,0,0.0
3717,73,115332.09095162374,Own,1,5655.780063414921,1,41679.79056631855,0,1,5201.746405066501,1,2.4101661650819577
3718,32,30705.07520738202,Rent,1,107.72778218967107,1,1322.5598463246342,0,0,0.0,0,0.0
3719,88,88864.17087157762,Own,1,3436.7258817699103,1,96028.70534569096,1,1,18227.521967659843,1,16081.279712438216
3720,32,20583.466030462932,Rent,1,1848.0626392052247,1,2856.8406144517025,0,0,0.0,0,0.0
3721,67,31505.585884257755,Own,1,6114.648449317825,1,40060.47235617091,0,0,0.0,1,0.0
3722,41,23208.052761113035,Rent,1,997.294367729335,1,3363.7967177367036,0,0,0.0,0,0.0
3723,28,19002.067113832112,Rent,1,661.6612576842382,1,1867.5376343638027,0,0,0.0,0,0.0
3724,78,142336.55941866958,Own,1,7775.455667253787,1,74749.49617857797,1,1,6787.136844897939,1,0.0
3725,91,84065.81013664896,Own,1,37395.972899923385,1,92729.76854085848,1,1,10604.540788512712,1,9641.20632947257
3726,41,15933.877908902414,Rent,1,313.9903189954622,1,751.3854038118045,0,0,0.0,0,0.0
3727,29,22614.952413107607,Rent,1,1679.1588464808838,1,3299.101923535075,0,0,0.0,0,0.0
3728,88,649119.4343070113,Own,1,6773.908731286854,1,94679.27519009565,1,1,5047.411947850054,1,4.529846509011111
3729,40,13416.457524604122,Rent,1,569.3446881901702,1,0.0,0,0,0.0,0,0.0
3730,34,525.5206015037594,Rent,0,0.0,0,0.0,0,0,0.0,0,0.0
3731,66,70766.44768240776,Own,1,1853.787802116939,1,8823.79987973297,0,0,0.0,1,0.0
3732,50,33976.65555218845,Mortgage,1,1414.4047277993013,1,3008.0576042423263,0,0,0.0,1,0.0
3733,30,525.5206015037594,Rent,0,0.0,0,0.0,0,0,0.0,0,0.0
3734,76,37076.01147990636,Own,1,1220.520104632789,1,9790.906508365897,0,0,0.0,1,5878.3693738928305
3735,88,79910.19523538476,Own,1,6761.838464962231,1,74257.25419201195,1,1,11080.391702669305,1,5967.290018853471
3736,59,71350.50849457725,Own,1,2062.7676389059716,1,1731.8840698431054,0,0,0.0,1,0.0
3737,29,14227.873363097668,Rent,1,1132.883540969965,1,0.0,0,0,0.0,0,0.0
3738,32,43962.11616349219,Rent,1,562.6377139854441,1,2220.510750805277,0,0,0.0,0,0.0
3739,55,32794.45976774296,Mortgage,1,990.5870462901364,1,8396.28660647223,1,0,0.0,1,2485.162384744865
3740,35,15379.604564931682,Mortgage,1,1679.202524401791,1,4461.399587259202,0,0,0.0,0,0.0
3741,30,16872.47975046986,Rent,1,565.5398258256287,1,432.1186451678957,0,0,0.0,0,0.0
3742,49,16594.784089090233,Mortgage,1,952.6749966118641,1,3146.86045741138,0,0,0.0,1,0.0
3743,28,5091.817226908388,Rent,1,907.6512939263644,1,0.0,0,0,0.0,0,0.0
3744,72,54411.94372687238,Own,1,2640.1456320555412,1,37696.50656488223,0,0,0.0,1,0.0
3745,42,42871.11053662383,Mortgage,1,1331.4978696094886,1,3852.700443303381,0,0,0.0,1,0.0
3746,62,40973.344404848925,Own,1,1318.0072396973283,1,9747.706032069138,0,0,0.0,1,0.0
3747,42,33889.731523969494,Mortgage,1,2081.584104121334,1,2574.5981615919745,0,0,0.0,1,0.0
3748,72,65526.01664398902,Rent,1,2919.3892473165433,1,8473.31151671202,1,0,0.0,1,10.845839501189818
3749,55,37587.38954504224,Own,1,3407.5897510086706,1,8960.076005414068,1,0,0.0,1,0.0
3750,30,525.5206015037594,Rent,0,0.0,0,0.0,0,0,0.0,0,0.0
3751,73,103243.6308611298,Own,1,2355.961836748469,1,7765.861793694702,0,0,0.0,1,9.655327927019986
3752,73,628960.7981589742,Own,1,24923.008081824093,1,94348.90375996417,1,1,7373.622292355631,1,1.2433955057826696
3753,31,7685.361363399057,Rent,1,275.39746811236876,1,1725.4461827610323,0,0,0.0,0,0.0
3754,81,65871.06859005183,Own,1,3531.7024177328476,1,43520.074554174054,0,0,0.0,1,0.0
3755,56,36765.97224661734,Mortgage,1,938.1556752814901,1,1935.7326138353683,0,0,0.0,1,0.0
3756,75,83857.26203827889,Own,1,7177.095574581653,1,46971.215904100136,1,1,19611.878613770805,1,15192.696329971579
3757,72,36029.473271254144,Mortgage,1,2079.56611662136,1,3607.828374935417,0,0,0.0,1,0.0
3758,43,13072.119173691382,Rent,1,522.5245080471393,1,2347.7950253317476,0,0,0.0,0,0.0
3759,42,16365.086574472805,Rent,1,385.12817146510855,1,1779.8120391758648,0,0,0.0,0,0.0
3760,87,85377.81378907157,Own,1,7108.4785150851685,1,94460.1963897119,1,1,10441.333142356914,1,0.0
3761,66,43778.63721139689,Mortgage,1,1688.3383558241524,1,8583.1356002573,1,0,0.0,1,4382.519335580568
3762,38,3362.7862539843027,Rent,0,0.0,0,0.0,0,0,0.0,0,0.0
3763,67,43195.33259158354,Mortgage,1,1428.861254083231,1,8103.379150818112,0,0,0.0,1,3413.5788139709566
3764,87,579605.4403687232,Own,1,7510.632270459286,1,80461.55232245015,1,1,19679.159518768487,1,9.83709204586037
3765,56,1451.2871971457698,Mortgage,1,1260.7115183629026,0,0.0,1,0,0.0,1,5.942321932596262
3766,83,94135.46853475619,Own,1,25399.183566512686,1,93175.8786156092,1,1,6480.194632491379,1,5709.501893744842
3767,46,49774.756226497804,Own,1,1570.7323977401857,1,35850.125609732284,0,0,0.0,1,0.0
3768,34,83392.09566385906,Rent,1,1155.981026046467,1,1196.3507425917692,0,0,0.0,0,0.0
3769,51,43540.3734823257,Own,1,1747.6382899638243,1,8733.1464793337,0,0,0.0,1,0.0
3770,35,21250.676909025584,Rent,1,635.8963268528238,1,1630.6223183066472,0,0,0.0,0,0.0
3771,41,48931.62729612092,Rent,1,1623.1286765439972,1,2220.8194202929894,0,0,0.0,0,0.0
3772,56,38824.32175500737,Rent,1,1335.8578929834944,1,1660.2180717633637,0,0,0.0,1,1.8410362729602272
3773,82,137055.16808518296,Own,1,7981.237136671321,1,74908.30086309982,1,1,7248.399921395742,1,4946.718599665875
3774,35,14658.210362147933,Rent,1,390.45687600552,1,0.0,0,0,0.0,0,0.0
3775,27,12193.958586777007,Rent,1,1721.1167460624795,1,156.32509265764224,0,0,0.0,0,0.0
3776,88,174101.82950590996,Own,1,2671.6106590676764,1,94080.80653612175,1,1,14952.576187185912,1,8237.889143516242
3777,71,27809.246633651896,Own,1,2165.683059225459,1,10297.72166411555,0,0,0.0,1,0.0
3778,51,44562.232291218344,Mortgage,1,2356.791569471204,1,9669.465059156655,0,0,0.0,1,2397.769639970233
3779,87,80629.09722800786,Own,1,8313.906545219848,1,93253.68253009563,1,1,28607.12069795802,1,0.0
3780,60,39170.81150542856,Mortgage,1,2214.5125470758016,1,3200.50845112304,0,0,0.0,1,5164.951521016505
3781,30,6101.932962043915,Rent,1,69.14757950693195,0,0.0,0,0,0.0,0,0.0
3782,31,19596.843043709676,Rent,1,1099.3081543325818,1,2161.0288781771064,0,0,0.0,0,0.0
3783,66,37872.48830622322,Mortgage,1,1298.7707571236424,1,8289.38670004159,1,0,0.0,1,0.0
3784,27,19556.657968575582,Rent,1,182.65643033374533,1,555.2696910213183,0,0,0.0,0,0.0
3785,31,4002.2259466174346,Rent,1,0.0,1,0.0,0,0,0.0,0,0.0
3786,31,525.5206015037594,Rent,0,0.0,0,0.0,0,0,0.0,0,0.0
3787,57,22669.846599605607,Mortgage,1,1732.3371162876954,1,3471.351597416692,1,0,0.0,1,0.0
3788,65,38387.70142005588,Own,1,3364.9570325300224,1,38043.80464538381,0,0,0.0,1,0.0
3789,73,49967.97225233698,Own,1,2621.5573728938316,1,2497.65800402155,0,0,0.0,1,2387.560280843961
3790,46,11576.390116316405,Rent,1,2651.9019197531807,0,0.0,0,0,0.0,0,0.0
3791,74,26531.655722398085,Own,1,773.6273531383902,1,1371.0377835129336,0,0,0.0,1,3451.4869032490187
3792,49,19389.167624203983,Mortgage,1,1577.4757919822835,1,3182.7750213074264,1,0,0.0,1,0.0
3793,48,20296.671775435385,Mortgage,1,662.6991193581749,1,1403.691023481707,0,0,0.0,0,0.0
3794,42,37067.144205559096,Mortgage,1,1980.6432889299185,1,2660.3919744963346,0,0,0.0,1,0.0
3795,40,18001.7879698699,Rent,1,1019.3644799720712,1,0.0,0,0,0.0,0,0.0
3796,89,155091.75777842748,Own,1,3718.9798985588795,1,78856.50118157592,0,1,4035.5334024622675,1,5.194712776142516
3797,29,525.5206015037594,Rent,0,0.0,0,0.0,0,0,0.0,0,0.0
3798,37,525.5206015037594,Rent,0,0.0,0,0.0,0,0,0.0,0,0.0
3799,57,22224.655171681083,Rent,1,1719.9765496646248,1,1030.6292589512589,0,0,0.0,1,8.330705778312524
3800,60,69129.86538363983,Mortgage,1,1517.659607262428,1,8047.485407918277,1,0,0.0,1,0.0
3801,26,525.5206015037594,Rent,0,0.0,0,0.0,0,0,0.0,0,0.0
3802,43,24498.817427450253,Rent,0,0.0,0,0.0,0,0,0.0,0,0.0
3803,48,29206.644645820314,Rent,1,757.8195924404937,1,3427.1976380028,0,0,0.0,1,0.0
3804,53,30851.007710023827,Mortgage,1,1741.8771592919202,1,4128.025690530878,1,0,0.0,1,0.0
3805,72,88968.84582268776,Own,1,4312.287738547736,1,85401.63690812376,0,0,0.0,1,0.0
3806,39,28070.97339803811,Rent,1,1050.3560335537709,0,0.0,0,0,0.0,0,0.0
3807,88,79771.81454654428,Own,1,3238.280766011942,1,93352.99261826299,1,1,10350.013157483487,1,0.0
3808,30,712.1685761225926,Rent,1,82.76171228367502,1,1186.0673421359666,0,0,0.0,0,0.0
3809,63,33058.01419166019,Own,1,2071.19247441862,1,41564.70627221897,0,0,0.0,1,3502.074799809785
3810,64,26097.208472842896,Own,1,1634.990240336983,1,36786.37860362146,0,0,0.0,1,3753.7740546996606
3811,61,10284.126135460883,Mortgage,1,727.3756047168476,0,0.0,1,0,0.0,1,0.0
3812,53,48864.0007806092,Mortgage,1,1226.3609522449196,1,3901.495241851832,1,0,0.0,1,2130.724308909646
3813,77,47538.4293032193,Own,1,4194.960582912015,1,42077.14507343396,0,1,9201.783790904712,1,0.0
3814,57,20811.02372579132,Own,1,1665.0534429709946,1,36208.425377731444,0,0,0.0,1,4072.8779813815154
3815,47,30271.496497969725,Mortgage,1,1285.1085626333265,1,3476.6866172806785,0,0,0.0,1,1.6564563857464047
3816,57,34092.44164904315,Mortgage,1,494.962631433372,0,0.0,0,0,0.0,1,0.0
3817,90,124797.18553753418,Own,1,4688.72029159466,1,76157.48883449048,1,1,6655.010241762484,1,8516.403416655745
3818,60,95467.2781863798,Own,1,24984.281550333366,1,94012.69267309418,1,1,17691.51971250877,1,2.889024510634667
3819,30,525.5206015037594,Rent,0,0.0,0,0.0,0,0,0.0,0,0.0
3820,43,12091.095549439695,Mortgage,1,977.8112409611791,0,0.0,0,0,0.0,1,0.0
3821,61,30927.382292493032,Mortgage,1,1647.9289324810813,1,3639.129598377097,0,0,0.0,1,0.0
3822,82,42195.04868726049,Own,1,2493.076435819044,1,38036.327134169806,0,0,0.0,1,7.426985557155068
3823,75,107074.71366167089,Own,1,3725.34157235038,1,41501.41838429746,0,1,9912.310667848782,1,0.0
3824,58,38121.79096618228,Mortgage,1,2422.740416814504,1,7878.81463864414,1,0,0.0,1,4090.438923256319
3825,31,35220.65358116273,Rent,1,543.1299631216217,1,641.1946974617845,0,0,0.0,0,0.0
3826,29,525.5206015037594,Rent,0,0.0,0,0.0,0,0,0.0,0,0.0
3827,77,102487.00317560788,Own,1,4825.721160599854,1,45183.88835405113,1,1,9570.287687213506,1,0.0
3828,48,38704.41626717176,Mortgage,1,1784.302489918922,1,8461.198558883189,1,0,0.0,1,0.0
3829,40,8981.568968048416,Rent,1,572.0434071589416,0,0.0,0,0,0.0,0,0.0
3830,40,35385.03371821501,Rent,1,1008.6082346620774,1,2876.2566140135905,0,0,0.0,1,0.0
3831,42,22638.39749378999,Mortgage,1,628.1583026801928,1,2789.350760000344,0,0,0.0,1,0.0
3832,67,60637.94973696681,Mortgage,1,2569.854536499861,1,8696.642560585296,0,0,0.0,1,0.0
3833,48,39225.0569914391,Mortgage,1,1859.106174148041,1,2939.769552314722,0,0,0.0,1,0.0
3834,27,11198.95038296797,Rent,1,1190.5976338093233,1,0.0,0,0,0.0,0,0.0
3835,56,31791.769160116783,Mortgage,1,1487.2002211863348,1,7971.181600399816,1,0,0.0,1,9047.062347048697
3836,72,28007.342371305967,Own,1,1975.919877498137,1,35478.094531779105,0,0,0.0,1,0.0
3837,37,20909.343694700714,Rent,1,1755.9153615289663,1,2694.469690933651,0,0,0.0,0,0.0
3838,31,525.5206015037594,Rent,0,0.0,0,0.0,0,0,0.0,0,0.0
3839,51,31201.993756754193,Mortgage,1,1341.4302600145165,0,0.0,0,0,0.0,0,0.0
3840,58,36741.16016739998,Mortgage,1,1512.1295264856744,1,8364.350657483503,1,0,0.0,1,0.0
3841,48,7248.6291624744335,Mortgage,0,0.0,0,0.0,0,0,0.0,0,0.0
3842,89,106832.48816056809,Own,1,9636.597608912209,1,67973.64554780905,1,1,16007.203838225483,1,6708.382206872726
3843,30,23750.532622369545,Rent,1,581.6099849651055,1,467.44276917484194,0,0,0.0,0,0.0
3844,41,17893.393467679907,Rent,1,417.073890680199,0,0.0,0,0,0.0,0,0.0
3845,42,525.5206015037594,Rent,0,0.0,1,13.759610712443191,0,0,0.0,0,0.0
3846,41,14001.94129193103,Rent,1,218.51336909345991,1,0.0,0,0,0.0,0,0.0
3847,40,9363.113257668832,Rent,1,175.56374512195123,1,1099.724669136739,0,0,0.0,0,0.0
3848,49,19684.414460255553,Mortgage,1,947.9363838113493,1,2773.448245653921,0,0,0.0,1,3939.7628579815228
3849,29,525.5206015037594,Rent,0,0.0,0,0.0,0,0,0.0,0,0.0
3850,36,15742.01763275171,Rent,1,872.12499210521,0,0.0,0,0,0.0,0,0.0
3851,46,16379.592838828426,Mortgage,1,420.41047411292965,1,2115.184609265084,1,0,0.0,0,0.0
3852,30,23590.898452913065,Rent,1,384.25535698504814,1,0.0,0,0,0.0,0,0.0
3853,78,20795.484248205885,Mortgage,1,1607.8925975363643,1,8834.77800642155,1,0,0.0,1,0.0
3854,30,525.5206015037594,Rent,0,0.0,0,0.0,0,0,0.0,0,0.0
3855,28,525.5206015037594,Rent,0,0.0,0,0.0,0,0,0.0,0,0.0
3856,46,33169.25958922494,Mortgage,1,585.60997832717,1,3237.039941931248,0,0,0.0,1,0.0
3857,85,75852.25599382259,Own,1,3483.019205199326,1,42183.17843008851,0,1,11988.989338955022,1,16.078722119701357
3858,31,11399.14099776929,Rent,1,684.8034748302582,1,0.0,0,0,0.0,0,0.0
3859,88,106108.02262993176,Own,1,6981.118683523553,1,83435.09253947616,1,1,10377.830007381019,1,0.0
3860,39,2301.0360371895895,Rent,1,0.0,1,1730.4159714085724,0,0,0.0,0,0.0
3861,48,8991.670078941861,Mortgage,1,965.6156792114454,0,0.0,0,0,0.0,0,0.0
3862,72,42168.9047104092,Own,1,2169.918656468084,1,43544.92597781372,0,0,0.0,1,0.0
3863,29,25537.283915168002,Rent,1,755.4213325956167,1,0.0,0,0,0.0,0,0.0
3864,33,7438.331884608906,Rent,1,285.6177459323468,0,0.0,0,0,0.0,0,0.0
3865,58,48627.109107234995,Mortgage,0,0.0,0,0.0,0,0,0.0,1,0.0
3866,31,6843.57076318988,Rent,1,789.5421359334439,1,3369.748112699872,0,0,0.0,0,0.0
3867,30,525.5206015037594,Rent,0,0.0,0,0.0,0,0,0.0,0,0.0
3868,44,17739.828189417552,Rent,1,952.8490201862489,0,0.0,0,0,0.0,0,0.0
3869,31,20587.6446290276,Rent,1,499.11765390538733,1,452.551911959275,0,0,0.0,0,0.0
3870,46,35291.216905442,Mortgage,1,2770.970568294184,1,3178.441174127667,0,0,0.0,1,0.0
3871,59,31108.511797574294,Mortgage,1,1940.8617172280765,1,4326.565609713387,0,0,0.0,1,0.0
3872,29,3716.3402340753855,Rent,1,0.0,1,0.0,0,0,0.0,0,0.0
3873,59,38581.95108641207,Mortgage,1,2113.122877387368,1,3235.403908412993,1,0,0.0,1,6919.040194452177
3874,78,93430.79486817289,Own,1,3112.441630828382,1,40676.4506903481,0,1,4100.940731180401,1,4097.770412361303
3875,29,525.5206015037594,Rent,0,0.0,0,0.0,0,0,0.0,0,0.0
3876,33,12516.131008891676,Rent,1,450.40739526174,1,0.0,0,0,0.0,0,0.0
3877,36,20827.456000547998,Mortgage,1,2071.8441177548043,1,3580.652965179859,0,0,0.0,1,0.0
3878,46,12279.045085908085,Rent,1,941.436723362548,0,0.0,0,0,0.0,0,0.0
3879,30,14203.826749329943,Rent,1,870.5695318526311,1,1679.6372442498894,0,0,0.0,0,0.0
3880,43,35584.87155248892,Mortgage,1,962.6785410173588,1,5317.00865841114,0,0,0.0,1,0.0
3881,73,49833.95538561564,Own,1,2542.9468683779487,1,34095.626765995556,0,0,0.0,1,0.0
3882,83,565014.0495796119,Own,1,5177.022404088795,1,94882.61588714816,1,1,22991.75073378461,1,0.0
3883,78,62786.28012872963,Own,1,1757.51775435038,1,37326.22589045573,0,0,0.0,1,0.0
3884,44,9493.090292224439,Rent,1,162.68988668837778,1,2254.111700827469,0,0,0.0,0,0.0
3885,55,35300.83106307548,Mortgage,1,2048.427136717405,1,8118.921424350345,1,0,0.0,1,2283.548702609498
3886,42,8297.092397576982,Rent,1,46.49861262286174,0,0.0,0,0,0.0,0,0.0
3887,68,10251.390803205155,Mortgage,1,697.4247977588595,0,0.0,0,0,0.0,0,0.0
3888,30,5267.449029493777,Rent,1,1357.2224128404744,1,1312.7604755110078,0,0,0.0,0,0.0
3889,76,108537.97018873002,Own,1,4735.991497000312,1,32634.83369243925,0,0,0.0,1,3679.4075955228896
3890,68,34433.41946102811,Mortgage,1,1447.9257693569116,1,7255.3370619958405,1,0,0.0,1,5037.100508297917
3891,39,25020.81598511694,Rent,1,584.2186762881911,1,589.519827557896,0,0,0.0,0,0.0
3892,53,26260.15330174772,Mortgage,1,1430.4673550646032,0,0.0,1,0,0.0,1,0.0
3893,36,11609.966989419092,Rent,1,1099.0559438981795,0,0.0,0,0,0.0,0,0.0
3894,53,42949.93274890585,Mortgage,1,1866.9964789374114,1,5042.985138004564,0,0,0.0,1,0.0
3895,70,40614.37339577261,Mortgage,1,3872.9519108572727,1,2537.5260780005683,1,0,0.0,1,6.694034216010397
3896,86,124409.65239318919,Own,1,2508.444393015129,1,40018.61536818542,0,0,0.0,1,0.7566192040444601
3897,58,33735.43626061866,Mortgage,1,982.0295118229337,1,3215.459915797628,1,0,0.0,1,2638.161923022786
3898,32,7687.526301964699,Rent,1,417.27339535448,0,0.0,0,0,0.0,0,0.0
3899,72,50000.533679218584,Own,1,556.7895318790395,1,35402.12028099472,0,0,0.0,1,0.0
3900,85,119155.08554117652,Own,1,6696.188954871141,1,94676.04486989352,1,1,10624.938375468577,1,9196.744772124352
3901,42,11883.589556121375,Rent,1,852.7280511725678,1,1357.8614379682112,0,0,0.0,0,0.0
3902,55,45162.52396407327,Mortgage,1,1717.4851771001636,1,2276.331623088564,0,0,0.0,1,0.0
3903,58,36096.23328784539,Mortgage,1,2216.8254713727765,1,9085.690490486106,1,0,0.0,1,0.0
3904,64,41406.19051953199,Mortgage,1,4021.092137919813,1,8512.761797342013,0,0,0.0,1,0.0
3905,36,13207.98172243263,Rent,1,394.0780439462236,1,0.0,0,0,0.0,0,0.0
3906,37,6844.166585874524,Rent,0,0.0,0,0.0,0,0,0.0,0,0.0
3907,35,8551.192770137319,Rent,1,494.05949673470514,1,1466.9822709179357,0,0,0.0,0,0.0
3908,32,2359.5939087574607,Rent,1,126.94624979819253,1,622.316899493512,0,0,0.0,0,0.0
3909,28,2957.702322529585,Rent,1,149.6746521087873,0,0.0,0,0,0.0,0,0.0
3910,59,43868.66736778376,Mortgage,1,1611.5096107101517,1,3881.94450795388,0,0,0.0,1,9.557508699433603
3911,84,70358.42160499739,Own,1,3007.2571604439763,1,94459.24201541461,1,1,12317.828316934256,1,0.0
3912,58,39785.20924999089,Mortgage,1,2258.281201527798,1,2008.7552786158997,1,0,0.0,1,0.0
3913,46,27492.023930396055,Mortgage,1,2051.741338824255,0,0.0,1,0,0.0,1,0.0
3914,29,15348.745043970432,Rent,1,1238.2434045441757,1,2786.186112557365,0,0,0.0,0,0.0
3915,30,525.5206015037594,Rent,0,0.0,0,0.0,0,0,0.0,0,0.0
3916,43,32975.53298611579,Mortgage,1,2184.859988674505,1,3303.912409626294,0,0,0.0,1,0.0
3917,30,894.1825339752559,Rent,0,0.0,0,0.0,0,0,0.0,0,0.0
3918,76,948446.7449699275,Own,1,7051.279843989592,1,9210.218911786968,1,1,10474.400416275446,1,0.0
3919,41,32153.779264076606,Mortgage,1,2167.3882925455196,1,3450.3438933126463,0,0,0.0,1,0.0
3920,87,70893.20606543943,Own,1,5892.3224378947625,1,92840.4209190615,1,1,4906.293040222669,1,18.3434008928165
3921,56,47856.758757275325,Mortgage,1,1873.8663862711883,1,8212.152432300338,1,0,0.0,1,0.0
3922,66,26309.06204965825,Mortgage,1,3838.3199731043264,1,2530.702220730866,1,0,0.0,1,3.4030973575930163
3923,37,36426.72699871355,Rent,1,814.3424789525537,1,390.66976495308404,0,0,0.0,0,0.0
3924,83,34336.903218316766,Own,1,5517.01831464816,1,93035.21416273016,1,1,18476.23040670915,1,4974.6907049225165
3925,67,49460.15530384809,Own,1,2793.603626704725,1,7578.237200384359,0,0,0.0,1,3454.7407477528564
3926,32,22943.221772990488,Rent,1,591.7163698781543,1,1968.890481026453,0,0,0.0,0,0.0
3927,76,54828.353425695735,Own,1,4291.187860068923,1,40272.48043537312,0,0,0.0,1,0.0
3928,38,14384.806437980513,Rent,1,463.57922520039057,0,0.0,0,0,0.0,0,0.0
3929,73,202970.51777974493,Own,1,6661.337233120606,1,41291.61832098346,0,1,11059.14536472235,1,0.3761736089498967
3930,44,8229.209842922066,Mortgage,1,1657.4256609053132,1,3288.441045155276,0,0,0.0,1,0.0
3931,87,173945.14872216943,Own,1,38890.55965956198,1,81095.36823372303,1,1,21229.141756625606,1,6327.67873320677
3932,37,36419.23530416018,Own,1,1872.121530912557,1,148.44575510955156,0,0,0.0,1,0.0
3933,48,39942.64587811179,Rent,1,1122.849173964074,1,1957.8127894591594,0,0,0.0,0,0.0
3934,63,62594.13874305395,Mortgage,1,2479.6789882862386,1,9002.678613206537,1,0,0.0,1,2128.580987669282
3935,38,10380.65412813169,Rent,1,414.2966059388387,0,0.0,0,0,0.0,0,0.0
3936,30,525.5206015037594,Rent,0,0.0,0,0.0,0,0,0.0,0,0.0
3937,30,14488.392766890654,Rent,1,873.5143138225889,1,951.9751242790885,0,0,0.0,0,0.0
3938,77,48208.09498286125,Own,1,4057.9253801741497,1,93894.23906449616,1,1,6524.631317826897,1,7813.10072122236
3939,40,26749.12105321081,Mortgage,1,790.2961223442873,1,2497.000771769606,0,0,0.0,1,0.0
3940,79,36572.14409269242,Own,1,1920.4599535346808,1,38113.85981547463,0,0,0.0,1,0.0
3941,43,20714.701705393956,Mortgage,1,1089.6533663207365,1,3303.5583296304944,1,0,0.0,1,0.0
3942,75,50624.26608722354,Own,1,6007.992722921922,1,8136.721774850636,1,0,0.0,1,0.0
3943,50,23276.873489982274,Mortgage,1,1701.2655019625477,1,4145.95869270776,0,0,0.0,1,0.0
3944,39,43651.49577822757,Rent,1,1762.0952542936013,1,35758.61138300494,0,0,0.0,0,0.0
3945,44,525.5206015037594,Rent,1,0.0,1,0.0,0,0,0.0,0,0.0
3946,91,236477.7347631504,Own,1,5305.191045146357,1,40908.633453826405,1,1,3685.7259286023555,1,3595.07936871378
3947,31,13674.868320046291,Rent,1,379.49514176757293,1,2066.4938303374774,0,0,0.0,0,0.0
3948,72,114620.48761757198,Own,1,7435.5643892926,1,42859.93663850553,0,1,9566.695755939421,1,5.12435085715416
3949,74,67473.2336933758,Own,1,1191.8009564033161,1,44809.48494988051,0,0,0.0,1,0.0
3950,58,49658.40045898385,Mortgage,1,2694.743666508915,1,2928.4418434828617,1,0,0.0,1,3782.700581786806
3951,71,22803.991655095393,Own,1,11512.51812600181,1,44677.211625582386,0,1,7118.402836748698,1,0.7964850799595968
3952,44,16785.68011593947,Mortgage,1,1115.4016151215433,1,2972.575293847646,0,0,0.0,1,0.0
3953,46,42608.20680338593,Rent,1,1918.6824743157201,1,3025.324752089445,0,0,0.0,1,0.0
3954,44,30655.890115891463,Mortgage,1,1530.3402047308832,1,3353.4921621394597,0,0,0.0,1,0.0
3955,41,8013.91227751812,Rent,1,1.2177007318337019,1,0.0,0,0,0.0,0,0.0
3956,58,37682.44192508971,Own,1,1825.0402602907852,1,9303.979335324231,0,0,0.0,1,0.0
3957,49,31034.59607164124,Mortgage,1,1039.792195324518,1,4780.205175767128,0,0,0.0,0,0.0
3958,40,15969.232522934306,Rent,1,303.9691025717153,0,0.0,0,0,0.0,0,0.0
3959,40,16050.461563797606,Rent,1,612.7359944105018,1,1970.3412203443088,0,0,0.0,0,0.0
3960,47,22602.541279520417,Mortgage,1,1355.4697624078497,1,2841.4290297202347,0,0,0.0,1,0.0
3961,50,18414.53551617545,Mortgage,1,1481.0877610939367,1,1120.8126061619903,0,0,0.0,1,0.0
3962,45,8217.6145295261,Rent,1,1214.0439101456377,1,2224.4341985769174,0,0,0.0,0,0.0
3963,32,7870.270229714632,Rent,1,439.57656953002174,0,0.0,0,0,0.0,0,0.0
3964,57,47795.48942489179,Mortgage,1,1891.4248022838603,1,4153.219815780068,0,0,0.0,1,0.0
3965,60,43542.93154227183,Mortgage,1,1413.5310004960102,1,9150.087726273736,0,0,0.0,1,3215.3939937552514
3966,59,81510.34629715055,Mortgage,1,2499.7191108275883,1,38918.57058462595,0,0,0.0,1,4027.239789163657
3967,75,43021.52086890483,Own,1,1926.1768423936521,1,35598.94364725677,0,0,0.0,1,0.0
3968,30,33399.093171731714,Rent,1,779.3982792492517,1,1814.4777583282835,0,0,0.0,0,0.0
3969,57,40930.228888246515,Mortgage,1,2723.483696244606,1,9077.701872275014,0,0,0.0,1,3850.7146607280706
3970,91,168848.3428448136,Own,1,3802.702324961776,1,94878.59050704756,1,1,12759.649183491327,1,9872.559477515404
3971,30,5240.194497100354,Own,1,1583.4796374605485,1,35144.77574811431,0,0,0.0,1,0.0
3972,91,420282.5607352955,Own,1,11247.454662650669,1,92681.28240720443,1,1,36768.331878697354,1,16.012689610419372
3973,55,48992.52757548956,Mortgage,1,2279.3366615674354,1,4504.71180870145,0,0,0.0,1,3980.7046755731885
3974,56,39475.90893922062,Mortgage,1,2103.1061727089714,1,9060.628187974877,1,0,0.0,1,10.991161084164602
3975,80,107328.5777356763,Own,1,7642.416083360993,1,93109.9990270202,1,1,35498.04553273311,1,0.0
3976,68,32754.184510087285,Mortgage,1,1824.5778250530743,1,8573.713153432465,1,0,0.0,1,5.145779632948747
3977,29,13769.628517306783,Rent,1,29.142622068388846,1,788.1611638326997,0,0,0.0,0,0.0
3978,38,14017.157801258905,Rent,1,737.1653398406957,0,0.0,0,0,0.0,0,0.0
3979,64,18699.00843856016,Mortgage,1,2029.5858031642808,1,2217.058781241031,0,0,0.0,1,2.7208741525308984
3980,37,27157.128929321643,Rent,1,1119.7545021390554,1,3757.0212227448565,0,0,0.0,0,0.0
3981,51,9534.89660320634,Rent,1,294.36332633624306,0,0.0,0,0,0.0,0,0.0
3982,32,10438.749550832217,Rent,1,345.9474045214524,1,868.3225756610161,0,0,0.0,0,0.0
3983,28,17292.642682922793,Rent,1,900.023405068076,1,2244.1324044938992,0,0,0.0,0,0.0
3984,50,9850.665204351064,Rent,1,463.9575777918317,0,0.0,0,0,0.0,0,0.0
3985,74,100024.1978292118,Own,1,6411.298870543471,1,83794.0577292914,1,1,10480.196323136768,1,0.0
3986,29,14836.06372387572,Rent,0,0.0,0,0.0,0,0,0.0,0,0.0
3987,33,27786.974447501067,Rent,1,462.96918594825286,1,1163.1146812134343,0,0,0.0,0,0.0
3988,89,865850.0178938388,Own,1,8880.62800648685,1,93004.65095942769,1,1,8651.369236487115,1,9458.054107424181
3989,61,42865.47431325705,Mortgage,1,2366.2347401934826,1,8078.320104206423,1,0,0.0,1,0.0
3990,43,34012.92690102205,Mortgage,1,752.6350804767908,0,0.0,0,0,0.0,0,0.0
3991,34,10076.720679338836,Rent,1,290.1149495069393,0,0.0,0,0,0.0,0,0.0
3992,35,525.5206015037594,Rent,0,0.0,0,0.0,0,0,0.0,0,0.0
3993,59,27210.814106183934,Mortgage,1,2102.5214712225684,1,8043.332460639534,1,0,0.0,1,0.0
3994,60,21466.05118628387,Mortgage,1,1482.9547863839502,1,7818.924863856964,1,0,0.0,1,0.0
3995,86,60016.94393415264,Own,1,20824.643668889392,1,96758.46639356414,1,1,4418.476022510386,1,2867.5125525453495
3996,89,234347.83096842255,Own,1,6425.90479216031,1,93081.6491688622,1,1,9261.710267044009,1,5783.932532926843
3997,49,19554.5338258614,Rent,1,1197.4390690224895,1,2676.5846964860684,0,0,0.0,0,0.0
3998,55,27424.90608751327,Mortgage,1,794.7161955382143,1,8046.53468525272,1,0,0.0,1,0.0
3999,31,9276.14927828488,Rent,1,81.86374916225589,1,2222.094373586491,0,0,0.0,0,0.0
4000,73,22153.952942215627,Own,1,1845.6618565341694,1,37721.07951121421,0,0,0.0,1,0.0
4001,64,48258.5133055941,Mortgage,1,1600.3569634285175,1,1306.702672611439,0,0,0.0,1,4.01231383891669
4002,42,23598.909538619348,Mortgage,1,1119.878664320805,1,1945.694505067846,0,0,0.0,1,2484.7636794893506
4003,62,46406.641685227645,Own,1,1827.1763473262379,1,34889.35343480193,0,0,0.0,1,0.0
4004,88,78365.95143346529,Own,1,4874.048124693028,1,93656.22211273418,0,1,12272.646428385795,1,0.0
4005,54,20531.26563339811,Own,1,858.5046881823043,1,2785.1966199145572,0,0,0.0,1,0.0
4006,29,11788.266056712635,Rent,1,484.43383209073176,1,1282.2835686933154,0,0,0.0,0,0.0
4007,67,41039.30936530466,Own,1,4235.123574244379,1,43933.29216415875,0,1,6228.491936576962,1,6.0487379020279075
4008,70,23260.315585993256,Mortgage,1,1116.2886736029373,1,36953.542019959365,0,0,0.0,1,0.0
4009,54,12918.289655322853,Mortgage,1,835.4111743650144,1,4501.505407409615,0,0,0.0,1,0.0
4010,88,67353.54915677544,Own,1,3453.0078779136825,1,46031.271813517305,0,1,16544.480219006757,1,10.900223455309002
4011,47,22913.010078991745,Mortgage,1,737.1748112150265,1,3233.4896691837525,0,0,0.0,1,0.0
4012,68,114089.86391631019,Mortgage,1,3381.024064290967,1,9012.438266908444,1,0,0.0,1,0.0
4013,40,10369.162183583547,Rent,1,663.503388275801,1,481.07163010408044,0,0,0.0,0,0.0
4014,36,26851.744710186606,Rent,1,299.0636694651249,1,963.2777256203376,0,0,0.0,0,0.0
4015,38,7487.348463088394,Rent,0,0.0,0,0.0,0,0,0.0,0,0.0
4016,63,28339.92404859521,Mortgage,1,1831.398921940801,1,8884.905266740718,1,0,0.0,1,5512.14815638049
4017,42,42221.703786207625,Own,1,2350.6143841465673,1,8870.585457042896,0,0,0.0,1,3560.728630305709
4018,32,14440.058263786268,Rent,1,477.0554985036452,1,1076.4981611396126,0,0,0.0,0,0.0
4019,76,32462.22479208303,Own,1,2603.2498437965287,1,36965.78799850566,0,0,0.0,1,7.255436702544395
4020,30,525.5206015037594,Rent,0,0.0,0,0.0,0,0,0.0,0,0.0
4021,74,101100.10153658023,Own,1,2644.2552575615814,1,44953.00524634164,1,1,0.0,1,0.7539579412296054
4022,42,34614.94042154041,Mortgage,1,723.6293865360026,1,3835.333417306798,0,0,0.0,1,0.0
4023,74,38947.086178974925,Mortgage,1,2768.2628161663965,1,8099.566840174694,1,0,0.0,1,0.5486497785139391
4024,72,37654.528208393785,Mortgage,1,1728.616903734326,1,9232.360419525794,0,0,0.0,1,0.0
4025,64,26960.499408145326,Mortgage,1,731.4915046121819,1,6982.61330691566,1,0,0.0,1,0.41054693428486955
4026,43,9307.19303389204,Rent,1,929.3525093649408,1,1014.580974009162,0,0,0.0,0,0.0
4027,67,45255.0242023197,Mortgage,1,1467.0292126567658,1,8447.184471829998,0,0,0.0,1,0.0
4028,67,35418.63490829975,Mortgage,1,1817.7424138298013,1,9411.608816137137,1,0,0.0,1,0.0
4029,53,33622.793449712146,Own,1,2224.3125298904793,1,8206.364580903277,0,0,0.0,1,0.0
4030,91,71900.95961818268,Own,1,31353.276611018584,1,93725.90882553608,1,1,10854.37093767237,1,13619.639522349518
4031,44,23851.01138811825,Mortgage,1,1713.3968401108327,1,4384.585065856307,0,0,0.0,1,0.0
4032,36,13380.661415254492,Rent,0,0.0,0,0.0,0,0,0.0,0,0.0
4033,37,525.5206015037594,Rent,0,0.0,0,0.0,0,0,0.0,0,0.0
4034,61,33242.68991246473,Mortgage,1,851.2574688543817,1,9259.513673365609,1,0,0.0,1,0.0
4035,72,100487.3899251305,Own,1,3723.493313453946,1,94430.55411315069,1,0,0.0,1,3243.7394703169257
4036,68,45156.6320708387,Mortgage,1,1373.1176294626493,1,2015.734206829217,0,0,0.0,1,5558.897164562632
4037,73,60247.21228508286,Own,1,6331.570633770502,1,93123.19339230505,1,1,5036.35618606762,1,0.0
4038,32,525.5206015037594,Rent,0,0.0,0,0.0,0,0,0.0,0,0.0
4039,29,525.5206015037594,Rent,1,36.44548017952911,1,1053.455278794774,0,0,0.0,0,0.0
4040,54,24752.626670887876,Mortgage,1,1567.232463703716,1,3006.176289854254,1,0,0.0,1,0.0
4041,52,9877.466191406567,Mortgage,0,0.0,0,0.0,0,0,0.0,1,0.0
4042,64,34710.26193676493,Own,1,1540.5834014519608,1,1653.465720259047,0,0,0.0,1,0.0
4043,38,22952.52961508547,Rent,1,505.4892143857633,1,1500.616007828051,0,0,0.0,0,0.0
4044,75,103896.99116416363,Own,1,4752.450067786785,1,40501.88169320541,0,1,7257.708837546962,1,0.0
4045,34,15980.510042607006,Rent,1,297.41615271336036,0,0.0,0,0,0.0,0,0.0
4046,66,21499.33617567549,Mortgage,1,917.8224018495728,1,8774.33113596185,1,0,0.0,1,5875.79681196776
4047,45,30975.62903403367,Mortgage,1,1912.3425998187915,0,0.0,1,0,0.0,1,0.0
4048,36,21357.818224777613,Rent,1,1286.7628965728568,0,0.0,0,0,0.0,1,2.5956749629930718
4049,41,525.5206015037594,Mortgage,1,349.3487768122393,0,0.0,0,0,0.0,0,0.0
4050,31,522958.9451147157,Rent,1,2128.8118585022357,1,0.0,0,0,0.0,0,0.0
4051,58,32629.794762761838,Mortgage,1,1567.526176573616,1,3597.7682724885194,0,0,0.0,1,0.0
4052,43,19446.681789806964,Rent,1,706.7689956171436,1,2778.7954054034776,0,0,0.0,0,0.0
4053,43,12240.946696798936,Rent,1,276.4167121082138,0,0.0,0,0,0.0,0,0.0
4054,55,24472.69453940134,Mortgage,1,1061.3513187953445,1,3453.2663868260306,0,0,0.0,1,0.0
4055,57,195026.72683732325,Own,1,30078.543261884795,1,94779.1602980009,1,1,37256.468038694315,1,2386.253526304285
4056,73,49505.646170264285,Mortgage,1,1082.7129920206762,1,2438.2918482997993,0,0,0.0,1,2688.316285660055
4057,77,35172.25670771256,Own,1,2218.419282717705,1,36605.069675793064,0,0,0.0,1,0.0
4058,32,525.5206015037594,Rent,0,0.0,0,0.0,0,0,0.0,0,0.0
4059,32,14396.75822067641,Rent,1,685.1591314212678,1,890.4095339860255,0,0,0.0,0,0.0
4060,48,25602.79092485702,Rent,1,533.0985513027294,1,1338.6966972500961,1,0,0.0,0,0.0
4061,50,16482.043562222178,Mortgage,1,1261.3335645772345,1,3551.405773589138,0,0,0.0,1,0.0
4062,42,9730.26314486796,Rent,1,511.33880018656225,1,0.0,0,0,0.0,0,0.0
4063,54,47621.069417929684,Mortgage,1,2677.3767002811474,1,3177.315199741024,1,0,0.0,1,19.283285302036976
4064,46,31075.718538665453,Mortgage,1,822.4575258824765,1,10095.924298162807,0,0,0.0,1,0.0
4065,82,81919.28338135629,Own,1,2449.777070966742,1,36148.957352298545,0,0,0.0,1,0.0
4066,78,45605.93133424486,Own,1,4399.347378979902,1,89618.03389657436,1,1,11756.80115551649,1,19.404490751295825
4067,35,19499.21421574113,Rent,1,1504.8104875776867,1,1104.2863592099789,0,0,0.0,0,0.0
4068,91,89109.79044590319,Own,1,3275.9359066027223,1,39047.337103786456,0,1,7589.247142398914,1,14.841840605124135
4069,56,42738.1689858773,Mortgage,1,2993.397456690317,1,3837.7807078751694,1,0,0.0,1,2678.1017852103646
4070,90,61245.41464621188,Own,1,27256.889237163396,1,91719.72928455996,1,1,7960.8655375277485,1,0.0
4071,51,34948.653242237844,Mortgage,1,2076.4477096877386,1,4666.410302118387,0,0,0.0,1,0.0
4072,30,16663.944278921328,Rent,1,953.8642599037108,1,0.0,0,0,0.0,0,0.0
4073,31,14992.335354277271,Rent,1,397.0266113260275,0,0.0,0,0,0.0,0,0.0
4074,32,30573.688659880743,Rent,1,3765.796919569717,1,2779.754318410284,0,1,0.0,1,5313.3847368096485
4075,75,95373.34690361569,Own,1,6016.269924364856,1,43848.55450093804,0,1,11003.342826739741,1,10.090211324768832
4076,41,3918.7747658878725,Rent,1,997.4062336836525,0,0.0,0,0,0.0,0,0.0
4077,53,24367.23164109663,Mortgage,1,3366.4482780991148,1,3900.147898491191,1,0,0.0,1,0.0
4078,41,47984.42497278026,Mortgage,1,2007.9405117519282,1,3320.629951744868,0,0,0.0,1,5141.88880342115
4079,49,21471.45205261944,Rent,1,1388.4565348988353,1,3526.50916750525,0,0,0.0,1,0.0
4080,29,16981.226119422743,Rent,1,522.9410712064733,0,0.0,0,0,0.0,0,0.0
4081,66,35024.31115151275,Mortgage,1,2434.9547394563833,1,8714.44374086581,1,0,0.0,1,12.225101924295103
4082,36,9112.086075797704,Rent,1,545.0606458916,0,0.0,0,0,0.0,0,0.0
4083,39,525.5206015037594,Rent,1,476.7552810564492,1,0.0,0,0,0.0,0,0.0
4084,90,78040.01406578856,Own,1,11231.324039672932,1,96758.46639356414,1,1,9710.973129009879,1,0.0
4085,56,34363.564900206235,Mortgage,1,3910.7301268042834,1,96729.7669665894,0,1,4.291577342261965,1,0.0
4086,36,9968.415097946483,Rent,1,379.0569170875385,0,0.0,0,0,0.0,0,0.0
4087,47,20575.870162319534,Mortgage,1,364.8884503335829,1,4007.696064446584,0,0,0.0,1,16.41041157402113
4088,76,32646.682714454557,Own,1,3825.743236097532,1,42424.467820026606,0,0,0.0,1,24.87766161601759
4089,50,21069.555160589545,Mortgage,1,1345.0060953866603,1,2199.0470365014457,0,0,0.0,1,0.0
4090,65,32553.680334091016,Mortgage,1,777.795962082632,0,0.0,1,0,0.0,1,3216.053411386242
4091,32,10632.967032638098,Rent,1,739.0681144785985,1,855.8955634032352,0,0,0.0,0,0.0
4092,54,43111.578760214405,Mortgage,1,903.3904675607143,0,0.0,1,0,0.0,1,6.282485976128508
4093,47,21987.625555671362,Rent,1,987.3948385182264,1,792.8583798600964,0,0,0.0,0,0.0
4094,75,41949.683953608546,Own,1,2775.8574288814148,1,35679.03200685091,0,0,0.0,1,3957.2546052947387
4095,49,32564.744780259225,Rent,1,1159.4791896426436,1,1193.3275455199732,0,0,0.0,0,0.0
4096,91,86776.64517318731,Own,1,38739.73486119662,1,92977.42077786462,1,1,12079.832096301701,1,4127.746655054995
4097,58,48915.87885684834,Mortgage,1,1499.424102218003,1,8568.80322531611,1,0,0.0,1,1.0817140432266708
4098,41,16380.323462990491,Mortgage,1,1139.5761825177476,1,3122.3401877801707,0,0,0.0,0,0.0
4099,70,23703.670962268647,Mortgage,1,2068.3588983268955,1,9192.168015075504,1,0,0.0,1,4928.550394795414
4100,65,39998.90115172444,Mortgage,1,1797.9144268649213,1,8914.214906006662,1,0,0.0,1,0.0
4101,37,19039.301445935973,Rent,1,581.3263165651022,1,1621.111361744145,0,0,0.0,0,0.0
4102,46,10928.514828832278,Rent,1,1155.3541032149249,1,1569.1724248018222,0,0,0.0,0,0.0
4103,43,11446.24641401178,Rent,1,293.670926022452,0,0.0,0,0,0.0,0,0.0
4104,64,31291.878074191598,Own,1,4958.750834949045,1,49381.415847391894,1,0,0.0,1,3333.9996049272086
4105,29,525.5206015037594,Rent,0,0.0,0,0.0,0,0,0.0,0,0.0
4106,41,26557.032117038587,Rent,1,1755.5296278552992,1,2456.0057689530686,0,0,0.0,1,0.0
4107,31,32697.9878195583,Rent,1,881.5838841185856,1,1924.5885437649658,0,0,0.0,0,0.0
4108,49,10610.577804778728,Rent,1,695.0051054202746,1,0.0,0,0,0.0,0,0.0
4109,70,54601.74801902598,Mortgage,1,2105.465287093402,1,37767.50224610569,0,0,0.0,1,0.0
4110,61,17522.291065472527,Rent,1,1715.0786693216119,1,288.4223144880589,0,0,0.0,1,0.0
4111,88,681817.6185786978,Own,1,11196.756434187482,1,95541.52880924239,1,1,39695.20765865652,1,5917.89161517251
4112,65,60223.62730756873,Mortgage,1,3289.2431091051253,1,7741.134343065248,1,0,0.0,1,2.211563255749124
4113,39,2512.4462370467536,Rent,0,0.0,0,0.0,0,0,0.0,0,0.0
4114,60,7924.775810158293,Rent,0,0.0,0,0.0,0,0,0.0,1,0.0
4115,47,18261.453631981356,Mortgage,1,1019.3306135290662,1,2691.539012194389,0,0,0.0,1,0.0
4116,88,94500.88716600054,Own,1,9741.750921352243,1,95404.3995150507,1,1,5306.018329680509,1,9182.760699955546
4117,56,32367.266920633956,Mortgage,1,2592.0582044264706,1,2091.2795665596936,1,0,0.0,1,1.7566207936946627
4118,60,46520.77290156114,Mortgage,1,1372.8499042848118,1,8861.798353177732,1,0,0.0,1,2364.9811717608673
4119,88,76188.43640842107,Own,1,4117.619558352658,1,95967.62720517951,1,1,4006.834186537873,1,4119.95248344284
4120,54,18559.811765806822,Rent,1,926.9600601564999,1,3673.880264939986,0,0,0.0,0,0.0
4121,68,42145.48045832029,Mortgage,1,940.684384075637,1,8616.794346846576,1,0,0.0,1,4746.317171618063
4122,55,61159.07418061352,Mortgage,1,1942.1015136408373,1,8508.91131680836,0,0,0.0,1,0.0
4123,86,58360.072564738664,Own,1,10555.011991455402,1,40277.94491994673,1,1,9090.30507290616,1,8891.843313049936
4124,47,9477.507148053188,Rent,1,1111.5571394489311,1,2608.6699460397504,0,0,0.0,0,0.0
4125,39,6249.986188319672,Rent,1,422.8710810155113,1,590.882689123539,0,0,0.0,0,0.0
4126,39,11898.399756829409,Rent,1,1080.6283582199271,1,0.0,0,0,0.0,0,0.0
4127,30,14499.987499562756,Rent,1,280.2289033365122,0,0.0,0,0,0.0,0,0.0
4128,91,214229.43613840677,Own,1,6446.319668741206,1,92117.57544323496,1,1,8601.129022789784,1,3271.223213025064
4129,29,525.5206015037594,Rent,0,0.0,0,0.0,0,0,0.0,0,0.0
4130,29,13277.305052994563,Rent,1,157.9088078506918,0,0.0,0,0,0.0,0,0.0
4131,41,24433.17945528397,Rent,1,427.6359358765745,0,0.0,0,0,0.0,0,0.0
4132,75,108245.42036323453,Own,1,4906.195138265493,1,40805.57316767394,0,1,7185.208124998938,1,0.0
4133,86,66938.29768871899,Own,1,6149.546011611731,1,43171.851211795794,0,1,15720.002418607282,1,8089.638974762063
4134,48,28741.64764492634,Mortgage,1,1893.7435214524105,1,2649.536525606924,0,0,0.0,1,0.0
4135,74,68922.66299085009,Own,1,2067.2147885673926,1,91331.22352223334,1,1,6540.291634474277,1,0.0
4136,65,76664.40222756981,Own,1,2324.4155636913797,1,8004.985929953457,1,0,0.0,1,0.0
4137,31,525.5206015037594,Rent,0,0.0,0,0.0,0,0,0.0,0,0.0
4138,78,26638.696610006686,Rent,1,1217.4152356645163,1,31031.24610979917,0,0,0.0,1,1.4934786159218536
4139,79,106702.19880925839,Own,1,1537.7612039969545,1,33139.6652796098,0,0,0.0,1,0.0
4140,39,7629.791896836228,Rent,1,0.0,1,65.05246662346872,0,0,0.0,0,0.0
4141,68,54367.0731044665,Mortgage,1,1742.8400940782903,1,8316.95086104757,1,0,0.0,1,1.1820348340793028
4142,70,74219.78904363074,Own,1,20493.78661947659,1,1498.7409059996937,0,0,0.0,0,0.0
4143,75,85688.68338166724,Own,1,1334.775001426772,1,8060.8702528721005,0,0,0.0,1,0.19168129600607833
4144,61,42922.897982587194,Mortgage,1,2203.909853161763,1,8056.088569264793,1,0,0.0,1,5684.949104797189
4145,62,38787.993302976356,Mortgage,1,1745.0617042878393,1,1340.395269572804,1,0,0.0,1,0.0
4146,70,30626.83086516923,Rent,1,1937.41250200225,1,45237.97001785184,0,0,0.0,1,5.048029992313011
4147,64,38285.26354614679,Mortgage,1,3215.927965870248,1,7619.163794375487,1,0,0.0,1,0.0
4148,49,22480.50564380739,Mortgage,1,1580.3000050931828,1,4532.075846527496,0,0,0.0,1,0.0
4149,72,92480.20493030101,Own,1,4964.9307407786055,1,46902.24532705198,1,1,7471.11332162728,1,0.0
4150,65,52993.149190375094,Mortgage,1,1356.4041220863867,0,0.0,0,0,0.0,1,0.0
4151,42,18088.596823391636,Rent,1,946.1956900135162,1,871.4414226266167,0,0,0.0,0,0.0
4152,88,96274.31493083501,Own,1,6839.792230939315,1,42187.83073857422,1,1,9480.567531374323,1,5586.251953763251
4153,48,36998.2113076938,Mortgage,1,3143.5198008190973,1,9624.099630940806,1,0,0.0,1,3952.425724664004
4154,40,667.129956112698,Rent,1,0.0,0,0.0,0,0,0.0,0,0.0
4155,75,180895.31372410574,Own,1,6860.033556026225,1,75991.47007725517,1,1,7674.619067327331,1,0.0
4156,76,131701.75362981117,Own,1,2556.6159676682387,1,40469.15234892807,0,0,0.0,1,5106.840326723607
4157,89,89438.29656162242,Own,1,4973.510399838909,1,96758.46639356414,1,1,4172.861087725745,1,0.0
4158,32,525.5206015037594,Rent,0,0.0,0,0.0,0,0,0.0,0,0.0
4159,68,65076.54180732436,Own,1,2372.5572089650423,1,35469.11239548878,0,0,0.0,1,0.0
4160,44,31534.526144914795,Mortgage,1,972.1166325545586,1,3133.385644272522,0,0,0.0,1,0.0
4161,42,4268.321751316154,Rent,1,1174.82164183772,0,0.0,0,0,0.0,0,0.0
4162,90,72693.08624623177,Own,1,6830.55699656337,1,94039.93511019257,1,1,28432.449991574445,1,9686.500250336665
4163,49,40780.09616221566,Mortgage,1,732.0887866309466,1,9757.028399496476,1,0,0.0,1,4029.381026576869
4164,31,1973.3289148451713,Rent,1,405.8121222556108,0,0.0,0,0,0.0,0,0.0
4165,52,17703.252421985027,Mortgage,1,480.39769679167335,0,0.0,0,0,0.0,1,0.0
4166,66,39843.50533778655,Mortgage,1,1346.498332727684,1,8381.935043851228,1,0,0.0,1,0.0
4167,42,525.5206015037594,Rent,0,0.0,0,0.0,0,0,0.0,0,0.0
4168,74,138459.3096557067,Own,1,3179.62356069456,1,43663.556162834066,0,1,7052.645718586204,1,3857.7899477277947
4169,26,39588.832629865254,Rent,1,932.2453419179495,1,34788.33250885737,0,0,0.0,0,0.0
4170,65,42087.19049419192,Mortgage,1,1201.9092148615034,1,6961.862542440359,1,0,0.0,1,3962.1303902717755
4171,90,103629.7108077351,Own,1,10646.383831212885,1,93440.45168693057,1,1,5795.583935540172,1,4194.684271390691
4172,71,53730.834221140976,Mortgage,1,2631.441576266612,1,8303.765827171315,1,0,0.0,1,0.0
4173,42,30201.76017495696,Mortgage,1,1748.9897033603452,1,3962.516560608494,1,0,0.0,1,2347.069723496514
4174,28,7813.812836363479,Rent,0,0.0,0,0.0,0,0,0.0,0,0.0
4175,50,32834.44884601431,Mortgage,1,1072.827787504722,1,2965.29163841197,0,0,0.0,1,0.0
4176,31,16122.158167611451,Rent,1,0.0,1,549.9897604865482,0,0,0.0,0,0.0
4177,87,34998.53102255917,Own,1,2412.816757214986,1,6350.293212888672,1,0,0.0,1,3552.119075627544
4178,30,13395.393798964727,Rent,1,0.0,0,0.0,0,0,0.0,0,0.0
4179,31,525.5206015037594,Rent,0,0.0,0,0.0,0,0,0.0,0,0.0
4180,36,16928.1661240056,Rent,1,0.0,1,0.0,0,0,0.0,0,0.0
4181,27,2917.110885871536,Rent,0,0.0,0,0.0,0,0,0.0,0,0.0
4182,87,73064.21476239238,Own,1,36748.601167112196,1,94270.61089422485,1,1,14697.711459496277,1,0.0
4183,31,1182.7151858902107,Rent,1,0.0,0,0.0,0,0,0.0,0,0.0
4184,58,18558.38617606346,Mortgage,1,2360.9069204898137,1,10026.657975251102,0,0,0.0,1,5.5808657840430005
4185,44,35924.45543919343,Mortgage,1,1273.8719073488924,1,3803.641694212607,0,0,0.0,1,0.0
4186,68,39884.30447517824,Mortgage,1,1705.1259826689047,1,7537.221464289332,1,0,0.0,1,0.0
4187,52,17153.494632527338,Mortgage,1,1313.088628702633,1,3037.394557411204,0,0,0.0,1,1.8855885671729553
4188,71,69843.65873547358,Mortgage,1,1495.1407996532164,1,8753.43195442759,1,0,0.0,1,3404.0620715570844
4189,37,5110.695398284963,Rent,0,0.0,0,0.0,0,0,0.0,0,0.0
4190,31,11023.910338000176,Rent,0,0.0,0,0.0,0,0,0.0,0,0.0
4191,65,14789.162820137073,Rent,1,815.7854007204322,1,3114.1331652905124,0,0,0.0,1,1.122761207691576
4192,38,17305.537649521422,Rent,1,2109.8784881777824,1,1396.5656923870092,0,0,0.0,0,0.0
4193,54,31686.4773960063,Mortgage,1,1226.9863368849572,1,2907.4818712016267,0,0,0.0,1,0.0
4194,56,46654.236250259375,Mortgage,1,2268.1398297094556,1,9494.579567928346,0,0,0.0,1,2568.7032838947744
4195,57,19630.011620716257,Mortgage,1,995.3372581996211,1,3777.500841826595,0,0,0.0,1,0.0
4196,56,38643.17510365772,Mortgage,1,1803.2643678838974,1,9296.668734484252,1,0,0.0,1,4784.436884341908
4197,74,85995.9378773646,Own,1,2806.5643100410907,1,43469.38168740271,1,1,7037.4759989494405,1,17.644513615576866
4198,50,18897.37000535077,Rent,1,487.82080146178987,0,0.0,0,0,0.0,0,0.0
4199,51,11076.9333304186,Rent,1,904.6353160730143,1,1553.4156350666572,0,0,0.0,0,0.0
4200,56,27147.399040784618,Own,1,1877.1532553726759,0,0.0,0,0,0.0,1,0.0
4201,46,21306.29042230703,Mortgage,1,857.870011905557,1,2573.6541475356403,1,0,0.0,1,0.0
4202,81,71130.28576072589,Own,1,10179.89936357044,1,42977.30659183122,0,1,5487.456072551603,1,3595.9395009506084
4203,56,35525.92411061665,Mortgage,1,3984.846272456978,1,2445.8416845219285,0,0,0.0,1,0.0
4204,72,32040.983945450338,Own,1,1335.1661394251141,1,37431.768340836024,0,0,0.0,1,4.904427557457062
4205,40,24110.300780649795,Rent,1,1817.9117475770597,1,0.0,0,0,0.0,0,0.0
4206,30,24628.174167826204,Rent,1,829.2666572077634,1,1050.8824507733457,1,0,0.0,0,0.0
4207,76,71652.31281636421,Own,1,2389.684316064077,1,43397.102700953474,0,0,0.0,1,0.0
4208,76,51988.01822187516,Own,1,3994.697146441847,1,43992.44012269072,0,1,6698.524098153231,1,11.880128871785125
4209,36,12382.989431080488,Rent,1,300.85539934242513,1,2452.331511000788,0,0,0.0,0,0.0
4210,51,39673.87199741691,Mortgage,1,1430.6814879145277,1,3198.338630515013,1,0,0.0,1,1.5331250301140449
4211,32,6474.615986220897,Rent,1,371.2006706590253,1,1267.8111696546027,0,0,0.0,0,0.0
4212,45,17104.35095718589,Mortgage,1,1698.8057225123257,1,3058.5119803295324,0,0,0.0,1,0.0
4213,40,15102.458311002558,Rent,1,640.8013610091693,1,1143.8591672600319,0,0,0.0,0,0.0
4214,42,41631.650068560026,Mortgage,1,979.9054785555993,1,3731.99613620535,0,0,0.0,1,0.0
4215,86,81859.33017999337,Own,1,4024.882069769617,1,93102.65586710445,1,1,7926.839676821168,1,0.0
4216,63,8948.74935886461,Mortgage,1,1320.451852186966,1,2411.23537723374,0,0,0.0,1,3.30465410026577
4217,72,94887.06845816893,Own,1,1780.5650141370256,1,9301.072164752815,0,0,0.0,1,0.0
4218,61,34965.46699549532,Mortgage,1,2479.50123666998,1,8697.015206980537,1,0,0.0,1,0.0
4219,60,32450.518705640072,Mortgage,1,1682.1018235209817,1,4269.162160794327,1,0,0.0,1,0.0
4220,27,18885.995843763827,Rent,1,628.1666433666448,1,2660.7190156560914,0,0,0.0,1,0.0
4221,75,113137.25136285869,Own,1,2061.0909049543134,1,43046.34704788348,0,0,0.0,1,0.0
4222,84,99362.74214502658,Own,1,4143.037734369746,1,80786.79745889739,1,1,10772.39805397786,1,0.0
4223,64,7935.028578699559,Rent,1,1544.7792684639683,1,2580.5454179577896,0,0,0.0,1,0.0
4224,76,39241.54435323043,Own,1,2648.5433746412996,1,47415.29911705019,0,0,0.0,1,0.0
4225,86,224094.44591564732,Own,1,1984.3758617649173,1,96598.08835386821,1,1,11623.913689065697,1,12.104252920423734
4226,47,29877.661114639013,Rent,1,645.291678998055,1,3421.3680097706547,0,0,0.0,0,0.0
4227,88,79463.5704703248,Own,1,3027.632569474924,1,41378.34405525765,1,1,35193.72236843079,1,6462.708016013563
4228,86,92242.1550669872,Own,1,3415.868253819586,1,96758.46639356414,1,1,7923.95262445417,1,0.0
4229,59,38164.94444952184,Mortgage,1,2630.3570489882245,1,4173.3979610368115,0,0,0.0,1,0.0
4230,79,137687.2473353107,Own,1,4118.87246271023,1,46132.52408083951,0,1,3861.057570291202,1,3.8693972610563154
4231,32,40950.79706191487,Rent,1,875.7744770863956,1,56.869631936121095,0,0,0.0,0,0.0
4232,91,126517.93781010364,Own,1,6891.040581490276,1,74534.69651769617,1,1,8452.63186859033,1,4.359420557496112
4233,89,606034.7105496672,Own,1,34506.15678246318,1,96758.46639356414,1,1,6310.087904129561,1,10749.16526353353
4234,66,40535.85410089884,Mortgage,1,1884.7907958332048,1,7975.779689205901,1,0,0.0,1,4.543663774031449
4235,55,17796.551343808016,Mortgage,1,1800.1087647622076,1,8885.606462639376,1,0,0.0,1,3553.064862325913
4236,29,23823.223002479375,Rent,1,1845.5665419798454,1,2205.225876129449,0,0,0.0,1,0.0
4237,29,9592.934726915773,Rent,1,0.0,1,0.0,0,0,0.0,0,0.0
4238,71,21521.729202194027,Mortgage,1,3131.4109489082043,1,8411.274017823704,1,0,0.0,1,0.0
4239,33,3630.6648809460366,Rent,0,0.0,0,0.0,0,0,0.0,0,0.0
4240,51,27925.841238463137,Mortgage,1,2555.8380826853527,1,2915.7090348650718,0,0,0.0,1,2.228540469204549
4241,80,81791.45856167638,Own,1,2217.226619387946,1,74576.8546980942,0,1,9866.079249968214,1,3.6713350273112337
4242,64,91389.04714810035,Own,1,6435.8885641699935,1,8913.50891318805,0,0,0.0,1,16.339537014475496
4243,63,41843.916788794704,Own,1,1678.3325653483219,1,8742.306235521108,0,0,0.0,1,0.0
4244,50,18741.88961121416,Mortgage,1,1035.8474935111985,1,4496.1741582676605,0,0,0.0,1,0.0
4245,26,8261.196113360782,Rent,1,595.2673946956477,1,1207.6789135783033,0,0,0.0,0,0.0
4246,31,6770.528477001777,Rent,1,275.64375339683886,0,0.0,0,0,0.0,0,0.0
4247,91,143295.2788757699,Own,1,7418.784685012717,1,95517.79713316786,1,1,12794.610749410238,1,7547.2710909222305
4248,70,30977.58350450799,Own,1,2970.0933867914405,1,93182.79234035726,1,1,11315.96775362964,1,11.732990018084841
4249,43,49970.99326152966,Mortgage,1,1888.95338819935,1,4569.660564377757,0,0,0.0,1,0.0
4250,69,59697.29562866595,Own,1,2371.7628154591266,1,34171.68260831909,0,0,0.0,1,0.0
4251,66,100913.00390658496,Own,1,2394.3887491946234,1,7326.001335405003,0,0,0.0,1,0.0
4252,31,48454.042189670894,Rent,1,1086.2114600233729,1,36285.630889813336,0,0,0.0,1,0.0
4253,89,114928.79416468341,Own,1,28038.022585494084,1,91675.93076842213,1,1,19101.78938447323,1,8622.675505791585
4254,41,24358.587526605887,Rent,1,1243.3438765945507,1,1857.9727610746675,0,0,0.0,0,0.0
4255,42,21098.033541668483,Rent,1,1175.0273017243699,0,0.0,0,0,0.0,0,0.0
4256,27,525.5206015037594,Rent,0,0.0,0,0.0,0,0,0.0,0,0.0
4257,36,105598.36102509235,Rent,1,1550.0542482275546,1,2717.358658388501,0,0,0.0,0,0.0
4258,39,29081.587929066685,Rent,1,407.7591708122268,1,1649.6453350576126,0,0,0.0,0,0.0
4259,28,10022.951456754945,Rent,1,394.22902444998624,1,747.7189744319203,0,0,0.0,0,0.0
4260,29,1352.1053683834562,Rent,0,0.0,0,0.0,0,0,0.0,0,0.0
4261,62,50921.89427990893,Mortgage,1,2222.941815823535,1,8516.586483564748,1,0,0.0,1,0.0
4262,31,525.5206015037594,Rent,0,0.0,0,0.0,0,0,0.0,0,0.0
4263,70,21956.427113863312,Own,1,4852.826396561845,1,8831.392676972606,0,0,0.0,1,3295.6004599664943
4264,37,10862.891290009,Rent,0,0.0,0,0.0,0,0,0.0,0,0.0
4265,36,1445.0037649354053,Rent,1,46.83792719405028,1,3168.6476893191657,0,0,0.0,0,0.0
4266,48,23941.903055240422,Mortgage,1,1008.3616834107775,1,2543.943984854307,1,0,0.0,1,0.0
4267,35,14245.128120911944,Rent,1,365.5348088339344,1,2278.2297332842295,0,0,0.0,0,0.0
4268,90,212250.6553092423,Own,1,34704.71804999074,1,92631.01526679726,1,1,16020.28528861213,1,20.291497088034113
4269,29,14470.649039582742,Rent,1,578.1417183997136,1,1984.3525681417373,0,0,0.0,0,0.0
4270,33,18179.252788337366,Rent,1,520.9587022158883,1,0.0,0,0,0.0,0,0.0
4271,29,5289.445688020969,Rent,1,1200.7307336128401,1,2828.1250486832464,0,0,0.0,0,0.0
4272,81,113541.21784377377,Own,1,2223.561413203249,1,35248.30336530205,0,0,0.0,1,0.0
4273,61,99972.86487855138,Mortgage,1,4709.220963906197,1,7471.910901264838,1,1,4938.175086045071,1,0.0
4274,42,11926.971951670645,Rent,1,269.18720173838085,0,0.0,0,0,0.0,0,0.0
4275,74,36487.83323742513,Own,1,1902.245437201266,1,36019.98473905084,0,0,0.0,1,0.0
4276,60,25093.84276907739,Mortgage,1,1754.2647414430226,0,0.0,1,0,0.0,1,0.0
4277,48,40297.249079437766,Mortgage,1,2244.540199386561,1,8385.3407463803,1,0,0.0,1,0.0
4278,62,48706.19305825099,Mortgage,1,2591.987525992832,1,8447.512337752567,1,0,0.0,1,0.4013354555604066
4279,89,60780.61456098984,Own,1,2420.994138617056,1,90827.47211895674,1,1,8180.565389489548,1,5884.360065456095
4280,55,41694.14273378027,Mortgage,1,1730.296751505865,1,8763.859281895,1,0,0.0,1,2556.4437562601192
4281,39,8740.620829563895,Mortgage,1,199.09471711764786,0,0.0,0,0,0.0,0,0.0
4282,87,590429.8518262648,Own,1,7489.719684338562,1,94731.66851845343,1,1,17626.251530432284,1,10423.210474489622
4283,64,39337.9561874146,Mortgage,1,2389.536034905811,1,3649.491030179897,0,0,0.0,1,0.0
4284,89,57563.50160873053,Own,1,19874.502921553354,1,92739.74486415797,1,1,6004.235568976316,1,10783.60489476639
4285,91,162620.57971200882,Own,1,7796.2346257207755,1,91298.34596579624,1,1,19063.782584875014,1,6131.449577566822
4286,46,14929.566263589542,Rent,1,541.8989504254512,0,0.0,0,0,0.0,0,0.0
4287,29,525.5206015037594,Rent,0,0.0,0,0.0,0,0,0.0,0,0.0
4288,55,37042.057990169735,Mortgage,1,1317.1132378290408,1,3182.0469960485298,0,0,0.0,1,4.634090264206406
4289,42,20569.07917745188,Mortgage,1,1497.376925976537,1,3934.3704198514647,0,0,0.0,0,0.0
4290,49,36363.03493943083,Mortgage,1,1113.1727096555933,1,2818.8235511312464,0,0,0.0,1,0.0
4291,27,525.5206015037594,Rent,0,0.0,0,0.0,0,0,0.0,0,0.0
4292,37,10922.306890724256,Rent,1,480.4405174512842,1,2136.0994593390624,0,0,0.0,0,0.0
4293,75,239264.4952894955,Own,1,6991.602800187475,1,93536.87566835203,1,1,15592.675335041751,1,4.435066579103659
4294,38,9233.552602123837,Rent,0,0.0,0,0.0,0,0,0.0,0,0.0
4295,63,171147.9682300996,Mortgage,1,1121.9980505565838,1,38017.32128455886,0,0,0.0,1,0.0
4296,87,107019.02915555313,Own,1,6896.991361014049,1,93196.80843890805,1,1,36451.287750032665,1,6237.265343792176
4297,66,36422.714771910076,Mortgage,1,1985.6255168480811,1,8908.084126200327,1,0,0.0,1,3741.0121325283408
4298,50,15495.482934276559,Mortgage,1,2130.71359532306,1,4356.6215751958125,0,0,0.0,1,3587.6859216019493
4299,73,59856.09736100381,Own,1,1959.9713142804412,1,9556.07959050723,0,0,0.0,1,0.0
4300,85,396208.2663011869,Own,1,5856.474339278551,1,92630.82498467929,1,1,40222.14563341598,1,34.02793311050642
4301,46,32906.64866934426,Mortgage,1,1068.5793811235483,1,4413.153159605734,0,0,0.0,1,0.0
4302,30,26530.79840897854,Rent,1,803.0463948575759,1,2041.9661141050574,0,0,0.0,0,0.0
4303,57,26393.409442806987,Mortgage,1,1786.5939394140396,1,10501.693212304528,0,0,0.0,1,0.0
4304,80,33342.24818895976,Own,1,2110.1851413817935,1,37152.58516194145,0,0,0.0,1,0.0
4305,73,47017.38115095542,Own,1,4989.604676119229,1,8362.487555901336,1,0,0.0,1,0.0
4306,71,51099.4042603983,Own,1,1696.4537937491657,1,44968.97788655788,0,0,0.0,1,0.0
4307,61,53425.72776492949,Own,1,2424.3455856855066,1,4039.220949999799,0,0,0.0,1,0.0
4308,60,16556.229479879803,Own,1,6314.506362412874,1,36449.586357311855,0,0,0.0,1,6.491519168362293
4309,70,49551.48939312164,Own,1,2013.1190580970974,1,8037.339772067555,0,0,0.0,1,0.0
4310,28,525.5206015037594,Rent,0,0.0,0,0.0,0,0,0.0,0,0.0
4311,68,9160.195563601352,Own,1,1053.8613292034206,0,0.0,0,0,0.0,1,0.0
4312,74,30854.375522906943,Mortgage,1,5320.895373134718,1,8533.44211742776,1,0,0.0,1,5828.701008519004
4313,43,32332.13503318994,Mortgage,1,663.4967243291189,1,2038.4499732896243,0,0,0.0,1,0.0
4314,31,17826.68941697279,Mortgage,1,985.2640600365675,1,4641.206716208228,0,0,0.0,1,7.437187304495085
4315,39,21090.720187695704,Mortgage,1,1855.1995321846173,1,2919.20247087558,0,0,0.0,1,0.0
4316,40,23249.5888780385,Rent,1,7937.300196406867,1,0.0,0,1,0.0,1,0.0
4317,46,23258.75559971587,Mortgage,1,902.9411997162644,1,9817.325193336772,0,0,0.0,1,0.0
4318,74,93238.13438892442,Own,1,6920.839459066592,1,93917.50274696367,1,1,7088.276672427325,1,6.573922132940113
4319,38,18044.08630514487,Mortgage,1,510.0741870142167,1,549.054069609336,0,0,0.0,0,0.0
4320,38,525.5206015037594,Rent,0,0.0,0,0.0,0,0,0.0,0,0.0
4321,48,61375.91197530823,Mortgage,1,1875.908577123661,1,8938.1767935002,1,0,0.0,1,0.0
4322,91,75262.47581932733,Mortgage,1,3214.009706999693,1,8707.953022155643,1,0,0.0,1,2392.475480116948
4323,71,22888.056543060164,Own,1,2081.4412906196726,1,1890.2873890549758,0,0,0.0,1,2391.416695180753
4324,32,19836.747476229306,Rent,1,519.6085659318009,1,584.6043449694437,0,0,0.0,0,0.0
4325,41,525.5206015037594,Rent,0,0.0,0,0.0,0,0,0.0,0,0.0
4326,50,25342.751292975332,Rent,1,1225.4970328777254,1,2772.099016932263,0,0,0.0,0,0.0
4327,41,14923.6500940611,Rent,1,656.367823300656,1,1879.5354970682329,0,0,0.0,0,0.0
4328,34,46056.82106804927,Own,1,2011.9074655037336,1,1023.821266304745,0,0,0.0,1,0.0
4329,31,27773.151289222104,Rent,1,2062.888961772793,1,3337.8238004344144,0,0,0.0,1,0.0
4330,32,32823.60770957967,Rent,1,1262.1319691053702,1,1654.5077730882442,0,0,0.0,0,0.0
4331,39,7365.192036811621,Rent,1,1415.1673708977528,1,401.16708721817145,0,0,0.0,0,0.0
4332,46,40609.58550444669,Mortgage,1,1407.3012304557637,1,3867.601049214936,0,0,0.0,1,3562.977620486989
4333,44,17990.112516580677,Mortgage,1,1817.8213597191068,1,2822.906507342553,0,0,0.0,1,0.0
4334,65,36567.04266960164,Mortgage,1,1626.8368876966729,1,45675.212049526795,0,0,0.0,1,7656.885622232069
4335,36,34762.51151548588,Rent,1,2408.7902081985494,1,926.5097829499989,0,0,0.0,1,0.0
4336,41,20165.826849064768,Mortgage,1,1106.275421408152,1,3776.46711217652,0,0,0.0,1,0.0
4337,79,81902.28231666132,Own,1,3959.706088920553,1,38830.44391995268,0,0,0.0,1,3.509179910412214
4338,39,6394.592237737692,Rent,1,230.76066877957317,1,0.0,1,0,0.0,0,0.0
4339,79,54550.27818727234,Own,1,2626.5953012442387,1,34215.647598860225,0,0,0.0,1,0.0
4340,84,211623.41582924954,Own,1,33762.63096932817,1,91965.29434568356,1,1,7399.31245467767,1,5.236555559753565
4341,73,91011.50245071332,Own,1,1641.877651032854,1,41097.404756147516,0,0,0.0,1,5483.981504646589
4342,86,104778.14263493381,Own,1,5196.105023670348,1,93843.35291748832,1,1,9898.554578294707,1,8230.252389355845
4343,38,9120.911917085425,Rent,1,867.2639834243623,1,116.63097772071637,0,0,0.0,0,0.0
4344,60,27737.39642069322,Own,1,2114.571112221868,1,8406.298371113728,1,1,13.948610143262304,1,0.0
4345,46,23102.310494857145,Mortgage,1,885.3669630609633,1,5622.778899272291,0,0,0.0,1,0.0
4346,47,22134.668322423455,Rent,1,1247.2831738137907,1,2832.1615146509484,0,0,0.0,0,0.0
4347,86,94417.86102824818,Own,1,6322.580264775165,1,92375.57186617298,1,1,12329.662215843284,1,10521.473173056478
4348,71,41308.03846299466,Own,1,6978.525566027597,1,43693.73231303913,1,0,0.0,1,0.0
4349,88,79512.75293724024,Own,1,9419.5152327967,1,96758.46639356414,1,1,13075.640020178631,1,18260.09842861798
4350,38,10850.352881057615,Rent,1,675.8676542633219,1,2276.7808103507678,0,0,0.0,0,0.0
4351,63,63293.55141593015,Own,1,649.4456651184171,0,0.0,1,0,0.0,1,4021.779561487012
4352,34,10278.579133078063,Rent,1,606.4842963147923,0,0.0,0,0,0.0,0,0.0
4353,74,136819.581944438,Own,1,1846.1861599754218,1,36473.7290207041,0,0,0.0,1,0.0
4354,31,20353.48573323914,Rent,1,732.2352309226662,1,388.83866554623387,0,0,0.0,0,0.0
4355,75,53847.08070146401,Own,1,10553.165475864509,1,94470.39828744208,1,1,15729.074732313189,1,6.1953080451099645
4356,36,525.5206015037594,Rent,1,484.3856034389133,1,0.0,0,0,0.0,0,0.0
4357,40,30976.572487039655,Mortgage,1,2156.0665942211594,1,4754.88321302733,0,0,0.0,1,0.0
4358,64,38761.207402509994,Mortgage,1,1480.7270224218908,1,9068.109865788721,1,0,0.0,1,0.0
4359,91,74051.63861803514,Own,1,4897.442113071293,1,72868.61585702555,0,1,11519.494144521628,1,0.5862771698863106
4360,28,525.5206015037594,Rent,0,0.0,0,0.0,0,0,0.0,0,0.0
4361,50,37730.90503620766,Mortgage,1,1637.3705920285342,1,4173.302865266511,1,0,0.0,1,0.0
4362,80,561359.5137787858,Own,1,32567.135685519806,1,96758.46639356414,1,1,11287.70899000234,1,15.610147624077914
4363,75,92156.83674827291,Own,1,11101.1065792359,1,2526.9512260117253,1,0,0.0,1,6791.062158925041
4364,91,71104.20486759569,Own,1,5913.932254349429,1,44380.42337175862,1,1,10833.426439319936,1,12.299379736290309
4365,39,9916.003027033168,Rent,1,769.3037150841976,1,233.28258635253633,0,0,0.0,0,0.0
4366,55,24502.978127470295,Mortgage,1,804.26385063339,1,2399.8556830206785,0,0,0.0,1,0.0
4367,39,11646.357469643706,Rent,1,660.2383203684383,1,2043.0972732344962,0,0,0.0,0,0.0
4368,49,29338.498225012998,Own,1,1527.6659888362697,1,7799.336297463917,0,0,0.0,1,7.222296793393982
4369,82,37402.68381826802,Own,1,2712.167173122295,1,42827.72107893651,0,1,7762.990736940187,1,0.7141875596370277
4370,52,12406.538654858548,Mortgage,1,1891.5575037873996,0,0.0,1,0,0.0,1,0.0
4371,26,5067.635885204174,Rent,0,0.0,0,0.0,0,0,0.0,0,0.0
4372,68,74575.6960303219,Own,1,1608.6335177828998,1,35439.8539586531,0,0,0.0,1,0.0
4373,57,35716.05275301399,Mortgage,1,1870.7395543174327,1,8481.737595056393,1,0,0.0,1,3501.8581010692014
4374,91,63257.04631172148,Own,1,5168.122439337748,1,94783.54688751296,1,1,18360.49272832953,1,6572.237957228082
4375,55,28184.516803811723,Mortgage,1,1603.0987715539854,1,8267.429672202888,1,0,0.0,1,2491.2970504350346
4376,88,88954.77153400927,Own,1,5053.077075948383,1,93071.21709993052,1,1,4355.639263630639,1,4.582955870494723
4377,41,31427.822263128972,Rent,1,1186.8241825064038,1,3110.532217717644,0,0,0.0,1,0.0
4378,28,17784.591110772933,Rent,1,1053.224731860192,1,2159.837608795134,0,0,0.0,0,0.0
4379,31,3339.9452229586022,Rent,0,0.0,0,0.0,0,0,0.0,0,0.0
4380,58,53301.866550619496,Mortgage,1,2008.1570225092141,1,8918.320563715393,1,0,0.0,1,4.337848602795879
4381,38,525.5206015037594,Rent,0,0.0,0,0.0,0,0,0.0,0,0.0
4382,29,6829.605515704219,Rent,1,1365.9129891304938,1,0.0,0,0,0.0,0,0.0
4383,39,7141.468168138508,Rent,1,165.9699078419536,1,0.0,0,0,0.0,0,0.0
4384,55,42330.47399745679,Rent,1,2057.4348159798496,1,1508.2738844333142,0,0,0.0,1,8.689003480307331
4385,89,67782.27889394753,Own,1,2417.3971955710595,1,96111.11250275573,1,1,8713.635840887704,1,0.0
4386,29,11775.982585537622,Rent,1,310.1068486567556,1,1405.9264638499944,0,0,0.0,0,0.0
4387,76,81600.35299756945,Own,1,4487.948598204854,1,43949.57778734738,0,1,6248.626236113643,1,0.0
4388,83,53731.82924755334,Own,1,6856.984901716297,1,96758.46639356414,1,1,7403.838868248864,1,5525.876898227097
4389,50,31151.51770053235,Mortgage,1,1220.7425211711575,1,4698.846420923228,0,0,0.0,1,2653.4839134759345
4390,37,9420.162408637578,Rent,1,755.886879522161,0,0.0,0,0,0.0,0,0.0
4391,75,64051.77291815884,Own,1,2142.350077437596,1,819.5758768106962,0,0,0.0,1,0.0
4392,43,29709.71212230771,Rent,1,768.2362276605991,1,1791.6477608328676,0,0,0.0,0,0.0
4393,28,13384.240045611958,Rent,1,659.9960836901564,1,3330.5930270760327,0,0,0.0,0,0.0
4394,37,13389.412343163733,Rent,1,717.7600600860525,1,2376.770609975041,0,0,0.0,0,0.0
4395,44,8589.287094179419,Rent,1,820.8497453138929,1,2641.6956770142206,0,0,0.0,0,0.0
4396,55,39286.298563197626,Own,1,1625.6767945175443,1,38579.819860303505,0,0,0.0,1,2360.608887363818
4397,54,47245.04195424926,Rent,1,2234.4408254291543,1,1387.1758587737197,0,0,0.0,0,0.0
4398,31,16190.653095581138,Rent,1,551.6484669565393,1,1969.1333936988963,0,0,0.0,0,0.0
4399,81,96012.8076279863,Own,1,25437.323331131833,1,79167.08048766766,1,1,31129.977398969324,1,15.232361570897897
4400,49,24654.709658701733,Mortgage,1,1470.3919314167822,1,3769.2319243142947,1,0,0.0,0,0.0
4401,30,8007.298994152905,Rent,1,805.5870799398544,1,0.0,0,0,0.0,0,0.0
4402,81,149496.08659440116,Own,1,2373.755871289409,1,42156.258413899275,0,0,0.0,1,0.0
4403,65,26832.354730103394,Mortgage,1,2293.5372001911805,1,8978.328372763546,0,0,0.0,1,7774.879539731714
4404,58,35023.97863637932,Mortgage,1,1814.213104823442,1,3814.865386297649,1,0,0.0,1,3.665882964821958
4405,80,80253.35489295889,Own,1,2427.3845046105566,1,95208.02171609714,1,1,4772.82918203758,1,4.953302127462157
4406,63,19566.552464912507,Mortgage,1,1994.4440869681928,1,1730.1336960768558,1,0,0.0,1,0.0
4407,79,83707.35930338998,Rent,1,1284.2248139613712,1,1258.082430902476,0,0,0.0,1,0.0
4408,86,158130.43383063935,Own,1,5082.058470035644,1,37768.846908884734,0,1,10898.352831713726,1,5887.344835330445
4409,73,39187.03344891317,Own,1,2877.519744872177,1,45151.40325161859,0,0,0.0,1,2.0554214025744453
4410,90,55330.70380000517,Own,1,3102.201075899814,1,93185.41110859033,0,1,6478.951101522708,1,0.0
4411,36,22651.503358383212,Rent,1,854.7147975338947,1,3078.4185416310556,0,0,0.0,0,0.0
4412,43,14695.079649198557,Rent,1,861.5359426178272,0,0.0,0,0,0.0,0,0.0
4413,29,525.5206015037594,Rent,0,0.0,0,0.0,0,0,0.0,0,0.0
4414,37,525.5206015037594,Rent,0,0.0,0,0.0,0,0,0.0,0,0.0
4415,69,45290.3420465268,Own,1,4259.9318419579,1,9358.425815073388,0,0,0.0,1,0.0
4416,31,525.5206015037594,Rent,0,0.0,0,0.0,0,0,0.0,0,0.0
4417,56,26835.988922513297,Mortgage,1,1125.8709117739652,1,2709.8271979930323,1,0,0.0,1,0.0
4418,47,38042.84587231013,Mortgage,1,1365.5538652109285,1,3379.5933759597074,1,0,0.0,1,2351.0657321971403
4419,34,11579.206046333784,Rent,1,1059.3256925477021,0,0.0,0,0,0.0,0,0.0
4420,37,525.5206015037594,Rent,0,0.0,0,0.0,0,0,0.0,0,0.0
4421,41,29959.018412124344,Rent,1,1059.9891401242376,1,1670.8304010504633,0,0,0.0,1,3.365019778700009
4422,31,14167.953516334208,Rent,1,916.3221106542914,1,0.0,0,0,0.0,0,0.0
4423,72,74868.23382205795,Mortgage,1,33097.2826010743,1,42954.02577243604,1,1,8376.26147193993,1,4889.344684047505
4424,48,18167.9689107582,Mortgage,1,2411.450022585591,1,2361.0183267125503,0,0,0.0,1,0.0
4425,73,148248.9469495213,Own,1,2306.889513168694,1,40468.162530237794,0,0,0.0,1,0.0
4426,44,18270.6492542003,Rent,1,667.7479529138762,1,3273.326059900809,0,0,0.0,0,0.0
4427,38,14215.850927299602,Rent,1,5.124635255309727,0,0.0,0,0,0.0,0,0.0
4428,64,62822.411279792264,Mortgage,1,2091.431649215279,1,35676.90211432988,0,0,0.0,1,0.0
4429,87,110048.1511104236,Own,1,4518.741387809751,1,84832.34625437007,1,1,7045.895597131392,1,0.0
4430,46,24779.082127244194,Rent,1,1730.649162705392,1,1663.118400788699,0,0,0.0,0,0.0
4431,66,86279.16105671207,Own,1,3102.7396171098644,1,93718.63561516562,1,1,9957.045797913275,1,14.515297581398896
4432,38,17959.327908997904,Rent,1,260.0271859097895,0,0.0,0,0,0.0,0,0.0
4433,68,27668.848905622224,Mortgage,1,1484.0207894260639,1,8713.637316980941,0,0,0.0,1,0.0
4434,37,32398.31513848953,Rent,1,549.2628626999842,1,0.0,0,0,0.0,0,0.0
4435,34,525.5206015037594,Rent,0,0.0,0,0.0,0,0,0.0,0,0.0
4436,88,74844.68886129503,Own,1,2634.166400970009,1,94710.7133524313,0,0,0.0,1,0.0
4437,32,22932.159564101832,Rent,1,408.0576151472236,0,0.0,0,0,0.0,0,0.0
4438,36,21608.559214779376,Rent,1,574.5872194777003,1,218.18314383035272,0,0,0.0,0,0.0
4439,86,42198.71308976232,Own,1,34250.15835541283,1,92420.57255884499,1,1,4836.60295974136,1,2.5501560860108503
4440,53,27252.775515625843,Rent,1,835.8548328951426,1,3205.6830773473707,0,0,0.0,0,0.0
4441,88,114135.71453724722,Own,1,4560.772937165779,1,7532.256059438103,1,1,5975.157220977399,1,4068.896679385518
4442,28,17621.005880321212,Rent,1,1483.4715749309826,0,0.0,0,0,0.0,1,4.265374794949252
4443,30,17267.889431889602,Rent,1,569.2838999936074,1,1122.1501088578125,0,0,0.0,0,0.0
4444,62,25128.09811743247,Own,1,1469.004704431855,1,34310.08434457653,0,0,0.0,1,0.0
4445,65,34463.54132111553,Own,1,1324.9562301395918,0,0.0,0,0,0.0,1,0.0
4446,88,198651.62684891876,Own,1,12853.153089438416,1,92289.54051822836,1,1,7746.289821146585,1,2.4932439728933793
4447,55,36200.745304988566,Rent,1,1216.3734249529577,1,2871.16512761165,0,0,0.0,1,0.0
4448,31,15088.793442935641,Rent,1,1178.7345084330386,1,3377.1047528156982,0,0,0.0,0,0.0
4449,73,37969.4545783086,Own,1,1825.426180001996,1,35723.201297466454,0,0,0.0,1,3141.4816249475134
4450,50,525.5206015037594,Mortgage,1,664.6367615935351,1,1463.5108614422315,0,0,0.0,0,0.0
4451,66,29742.48186281584,Own,1,3970.903454373019,1,40828.3564003675,0,0,0.0,1,4.532854267280755
4452,75,66953.58589683016,Own,1,34471.76469462363,1,93191.83074096027,0,0,0.0,1,0.0
4453,53,9784.075921741663,Mortgage,0,0.0,0,0.0,0,0,0.0,0,0.0
4454,40,8652.489595212954,Rent,1,109.2931447428723,0,0.0,0,0,0.0,0,0.0
4455,91,636602.2557292946,Own,1,8455.967592163073,1,96758.46639356414,1,1,21881.22217152972,1,3.5428314588688146
4456,63,49171.95102686593,Own,1,2185.819214083004,1,37490.43237641242,0,0,0.0,1,3673.217411011395
4457,53,7888.398105858692,Rent,1,0.0,0,0.0,0,0,0.0,0,0.0
4458,79,74746.42282701,Own,1,1676.9541564519084,1,35887.25016157918,0,0,0.0,1,0.0
4459,32,525.5206015037594,Rent,0,0.0,0,0.0,0,0,0.0,0,0.0
4460,57,11542.575727153268,Rent,1,685.973507242711,1,2579.132040977153,0,0,0.0,0,0.0
4461,32,27063.703205834732,Rent,1,1897.973160215975,1,623.1338586110937,0,0,0.0,0,0.0
4462,46,32129.641277693598,Mortgage,1,1328.1226096814066,1,8787.633746732125,1,0,0.0,1,0.0
4463,62,29596.072734737212,Mortgage,1,3594.1740287535235,1,8023.902643057047,1,0,0.0,1,0.0
4464,50,41816.956322972415,Rent,1,2435.7449108336473,1,803.7095766577067,0,0,0.0,1,0.0
4465,89,124178.4482148176,Own,1,5439.5031319424115,1,77152.97203792472,1,1,9897.844096936487,1,8845.64144774706
4466,48,19320.353279532206,Rent,1,516.169614821436,0,0.0,0,0,0.0,1,0.0
4467,52,46423.48748567723,Mortgage,1,1627.8133243467544,1,3969.1147723536,0,0,0.0,1,2159.1907020102044
4468,49,19282.17607573529,Rent,1,868.0971757729899,1,3055.933174334149,0,0,0.0,0,0.0
4469,65,38711.87448567732,Mortgage,1,1843.974356649229,1,8351.519157398032,1,0,0.0,1,4652.160391541858
4470,32,9136.607721686323,Rent,1,643.5178871058367,1,567.2168099237531,0,0,0.0,0,0.0
4471,47,13912.712199114869,Mortgage,1,1571.550996672368,1,4608.043939548413,0,0,0.0,1,0.0
4472,65,36775.97791071241,Own,1,2199.007624026238,1,8986.646326793598,0,0,0.0,1,0.0
4473,50,15507.205277435089,Rent,1,1688.8469851075643,1,5008.648558660795,0,0,0.0,1,0.0
4474,39,16918.74191936633,Rent,1,598.7907624824265,1,988.4241190467171,0,0,0.0,0,0.0
4475,39,7802.612995919015,Rent,1,1200.448986084386,0,0.0,0,0,0.0,0,0.0
4476,44,27670.72924493141,Mortgage,1,1089.770894107674,1,4248.563717984129,0,0,0.0,1,0.0
4477,53,37342.93274712605,Mortgage,1,1170.650009844176,1,8893.287390441306,1,0,0.0,1,0.0
4478,52,19189.136969981388,Mortgage,1,1323.7346889220253,1,3101.064302567618,0,0,0.0,1,0.0
4479,32,5531.119731335706,Rent,1,491.72433384136343,1,1549.4895316950483,0,0,0.0,0,0.0
4480,31,13044.876714321343,Rent,1,114.44888218825099,1,374.34088311041955,0,0,0.0,0,0.0
4481,72,80852.84043378278,Own,1,27895.898311886936,1,83906.47187322077,1,1,6478.0100411389585,1,3.6923835780049887
4482,75,12578.010442042927,Own,1,1179.845806048721,0,0.0,0,0,0.0,1,0.0
4483,40,17188.346539316684,Rent,1,611.6046601717968,1,0.0,0,0,0.0,0,0.0
4484,33,11711.007564371968,Rent,0,0.0,0,0.0,0,0,0.0,0,0.0
4485,77,49483.07774052457,Own,1,3645.942600467784,1,95339.34528875719,1,1,13717.293219133051,1,4050.725492160574
4486,90,78490.47882472805,Own,1,28063.287824170817,1,93057.3510012693,1,1,8072.331943645135,1,10384.753151542282
4487,29,15889.549223816473,Rent,1,736.6043419168011,1,964.2905783459851,0,0,0.0,0,0.0
4488,28,525.5206015037594,Rent,0,0.0,0,0.0,0,0,0.0,0,0.0
4489,78,126111.1531456462,Own,1,3824.04122436582,1,9002.323388244635,0,1,10208.201055202539,1,11.793639801515422
4490,67,44242.529144941545,Mortgage,1,6455.648420120524,1,4405.529863280579,0,0,0.0,1,0.0
4491,68,27688.51240951072,Mortgage,1,1583.6812018824057,1,7823.700478214645,1,0,0.0,1,0.0
4492,90,178965.73009979122,Own,1,21081.900394121047,1,94110.2480460717,1,1,5033.625555953853,1,9.412234175259975
4493,49,29759.42098592499,Mortgage,1,1037.5643685018222,1,2233.9982901309972,0,0,0.0,1,0.0
4494,73,94792.72582563311,Own,1,2376.165271226087,1,8531.847975275035,0,0,0.0,1,0.0
4495,29,15024.15977683531,Rent,1,420.0246744502519,0,0.0,0,0,0.0,0,0.0
4496,91,69918.191578463,Own,1,5403.696647485365,1,93423.43577204019,1,1,4988.759362487874,1,0.0
4497,43,25457.507555050932,Mortgage,1,1027.4383168192971,1,4565.817554844123,0,0,0.0,1,0.0
4498,32,14791.296301910395,Rent,1,732.3031263439609,1,2497.1258723707197,0,0,0.0,0,0.0
4499,48,21171.404227201776,Mortgage,1,1247.1884896223528,0,0.0,0,0,0.0,1,3.2375169607204763
4500,35,3595.584513759002,Rent,1,96.38021873717616,0,0.0,0,0,0.0,0,0.0
4501,89,81848.57513388769,Own,1,10349.144896405189,1,92536.51654605498,1,1,12107.644889295967,1,14215.688445487694
4502,82,79216.9982274322,Own,1,6376.178473868525,1,76155.72368672986,1,1,6226.985640405574,1,9322.9997481667
4503,27,525.5206015037594,Rent,0,0.0,0,0.0,0,0,0.0,0,0.0
4504,51,31718.50009344876,Mortgage,1,1936.8620736451812,1,3362.731718684402,0,0,0.0,1,19.006385308527204
4505,27,10410.509722712752,Rent,1,780.9069539278507,1,1909.9924466497985,0,0,0.0,0,0.0
4506,62,55557.95006065487,Own,1,2103.315041413397,1,43938.77853612157,0,0,0.0,1,2104.7600316041444
4507,43,27603.40078268513,Rent,1,1357.2060825289245,1,2780.002128422929,0,0,0.0,0,0.0
4508,91,129865.88384484324,Own,1,4849.790768512288,1,41876.52994925677,0,1,7639.018359015219,1,0.0
4509,62,40283.27895314403,Mortgage,1,2084.130512132777,1,8615.841395628422,1,0,0.0,1,0.0
4510,68,57487.74894329518,Mortgage,1,2552.395009692547,1,8239.32620146832,1,0,0.0,1,0.0
4511,76,28522.856361324433,Rent,1,1129.8055172541367,1,7931.707011160638,0,0,0.0,1,0.0
4512,45,29362.044133958578,Mortgage,1,1888.7988229803052,1,8235.734501726714,1,0,0.0,1,3825.2927753050576
4513,31,16561.813098833838,Rent,1,797.8795976248548,1,1701.1857710592078,0,0,0.0,0,0.0
4514,89,137269.41522708602,Own,1,9145.168078959256,1,81088.41466738182,1,1,9927.224696275556,1,0.5412648946657383
4515,31,26257.118654301426,Mortgage,1,1672.6805389407702,1,2516.457398562181,0,0,0.0,1,0.0
4516,90,693631.728134441,Own,1,5594.547768737091,1,96524.45437582754,1,1,20337.1888440298,1,0.0
4517,73,85447.38255340148,Own,1,4346.921752937739,1,41239.79969274662,0,0,0.0,1,5238.490377391583
4518,77,191800.24650875977,Own,1,1608.2781412142422,1,94500.4709971541,1,1,4725.765150185947,1,0.0
4519,72,37929.213469238675,Own,1,1911.8935869919492,1,48277.83279975617,0,0,0.0,1,0.0
4520,37,16130.232891174423,Rent,1,855.4978223509839,1,2620.205044583436,0,0,0.0,0,0.0
4521,31,4488.965460613686,Rent,1,320.34657160718496,1,0.0,0,0,0.0,0,0.0
4522,61,43562.55284960638,Mortgage,1,1930.7670192781518,1,9605.292670101306,1,0,0.0,1,0.0
4523,30,6200.433020989687,Rent,0,0.0,0,0.0,0,0,0.0,0,0.0
4524,34,1344.6117076401533,Rent,0,0.0,0,0.0,0,0,0.0,0,0.0
4525,38,6780.794513472649,Rent,1,1286.1069466654474,1,3143.1540215904124,0,0,0.0,0,0.0
4526,36,9355.429119498078,Rent,1,250.93058839418995,1,1420.4386853921308,0,0,0.0,0,0.0
4527,38,525.5206015037594,Rent,1,602.6030899011682,0,0.0,0,0,0.0,0,0.0
4528,47,19944.800778594043,Rent,1,857.4077338503453,0,0.0,1,0,0.0,0,0.0
4529,57,38405.07344764727,Mortgage,1,1479.7480374512993,1,7744.540962303899,1,0,0.0,1,0.0
4530,32,11774.255512765569,Rent,1,0.0,1,1421.0303668604367,0,0,0.0,0,0.0
4531,30,525.5206015037594,Rent,0,0.0,0,0.0,0,0,0.0,0,0.0
4532,64,5571.568309923168,Rent,1,595.1158987939568,0,0.0,0,0,0.0,0,0.0
4533,41,15285.525266401937,Mortgage,1,932.4675091825266,0,0.0,0,0,0.0,1,0.0
4534,43,14587.514781094957,Rent,1,469.85370778785983,1,2222.6686844420165,0,0,0.0,0,0.0
4535,55,43075.586319097274,Mortgage,1,1349.7815889209187,1,3587.8471349438696,1,0,0.0,1,19.982529024664093
4536,46,44361.99898543821,Rent,1,1624.2448384744991,1,9422.093824196178,0,0,0.0,1,0.0
4537,29,525.5206015037594,Rent,1,331.70140481969645,1,1503.2578584564526,0,0,0.0,0,0.0
4538,90,61711.027579297705,Own,1,26978.476370539673,1,93182.88125158212,1,1,8097.669789526859,1,8699.17372530975
4539,55,18440.643607283735,Mortgage,1,697.7625313050038,0,0.0,0,0,0.0,0,0.0
4540,64,36281.478509707194,Mortgage,1,1652.6994100920133,1,3776.2359025377045,0,0,0.0,1,0.0
4541,30,14997.107864248272,Rent,1,173.96640744542424,1,1292.7704065117737,0,0,0.0,0,0.0
4542,67,48065.721146644384,Mortgage,1,2307.2588649831905,1,7981.124358937479,1,0,0.0,1,5.943295148654217
4543,89,130977.21439489107,Own,1,3945.416991607381,1,90597.38099805244,1,1,8051.968711072698,1,0.0
4544,42,17965.53843315711,Rent,1,645.9628906210654,1,1282.8450384009407,0,0,0.0,0,0.0
4545,32,24225.134278999332,Rent,1,0.0,0,0.0,0,0,0.0,0,0.0
4546,61,155265.7781380918,Own,1,2345.571642569497,1,40043.04785247004,1,0,0.0,1,11.216213292562186
4547,50,13000.567773846782,Mortgage,1,1146.3013902262555,1,2844.220927494908,0,0,0.0,1,0.0
4548,64,33715.89115082037,Mortgage,1,2235.337225563308,1,9301.463884239169,0,0,0.0,1,0.0
4549,64,36739.355522651844,Mortgage,1,1366.0527838101689,1,7732.872450567559,1,0,0.0,1,0.0
4550,44,4908.491994570417,Rent,1,524.3717658881448,1,477.85161742539435,0,0,0.0,0,0.0
4551,50,22418.581315998905,Mortgage,1,1716.9378042763922,1,5709.426780717169,0,0,0.0,1,0.0
4552,41,30149.25544343258,Rent,1,1617.7244574223664,1,860.1517888904086,0,0,0.0,0,0.0
4553,48,10603.294366074253,Rent,0,0.0,0,0.0,0,0,0.0,1,0.0
4554,29,12084.272029374544,Rent,1,185.3548706859808,1,0.0,0,0,0.0,0,0.0
4555,91,87977.3202372416,Own,1,3710.002492730697,1,47800.02078535517,0,1,6703.260815655587,1,7702.501923758838
4556,72,35205.3961579451,Own,1,2448.7549780626114,0,0.0,0,0,0.0,1,3401.830506965586
4557,58,107925.31497258715,Own,1,1718.1917925513997,1,8946.200452144685,0,0,0.0,1,0.0
4558,91,73753.82777605737,Own,1,2609.6552307980737,1,96735.93123624416,1,1,4761.424200879843,1,6167.355321366992
4559,31,525.5206015037594,Rent,0,0.0,0,0.0,0,0,0.0,0,0.0
4560,42,19850.830901021327,Rent,1,480.73615958137657,0,0.0,0,0,0.0,0,0.0
4561,78,81156.02248255316,Own,1,2198.2193948281542,1,34302.00067889646,0,0,0.0,1,0.0
4562,29,3902.6236737774598,Rent,1,1062.8430971922787,1,550.2483768367272,0,0,0.0,0,0.0
4563,62,29536.87320189515,Mortgage,1,2087.7841733832656,1,9393.694793649036,1,0,0.0,1,4608.349256156332
4564,41,2152.7412297863357,Rent,1,281.10080170860294,1,1113.7570334249067,0,0,0.0,0,0.0
4565,72,117554.03814186518,Own,1,2289.0497529744507,1,35671.07490442449,0,0,0.0,1,5658.446766124427
4566,56,38478.85588175581,Mortgage,1,1125.5207322127135,1,8485.833232181103,0,0,0.0,1,0.0
4567,61,21731.31702211487,Rent,1,1270.9076183742554,1,2170.0395674143742,0,0,0.0,1,10.478092992673492
4568,31,525.5206015037594,Rent,0,0.0,0,0.0,0,0,0.0,0,0.0
4569,55,27464.235544757175,Mortgage,1,1612.611734062885,0,0.0,1,0,0.0,1,0.0
4570,31,13599.480199808857,Rent,1,258.43132582676185,1,1162.064581111605,0,0,0.0,0,0.0
4571,38,21038.602842132757,Rent,1,179.17108278750106,1,0.0,0,0,0.0,0,0.0
4572,42,20977.089666820106,Rent,1,472.0965469605087,1,353.94054116020834,0,0,0.0,0,0.0
4573,72,73051.87514445333,Own,1,1853.805534397571,1,96758.46639356414,0,1,9548.099103890254,1,1.4187956727049904
4574,33,16649.59306783744,Rent,1,1239.9241634926816,1,1094.1529576055095,0,0,0.0,0,0.0
4575,76,98619.96786224775,Own,1,3256.0119411626033,1,43074.548045280084,0,1,10447.136529966281,1,4.287409327652339
4576,58,35866.04116461922,Mortgage,1,1872.8548566051795,1,8514.276122540005,1,0,0.0,1,4.402939936054738
4577,69,34949.02270349722,Own,1,4303.400008829787,1,8533.76261806302,0,1,17.035267201849294,1,7.886747541323689
4578,52,30308.690836554477,Mortgage,1,2671.5035504407574,1,2623.3483092734223,0,0,0.0,1,9.401313529638466
4579,30,525.5206015037594,Rent,0,0.0,0,0.0,0,0,0.0,0,0.0
4580,40,4406.35516803945,Rent,0,0.0,0,0.0,0,0,0.0,0,0.0
4581,55,13318.625878826015,Rent,1,1136.1773037430846,1,2250.384180970713,0,0,0.0,0,0.0
4582,77,28846.72977549352,Own,1,5508.584027588518,1,41275.493941588786,0,0,0.0,1,4.0314437422122404
4583,49,16290.41768074115,Mortgage,1,1706.5124364787057,1,3632.432244233167,0,0,0.0,1,1.5868320133410638
4584,31,18673.76170072663,Rent,1,42.08657753757109,1,637.4717072514024,0,0,0.0,0,0.0
4585,85,61478.45216879678,Own,1,10216.364235362678,1,94927.2633542738,1,1,7591.609062026091,1,1.5053318017758504
4586,85,101388.79555848992,Own,1,10338.53809326726,1,77978.3222201513,0,1,4230.124389844598,1,12970.699306930823
4587,31,1792.2034645046933,Rent,1,192.1866128857913,1,0.0,0,0,0.0,0,0.0
4588,59,38976.562655561334,Mortgage,1,1549.0878874216335,1,1524.7878535465102,0,0,0.0,1,0.0
4589,27,17268.02754276049,Rent,1,1518.126891351013,1,1145.5373956651342,0,0,0.0,0,0.0
4590,65,23391.855549322783,Mortgage,1,914.4500188098951,0,0.0,0,0,0.0,0,0.0
4591,87,226397.61714281593,Own,1,8333.537134393617,1,96758.46639356414,1,1,21396.34805530224,1,0.0
4592,63,14047.470770796099,Mortgage,1,1060.6484854544442,0,0.0,1,0,0.0,1,9.466475951724602
4593,83,101811.59485725113,Own,1,6116.893517181293,1,42550.5347642708,0,1,3217.640175648462,1,5595.8127437113635
4594,30,5141.510929413502,Rent,0,0.0,0,0.0,0,0,0.0,0,0.0
4595,53,27459.71742164507,Mortgage,1,1613.4824405153513,1,4286.296873526134,0,0,0.0,1,2035.875161469235
4596,65,34147.66659012024,Mortgage,1,1578.8660330396901,1,7750.3005537573845,1,0,0.0,1,0.0
4597,61,41048.30462429812,Mortgage,1,1273.8727800189026,1,2637.915650924148,0,0,0.0,1,0.0
4598,73,34645.81687052871,Own,1,2035.1554241758627,1,36474.67736173346,0,0,0.0,1,0.0
4599,31,51157.00881101899,Mortgage,1,1485.574659433942,1,1212.3444923281531,0,0,0.0,1,4.280614337140706
4600,80,122724.36518990972,Own,1,4783.39860517094,1,35460.91581868269,0,0,0.0,1,2478.4623844185126
4601,29,1329.0808286166775,Rent,0,0.0,0,0.0,0,0,0.0,0,0.0
4602,60,23845.366999861755,Mortgage,1,951.1471797094811,1,8639.567412166725,0,0,0.0,1,0.0
4603,29,5571.434743434407,Rent,1,0.0,0,0.0,0,0,0.0,0,0.0
4604,56,50235.53078919853,Mortgage,1,2227.860004605365,1,4608.463869226548,0,0,0.0,1,0.0
4605,37,15095.675165907072,Rent,1,299.56693781100023,1,1056.8481928740064,0,0,0.0,0,0.0
4606,54,24389.387069324606,Rent,1,467.9560640085269,0,0.0,0,0,0.0,0,0.0
4607,66,31986.218866270872,Mortgage,1,1559.7234294965865,1,8018.385505481897,1,0,0.0,1,0.0
4608,66,47339.54490985377,Mortgage,1,1755.8040767730154,1,8251.851014783568,1,0,0.0,1,3358.456227992684
4609,87,191825.0512750339,Own,1,8342.408753787557,1,74782.8145094111,1,1,22096.394907980233,1,7652.598895269821
4610,79,50538.9167395692,Own,1,2838.0301377160813,0,0.0,1,1,6.442678463561353,1,0.0
4611,56,23032.045189584278,Mortgage,1,2337.077015270227,1,2899.5215091142372,0,0,0.0,1,0.0
4612,61,33899.62729375213,Mortgage,1,1643.805263869027,1,7593.386932552685,1,0,0.0,1,0.5466120135253077
4613,69,43875.18784870613,Mortgage,1,1847.7684841617317,1,8137.314095681439,1,0,0.0,1,3511.385221959341
4614,79,104733.64509218204,Own,1,2027.8624780229457,1,42045.81277376736,0,1,10230.471143135885,1,6.330544526496533
4615,90,72944.37982177011,Own,1,4385.427232451828,1,96758.46639356414,1,1,4750.965265097578,1,5858.908693524478
4616,77,35469.48349400758,Own,1,3813.1561159054545,1,43631.76824402865,0,0,0.0,1,7738.313164910671
4617,46,40864.98570404114,Mortgage,1,1486.316606700314,1,4184.432197331893,0,0,0.0,1,3504.807574333863
4618,39,525.5206015037594,Rent,1,0.0,0,0.0,0,0,0.0,0,0.0
4619,53,14616.46397192583,Mortgage,1,1234.6497537164635,0,0.0,1,0,0.0,1,0.0
4620,60,37048.36431130766,Mortgage,1,1952.3205321689268,1,8567.625490587023,0,0,0.0,1,0.0
4621,62,21710.047484420422,Mortgage,1,2396.719566627119,1,8121.125636727963,1,0,0.0,1,0.0
4622,80,61774.42795687804,Own,1,3131.2361306786433,1,40710.50639702513,1,1,10153.664629849469,1,7744.004174017002
4623,73,88858.86008346114,Own,1,3407.6104979107654,1,95724.25806985838,1,1,8188.247371487048,1,17.365498979768326
4624,49,14619.242339052184,Own,1,2132.8525679195636,1,1761.3227175458412,0,0,0.0,1,0.0
4625,44,15669.278629601671,Mortgage,1,874.1993741906718,1,9424.605734885623,0,0,0.0,1,0.0
4626,69,81236.52124446655,Own,1,5909.2809288996505,1,81642.10641665399,0,1,7235.774122231892,1,0.0
4627,31,4424.5550539426695,Rent,1,250.5329384316475,0,0.0,0,0,0.0,0,0.0
4628,38,13753.864768013773,Rent,1,847.1829806800841,1,968.6779513848494,0,0,0.0,0,0.0
4629,62,37127.24759169205,Mortgage,1,2023.6312295728326,1,9337.103087042076,1,0,0.0,1,3501.41973857624
4630,47,26652.21195194358,Mortgage,1,1870.8577143391074,1,2929.174835058582,1,0,0.0,1,4404.803253025677
4631,31,17832.59011586142,Rent,1,216.3007023800676,1,1669.157488031347,0,0,0.0,0,0.0
4632,30,13374.43692651634,Rent,1,50.92211383370727,0,0.0,0,0,0.0,0,0.0
4633,28,14809.271157316247,Rent,1,710.0257446731049,1,1643.78954169331,0,0,0.0,0,0.0
4634,80,98252.78392783416,Own,1,1435.060858911011,1,84628.47830922232,1,1,7344.129513766717,1,2364.8119848813244
4635,50,34723.33137484278,Rent,1,1494.2986849912309,1,2797.097938339613,0,0,0.0,0,0.0
4636,51,34187.86861892134,Rent,1,1237.2936084571998,0,0.0,0,0,0.0,0,0.0
4637,30,525.5206015037594,Rent,0,0.0,0,0.0,0,0,0.0,0,0.0
4638,61,34162.413197425405,Mortgage,1,2517.7520657631994,1,8871.272839076517,1,0,0.0,1,0.0
4639,36,5285.2888666012095,Rent,1,81.20060519975186,1,816.6145724510191,0,0,0.0,0,0.0
4640,89,82092.23313869018,Own,1,6384.752089788712,1,72741.67023347494,1,1,10601.529053464612,1,2405.9765852653745
4641,32,5470.5560395409775,Rent,1,0.0,1,0.0,0,0,0.0,0,0.0
4642,33,525.5206015037594,Rent,0,0.0,0,0.0,0,0,0.0,0,0.0
4643,46,13025.89720663047,Mortgage,1,395.52652885362704,0,0.0,0,0,0.0,1,0.0
4644,29,12745.166870192628,Rent,1,862.5246253626262,0,0.0,0,0,0.0,0,0.0
4645,52,26942.323237030654,Mortgage,1,1721.5919873843545,1,5613.4826899280215,0,0,0.0,1,0.0
4646,71,103850.48063316729,Own,1,3261.0283521634324,1,41818.27361736621,0,1,4020.68572832268,1,5163.063717331733
4647,70,37474.34460578542,Own,1,2082.112777960522,1,47621.70536329143,0,0,0.0,1,0.0
4648,70,61701.919781027544,Mortgage,1,1735.2552353690157,1,8376.904521009206,1,0,0.0,1,0.0
4649,31,57978.25637765144,Mortgage,1,856.2838356009256,1,9188.009725592661,0,0,0.0,1,0.0
4650,71,15933.049171700954,Mortgage,1,4541.94830479499,1,9459.607223928226,1,0,0.0,1,9.873897034619981
4651,58,31080.40436887,Mortgage,1,1485.1461162338765,1,3641.8200545321947,1,0,0.0,1,2689.146211813846
4652,40,12862.743998438455,Rent,1,766.1596768603661,1,2951.7353408896624,0,0,0.0,0,0.0
4653,50,36647.44784987617,Mortgage,1,1685.4243402635989,1,2766.3186839930395,1,0,0.0,1,4103.379049846147
4654,86,116609.13325954019,Own,1,7586.758320042451,1,79404.7998112447,1,1,3510.0257578892174,1,0.0
4655,37,15628.334693558068,Rent,1,737.9340578587276,1,2079.913189145824,0,0,0.0,0,0.0
4656,55,12008.202444343604,Own,1,1747.0045695637687,0,0.0,1,0,0.0,1,0.0
4657,30,7048.380455606839,Rent,1,76.4745519439814,0,0.0,0,0,0.0,0,0.0
4658,49,9340.016708142895,Mortgage,1,995.6773854472343,0,0.0,1,0,0.0,1,0.0
4659,36,25533.400033964404,Rent,1,1167.7463548233234,1,2316.9897208140546,0,0,0.0,0,0.0
4660,30,12081.661690266184,Rent,1,885.8658106317878,1,3729.273674897385,0,0,0.0,1,0.0
4661,64,18461.669791493106,Mortgage,1,1361.1978847368357,1,8113.941668252601,0,0,0.0,1,0.0
4662,60,51863.876182405256,Mortgage,1,2283.245212724659,1,7606.895817795764,1,0,0.0,1,0.0
4663,43,15945.062990420189,Mortgage,1,1011.4168296096886,1,3709.0397965296143,0,0,0.0,1,0.0
4664,30,26347.800368887154,Rent,1,69.53636390847839,0,0.0,0,0,0.0,0,0.0
4665,79,49064.7476579521,Own,1,1461.7775179326966,1,36276.7287389295,0,0,0.0,1,0.0
4666,91,157718.4329009917,Own,1,5497.720081509277,1,38427.8878446699,0,1,7254.220950672341,1,6498.231732626134
4667,36,16462.01991302352,Rent,1,705.1629549149054,1,1589.0222413351876,0,0,0.0,0,0.0
4668,26,25222.8165534908,Rent,1,1152.2833093008555,1,1915.0008622059713,0,0,0.0,0,0.0
4669,55,24181.94501026668,Mortgage,1,1458.2454539873918,0,0.0,0,0,0.0,1,0.0
4670,30,27533.16599315557,Rent,1,1252.2401749335081,1,410.83135582041336,0,0,0.0,0,0.0
4671,57,36220.4333035462,Mortgage,1,2760.7661899971963,1,9825.811964177417,1,0,0.0,1,0.0
4672,47,1065.8665757319905,Mortgage,1,1084.9624945661853,1,2225.298969990036,0,0,0.0,1,0.0
4673,32,525.5206015037594,Rent,1,122.68439731617491,1,0.0,0,0,0.0,0,0.0
4674,38,10128.15887633193,Rent,1,786.0697321062538,0,0.0,0,0,0.0,0,0.0
4675,46,32873.02274477668,Mortgage,1,2131.259601000366,1,3167.03473997726,0,0,0.0,1,0.0
4676,88,52795.84922827546,Own,1,5743.747542620176,1,95648.82421411072,1,1,13994.306806734116,1,11592.812871186043
4677,88,24603.987315038386,Own,1,1678.8405507571142,1,10163.427377615117,1,1,26328.31564377453,1,0.0
4678,38,16400.229369475237,Rent,1,127.50152943524472,1,1246.8438398669614,0,0,0.0,0,0.0
4679,41,31937.67900518965,Rent,1,651.1745845322641,1,1843.9186822595639,0,0,0.0,0,0.0
4680,67,38181.44283391427,Mortgage,1,2020.9835326950226,1,8720.258196597339,1,0,0.0,1,0.0
4681,31,3113.707981401345,Rent,1,101.24528398936457,0,0.0,0,0,0.0,0,0.0
4682,44,34719.57042133989,Rent,1,930.3626107510087,1,2576.8482250042443,0,0,0.0,1,0.0
4683,71,58425.85249762684,Own,1,3763.657879569412,1,34214.76743816229,0,0,0.0,1,0.0
4684,52,59614.08397043231,Mortgage,1,1386.180388857193,0,0.0,1,0,0.0,1,0.0
4685,40,8703.43301547377,Rent,0,0.0,0,0.0,0,0,0.0,0,0.0
4686,78,624304.2859240461,Own,1,7167.6470099806065,1,95039.46490472325,1,1,22021.553800491987,1,0.0
4687,54,40146.187597202406,Mortgage,1,1103.0807608310329,1,1217.9997476584713,0,0,0.0,1,0.0
4688,60,32890.923346915675,Mortgage,1,1147.3326027294454,1,8872.27622512686,1,0,0.0,1,2515.5272945096485
4689,30,525.5206015037594,Rent,0,0.0,0,0.0,0,0,0.0,0,0.0
4690,75,26626.41334992702,Own,1,3701.2243056174925,1,45182.82992810108,1,1,17280.511977220733,1,0.0
4691,61,73424.56153847276,Mortgage,1,1367.6589237707615,1,8869.193812875128,1,0,0.0,1,0.0
4692,48,11091.167453053375,Mortgage,1,1259.451170738927,1,3900.9252190430093,0,0,0.0,0,0.0
4693,28,18083.455602431615,Rent,1,682.3656967472414,1,1192.4065696555735,0,0,0.0,0,0.0
4694,58,36213.06734829435,Mortgage,1,1562.6680686825073,1,8632.644152734592,1,0,0.0,1,0.0
4695,74,126703.74187634874,Own,1,4725.027798567463,1,42354.70086329378,0,1,4590.527799461563,1,6707.074307113994
4696,33,12687.823001862813,Rent,1,98.61794543631731,1,0.0,0,0,0.0,0,0.0
4697,64,15528.800075048272,Mortgage,1,2410.265968826361,1,3336.8634619107415,0,0,0.0,1,5800.962316631702
4698,77,27805.52997585592,Own,1,1543.614657607182,1,649.8502519357323,0,0,0.0,1,0.0
4699,40,9966.33494506501,Rent,1,460.2755329989552,1,0.0,0,0,0.0,0,0.0
4700,59,35894.36332992288,Own,1,1653.4394225808887,1,8660.51939439464,0,0,0.0,1,0.0
4701,41,17936.863041855224,Rent,1,493.1535250565195,0,0.0,0,0,0.0,0,0.0
4702,34,2176.3128114331666,Rent,1,0.0,0,0.0,0,0,0.0,0,0.0
4703,54,22754.970473765767,Rent,1,336.38478517520605,1,2127.899134766857,0,0,0.0,0,0.0
4704,33,63070.962177546724,Rent,1,1185.494296423526,1,1485.427631447182,0,0,0.0,0,0.0
4705,56,24840.310167139538,Mortgage,1,1893.7197139244727,1,3519.1007103671573,0,0,0.0,1,0.0
4706,71,126676.99538906472,Own,1,4425.413995860123,1,44256.59038029353,0,0,0.0,1,5322.734184516561
4707,74,49214.67789471815,Mortgage,1,1965.3782988963394,1,8520.939668665174,0,0,0.0,1,6.164133091220596
4708,79,30461.76925067044,Rent,1,1394.2468923111273,1,34596.02912112837,0,0,0.0,1,0.0
4709,64,32635.73716949275,Mortgage,1,2647.9897432019698,1,8460.662789550215,1,0,0.0,1,4164.506711797947
4710,75,39016.73350468985,Own,1,3913.2770183225343,1,47904.32015208611,0,0,0.0,1,1.8695688000708415
4711,30,525.5206015037594,Rent,0,0.0,0,0.0,0,0,0.0,0,0.0
4712,28,7789.618718734253,Rent,1,610.1430542341193,1,929.7099303613882,0,0,0.0,0,0.0
4713,31,19627.731310502204,Rent,1,65.78906858667108,1,1166.8877024673784,0,0,0.0,0,0.0
4714,48,44535.91930115006,Own,1,2624.8444689347343,1,8303.940001991345,0,0,0.0,1,0.0
4715,76,30661.165247010824,Own,1,1403.312309182891,1,42931.51067699385,0,0,0.0,1,0.0
4716,78,84811.7293580049,Own,1,26692.485188517436,1,94105.05194102667,1,1,35198.94680204806,1,0.0
4717,45,1968.5321357270932,Rent,1,1248.2528888755378,0,0.0,1,0,0.0,0,0.0
4718,39,4144.284941167185,Rent,1,90.21646700654753,1,1725.0569468146625,0,0,0.0,0,0.0
4719,46,28528.31826429591,Mortgage,1,1067.7435508087763,1,4582.831236595547,0,0,0.0,1,0.0
4720,27,20181.783979404547,Mortgage,1,1392.6790242900306,1,3542.2762117649686,0,0,0.0,0,0.0
4721,27,12245.912466561487,Rent,1,380.35400776499955,1,2308.009309440064,0,0,0.0,0,0.0
4722,40,29706.46898377212,Rent,1,381.08367298684385,1,3205.4581215890003,0,0,0.0,0,0.0
4723,29,15662.15111525473,Rent,1,1055.9925008994167,1,476.86295250205717,0,0,0.0,0,0.0
4724,41,33351.00947283248,Mortgage,1,1000.5520550571684,1,4204.8847775775885,0,0,0.0,1,0.0
4725,59,44523.49880856451,Mortgage,1,2229.8859930391345,1,7903.242167187852,1,0,0.0,1,0.0
4726,47,12867.892696218223,Mortgage,1,767.0690543915675,1,3204.953304680703,0,0,0.0,0,0.0
4727,90,89253.81581634504,Own,1,28023.575143206825,1,74789.2555294649,1,1,19709.855394119288,1,1.42690505558296
4728,71,34111.45300788134,Mortgage,1,1584.4211510393513,1,7149.243543888061,1,0,0.0,1,4805.610611288126
4729,42,10765.953378257856,Mortgage,1,1138.6389703777477,1,1741.0043198232293,0,0,0.0,0,0.0
4730,27,3656.666211240574,Rent,0,0.0,0,0.0,0,0,0.0,0,0.0
4731,53,30084.376821552753,Mortgage,1,442.355840524484,1,2733.418720393701,0,0,0.0,1,0.0
4732,46,44832.772645801975,Mortgage,1,1455.76771572389,1,3755.687858646388,1,0,0.0,1,3769.512613555009
4733,48,20199.810809596245,Rent,1,1148.9201069736328,1,255.23548926248804,0,0,0.0,0,0.0
4734,60,21107.331655810616,Mortgage,1,2993.8308712172657,1,9136.635993131313,1,1,4458.593911697809,1,0.0
4735,66,65743.22507727356,Own,1,1752.530312103332,0,0.0,0,0,0.0,1,0.0
4736,59,44659.49653988824,Own,1,1931.5153651934545,1,40592.45361480285,0,0,0.0,1,3452.8615068047698
4737,40,28788.29167086418,Rent,1,1799.379394676366,1,144.59848132144816,0,0,0.0,0,0.0
4738,31,18495.74677518659,Rent,1,391.8491532562085,0,0.0,0,0,0.0,0,0.0
4739,36,11538.15874144236,Rent,1,1004.4939210521416,1,2016.1951316133598,0,0,0.0,0,0.0
4740,34,5496.567822865069,Rent,1,572.438975840879,0,0.0,1,0,0.0,0,0.0
4741,29,14875.132067019007,Rent,1,171.73695526987945,1,1206.8700477177686,0,0,0.0,0,0.0
4742,62,30232.833295726152,Mortgage,1,1220.147848891413,1,3424.720457564653,0,0,0.0,1,0.0
4743,51,46123.72988975548,Mortgage,1,1965.3837137763358,1,2717.3644114932335,0,0,0.0,1,2731.5379511117017
4744,89,179189.29552482106,Own,1,6993.654207532609,1,93414.56521405553,1,1,6683.770306160396,1,1.8134091271463262
4745,83,46359.1579526304,Own,1,2025.5263109077403,1,2868.370457519245,0,0,0.0,1,7.895155547338782
4746,47,43947.426710415006,Mortgage,1,2333.6258895311853,1,2907.1506914445163,0,0,0.0,1,0.0
4747,37,25301.904941177352,Rent,1,511.5314783788762,1,1696.4202681754782,0,0,0.0,0,0.0
4748,29,525.5206015037594,Rent,0,0.0,0,0.0,0,0,0.0,0,0.0
4749,31,10289.80336392482,Rent,1,107.19555301120863,0,0.0,0,0,0.0,0,0.0
4750,48,21929.55156289401,Own,1,1392.0962050288488,1,34628.94102792679,0,0,0.0,1,7.670250022225654
4751,66,25654.9530881463,Rent,1,1570.6057338806188,1,1652.7111619926732,0,0,0.0,0,0.0
4752,62,57768.34679334445,Own,1,2344.4042336811253,1,91347.44407480613,1,1,19003.80570919462,1,5.945803783256279
4753,47,16528.17466900155,Mortgage,1,1177.660682133328,1,3366.546033943051,0,0,0.0,0,0.0
4754,27,16509.46171356433,Rent,1,792.3379718611884,1,2319.424204722838,0,0,0.0,0,0.0
4755,45,40886.63453490565,Mortgage,1,1026.4998380841262,1,2632.223025469446,1,0,0.0,1,0.0
4756,30,6730.019503132442,Rent,1,504.3247525008031,1,0.0,0,0,0.0,0,0.0
4757,43,14268.613174703012,Rent,1,888.2296176137398,1,2883.581379516312,0,0,0.0,1,0.0
4758,31,11970.495463118908,Rent,1,573.4543485417558,0,0.0,0,0,0.0,0,0.0
4759,73,102306.88566525746,Own,1,3391.944851971764,1,95095.44062963683,0,1,5520.377224094141,1,6000.548105009898
4760,77,106038.08072931669,Own,1,3847.638985728344,1,95986.49344128811,1,1,6755.16260227996,1,10933.747092880643
4761,45,31279.476257607774,Mortgage,1,1749.8509630592407,1,4283.5670547117625,0,0,0.0,1,0.0
4762,73,42146.9329921997,Own,1,2566.0097817065725,1,34454.61379816013,0,0,0.0,1,0.0
4763,28,2594.849791925344,Rent,0,0.0,0,0.0,0,0,0.0,0,0.0
4764,70,60782.67166712068,Own,1,1525.2359215798388,1,8376.864754779877,0,0,0.0,1,0.0
4765,34,5803.051810869376,Rent,1,1214.679511765314,1,3032.6392170831978,0,0,0.0,0,0.0
4766,64,49083.13825553481,Mortgage,1,2283.663667895381,1,8903.669094813986,1,0,0.0,1,1.8899833085128481
4767,32,15662.053216271506,Rent,1,306.7795614404979,1,0.0,0,0,0.0,0,0.0
4768,90,90976.76615052302,Own,1,7525.551823121583,1,94322.87755432913,1,1,20970.516816912215,1,8.1640940928189
4769,45,22546.822566924493,Mortgage,1,808.0717420646054,1,4551.809046584323,0,0,0.0,1,0.0
4770,47,29183.144460257106,Mortgage,1,1857.8085398504056,1,5922.666078011023,0,0,0.0,1,3386.2130143171908
4771,29,34178.528699521,Rent,1,904.4381552314218,1,1914.6156619451158,0,0,0.0,1,13.545439719595171
4772,39,4510.116585194641,Rent,1,840.3782489784135,1,26.90876222399538,0,0,0.0,0,0.0
4773,29,525.5206015037594,Rent,0,0.0,0,0.0,0,0,0.0,0,0.0
4774,52,28936.399485183167,Mortgage,1,1969.8015169809476,1,3919.1569359799846,1,0,0.0,1,2261.1718025178457
4775,34,20231.630904638016,Rent,1,177.3727923950638,1,593.6054263379942,0,0,0.0,0,0.0
4776,91,428094.7902366604,Own,1,39179.08750232437,1,94290.35201376186,1,1,37378.42432632035,1,13.095901009664969
4777,73,80707.73895549276,Own,1,2850.06640649864,1,36848.294836992034,0,0,0.0,1,0.0
4778,41,37649.5112919115,Mortgage,1,2378.08815527817,1,4066.125333696332,0,0,0.0,1,0.0
4779,67,46473.07939279758,Mortgage,1,1422.6833334063376,1,9035.792976553865,1,0,0.0,1,8.058635319427795
4780,87,511032.66775698226,Own,1,31040.93043290968,1,93458.49709703066,1,1,9800.917682312791,1,13930.701368880396
4781,31,11570.079390084424,Rent,1,10.10182030222802,0,0.0,0,0,0.0,0,0.0
4782,63,41060.35355204311,Mortgage,1,1909.9943943592664,1,8267.728677579053,1,0,0.0,1,0.0
4783,70,105990.79125939094,Own,1,3718.514783774094,1,94723.86205242721,1,1,8891.17628554443,1,0.017614885489699333
4784,29,525.5206015037594,Rent,0,0.0,0,0.0,0,0,0.0,0,0.0
4785,36,2408.1493924887945,Rent,0,0.0,0,0.0,0,0,0.0,0,0.0
4786,76,30852.025667648417,Own,1,2874.1801317681293,1,8996.042805448804,1,0,0.0,1,0.0
4787,39,11910.804599292034,Rent,1,441.4870155468718,1,1437.3258706970157,0,0,0.0,0,0.0
4788,30,525.5206015037594,Rent,0,0.0,0,0.0,0,0,0.0,0,0.0
4789,44,25940.208258076993,Mortgage,1,1076.4853190214442,1,3871.8064159390765,0,0,0.0,1,7.576805260644625
4790,60,33637.13929373449,Own,1,1780.8667696718,1,8882.27079356108,0,0,0.0,1,0.0
4791,59,46183.740196145736,Own,1,1715.368518453587,1,36521.40682780977,0,0,0.0,1,0.0
4792,60,28087.169681511274,Mortgage,1,2341.9785688651673,1,8125.432338330594,1,0,0.0,1,5738.2908168116455
4793,64,26056.10723453193,Mortgage,1,3431.1807427507056,1,9420.618301101922,0,0,0.0,1,0.0
4794,36,12270.753211416199,Rent,1,265.9601966395612,1,805.1055010862451,0,0,0.0,0,0.0
4795,60,43777.837052205316,Mortgage,1,2177.541245315523,1,8210.096094661032,1,0,0.0,1,10.321382178567813
4796,58,31787.705902752623,Mortgage,1,1754.0533816826921,1,9056.466452928446,1,0,0.0,1,0.0
4797,48,14138.604003782788,Mortgage,1,539.387662065842,1,3554.7383561158395,0,0,0.0,1,0.0
4798,69,26063.65077613496,Mortgage,1,1526.8697375937468,1,2932.1004555121895,0,0,0.0,1,3251.3852040925904
4799,41,10123.654782041394,Rent,0,0.0,0,0.0,0,0,0.0,0,0.0
4800,45,29927.35597859186,Mortgage,1,1522.2994364261724,1,3475.198745547679,0,0,0.0,1,1.8678070987807482
4801,59,32755.735124704326,Mortgage,1,2774.3074854531833,1,2260.470276289704,1,0,0.0,1,3331.533691779006
4802,76,2412.9062796551625,Rent,0,0.0,0,0.0,0,0,0.0,0,0.0
4803,69,25335.31648635948,Mortgage,1,1131.810542122614,1,3558.8486270696794,0,0,0.0,1,0.0
4804,62,2962.5327836317865,Rent,0,0.0,0,0.0,1,0,0.0,0,0.0
4805,58,32262.91003639526,Mortgage,1,2015.9064652120096,1,3618.9656163201853,0,0,0.0,1,3870.3264653247993
4806,27,22498.760117753845,Rent,1,1286.49017165895,1,3466.488469619835,0,0,0.0,0,0.0
4807,61,46863.61749847055,Mortgage,1,2242.4168908873576,1,37203.787220618164,0,0,0.0,1,0.0
4808,43,34044.25109214983,Mortgage,1,2547.6708814630633,1,9900.195928951835,0,0,0.0,1,4948.57190765334
4809,79,49273.1401380194,Own,1,4911.287467656055,1,35268.49084671129,0,0,0.0,1,5774.294104846635
4810,57,50105.9164310088,Mortgage,1,1289.4956559403483,1,1646.6920319861522,1,0,0.0,1,0.0
4811,88,95486.34556111704,Own,1,5990.696953951652,1,93186.80108740559,1,1,4974.067336298435,1,0.0
4812,31,35277.91895369363,Rent,1,1581.2134521277537,1,258.6679742812298,0,0,0.0,0,0.0
4813,91,586793.5141231775,Own,1,28207.59335732631,1,92544.32016934136,1,1,19352.597948522784,1,15.662493030981054
4814,90,110173.85084853573,Own,1,4238.108740013457,1,80159.4049834982,1,1,7731.46637649175,1,7.852175342491276
4815,73,36209.62625552609,Own,1,4220.215742920148,1,36113.2249159351,0,0,0.0,1,6492.631406529303
4816,57,16388.1209326635,Mortgage,1,336.1299298484397,1,2967.5865366289026,0,0,0.0,1,0.0
4817,66,45712.40805732581,Mortgage,1,1636.0152685503733,1,9407.599001995435,1,0,0.0,1,7.741255245038327
4818,51,63934.26590572997,Mortgage,1,431.42611096173266,1,5217.000281083189,0,0,0.0,1,0.0
4819,61,48867.92972553764,Own,1,1839.137689585036,1,36989.69505227494,0,0,0.0,1,3490.1876006035027
4820,39,11472.585144871402,Rent,1,781.1790970985593,1,2215.580244344284,0,0,0.0,0,0.0
4821,32,525.5206015037594,Rent,0,0.0,0,0.0,0,0,0.0,0,0.0
4822,61,43077.09927316052,Own,1,1888.1863850378143,1,8019.084164623875,1,0,0.0,1,0.0
4823,37,10755.82032755188,Rent,1,883.657172207673,0,0.0,0,0,0.0,0,0.0
4824,62,22083.876143301957,Mortgage,1,1199.372559967247,0,0.0,0,0,0.0,1,0.0
4825,42,47764.08725906728,Rent,1,1458.3080259340177,1,34965.36366295791,0,0,0.0,1,0.0
4826,82,116049.57273808247,Own,1,7493.069887955067,1,80551.06014106784,1,1,5920.483827373114,1,5581.307226545109
4827,60,15824.465763093292,Rent,1,1061.303253165831,1,2435.866193398703,0,0,0.0,1,0.0
4828,73,59645.77340780258,Own,1,3712.086882565792,1,43074.41765801956,1,1,9327.721941196092,1,5876.599955736763
4829,59,35734.858535238454,Mortgage,1,1088.5794218135459,1,2379.44391394333,0,0,0.0,1,0.0
4830,29,7482.485481449799,Rent,0,0.0,0,0.0,0,0,0.0,0,0.0
4831,39,49153.003583804995,Rent,1,1462.3644782579288,1,37985.70946184244,0,0,0.0,0,0.0
4832,86,67659.47610848298,Own,1,8427.06654145852,1,93469.63253237991,1,1,17621.992209443863,1,6543.254496326891
4833,29,6619.447660358761,Rent,0,0.0,0,0.0,0,0,0.0,0,0.0
4834,30,525.5206015037594,Rent,0,0.0,0,0.0,0,0,0.0,0,0.0
4835,58,33889.88577656179,Mortgage,1,1103.1032941318979,1,4831.8101730706385,1,0,0.0,1,0.0
4836,63,120878.9555910872,Own,1,2542.700718277524,1,37124.92442556975,0,0,0.0,1,4044.4833672192412
4837,31,8883.546264118995,Rent,1,316.51972265137306,1,941.0464542391449,0,0,0.0,0,0.0
4838,75,41124.899454667255,Own,1,2177.951361782157,1,9268.715035128504,0,0,0.0,1,3877.47281501093
4839,39,16300.36796401674,Mortgage,1,1533.4986273522418,0,0.0,0,0,0.0,0,0.0
4840,80,120799.19224471555,Own,1,5119.0681572185695,1,44493.24622834148,1,1,8878.656418875165,1,7921.322015360354
4841,28,21038.246074507733,Rent,1,679.0176619648909,1,2130.094508339516,0,0,0.0,0,0.0
4842,87,676456.8413062956,Own,1,40198.37323518962,1,93663.09631130166,1,1,8338.089610707671,1,10498.472995174465
4843,29,8137.421790398419,Rent,0,0.0,1,0.0,0,0,0.0,0,0.0
4844,75,52309.32949365326,Own,1,4414.316862756263,1,34374.757524735425,0,0,0.0,1,0.0
4845,89,112015.77535205835,Own,1,3540.905303082121,1,41209.266583988996,1,1,4447.460042225972,1,0.0
4846,57,11487.236807964517,Rent,1,433.53602582318086,1,2639.293957001152,0,0,0.0,0,0.0
4847,51,43269.21177963514,Mortgage,1,1637.8509125064738,1,4889.0982930767805,0,0,0.0,1,0.0
4848,71,87101.9506375977,Own,1,3404.3127074117756,1,95442.88767219537,1,1,5387.697676300228,1,0.0
4849,76,91595.94251748071,Own,1,1279.1364655883442,1,40025.234328872764,0,0,0.0,1,0.0
4850,31,12442.648645456766,Rent,1,422.2439016787813,1,0.0,0,0,0.0,0,0.0
4851,51,91857.4638237259,Own,1,4566.272771968111,1,90937.02961893367,1,1,8217.137594899812,1,6603.16750765908
4852,44,7723.343607735371,Rent,1,149.35501908301,0,0.0,0,0,0.0,0,0.0
4853,53,41721.639400498345,Rent,1,891.2781959095465,1,1866.1145776638004,0,0,0.0,1,0.0
4854,52,51189.18010945417,Mortgage,1,1835.97007691496,1,4881.804429100965,0,0,0.0,1,0.0
4855,62,52812.46796033834,Own,1,1752.9840642695865,1,38468.51823981264,0,0,0.0,1,4079.7299298924772
4856,38,44100.12590223812,Rent,1,445.41094239559027,1,355.9545564392088,0,0,0.0,0,0.0
4857,76,73729.23868704413,Own,1,7207.425700871372,1,37302.67677338816,0,0,0.0,1,0.0
4858,78,102412.42983805806,Own,1,1816.6113636181394,1,8434.66446333737,0,0,0.0,1,0.0
4859,29,525.5206015037594,Rent,0,0.0,0,0.0,0,0,0.0,0,0.0
4860,62,113939.02912590902,Own,1,5583.659650012743,1,86554.52826483597,0,1,10990.70491483574,1,0.0
4861,73,146726.8099142592,Own,1,2779.5486670769083,1,39237.43691039244,0,1,7132.137980515366,1,5597.086906565897
4862,45,9547.320609556482,Mortgage,1,927.681683575724,1,9820.173188724322,0,0,0.0,1,0.0
4863,34,18697.347800470066,Rent,1,1104.5403129137464,1,1673.133484493273,0,0,0.0,0,0.0
4864,33,37664.15175565043,Rent,1,56.465867332012635,1,891.2981368222379,0,0,0.0,0,0.0
4865,59,50048.91733594357,Mortgage,1,1437.3804831143575,1,3261.6691946261,1,0,0.0,1,0.0
4866,27,2245.681438456504,Rent,0,0.0,0,0.0,0,0,0.0,0,0.0
4867,42,31933.089112439196,Rent,1,1509.5616939057581,1,2560.9561491200348,0,0,0.0,1,0.0
4868,30,42153.72454746044,Rent,1,684.7790502097141,0,0.0,0,0,0.0,0,0.0
4869,61,39437.75318487253,Mortgage,1,1008.1203628404651,1,8043.578834241587,1,0,0.0,1,3466.9040336472517
4870,42,23927.04692354225,Rent,1,1084.5101736441673,1,4550.095115466992,0,0,0.0,0,0.0
4871,37,17265.185262397776,Rent,1,334.9631629176206,1,120.8385516967785,0,0,0.0,0,0.0
4872,77,95864.25434681264,Own,1,5778.859469695354,1,72713.07835658896,0,1,4319.431069101424,1,8244.356954216655
4873,75,60068.60421420588,Own,1,3693.341875898717,1,47791.623524494484,1,1,10422.542150259293,1,6884.119254674383
4874,91,120658.95172977958,Own,1,7869.337329566543,1,36837.61895231924,0,1,7291.529663391782,1,0.0
4875,90,110177.98185049844,Own,1,3020.6156820814012,1,87485.82127299436,1,1,7239.523871914181,1,0.0
4876,64,65420.97045643323,Mortgage,1,1375.4949412215708,1,7639.719331321114,1,0,0.0,1,0.0
4877,69,26431.630924517252,Mortgage,1,1609.0877766045926,1,8334.453217713302,0,0,0.0,1,0.0
4878,28,15589.693182454952,Mortgage,1,1195.300547950894,1,1136.9696902300693,0,0,0.0,0,0.0
4879,41,525.5206015037594,Rent,0,0.0,0,0.0,0,0,0.0,0,0.0
4880,54,44882.631212248656,Mortgage,1,2366.1421489121394,1,8369.08451413932,1,0,0.0,1,4.892253846098381
4881,69,7318.688815119713,Own,1,1370.0311267540137,0,0.0,0,0,0.0,1,0.0
4882,35,2078.625765897239,Rent,0,0.0,0,0.0,0,0,0.0,0,0.0
4883,39,525.5206015037594,Rent,0,0.0,0,0.0,0,0,0.0,0,0.0
4884,43,525.5206015037594,Mortgage,1,891.2945141999282,0,0.0,0,0,0.0,1,0.0
4885,28,4664.684371778703,Rent,1,48.520551567359234,1,0.0,0,0,0.0,0,0.0
4886,39,11982.463020511812,Rent,1,757.475202335635,0,0.0,0,0,0.0,0,0.0
4887,43,20360.94724435333,Rent,1,0.0,1,824.6687427450879,0,0,0.0,0,0.0
4888,79,74674.02246664891,Own,1,3344.116184239749,1,95309.6280122512,1,1,11777.946103305881,1,6.165909310651472
4889,38,9429.344233654036,Rent,1,1531.7416518455484,1,3077.4782523123395,0,0,0.0,0,0.0
4890,70,63210.15153549965,Mortgage,1,2348.793464501436,1,3024.5725114534675,0,0,0.0,1,0.0
4891,63,23381.6166060181,Rent,1,514.2707298635635,1,2869.9355397234485,0,0,0.0,0,0.0
4892,32,15088.762017198453,Rent,0,0.0,0,0.0,0,0,0.0,0,0.0
4893,71,60751.36142351843,Own,1,3439.5173654412465,1,44097.67432190326,0,1,4708.96755513285,1,7.039861335698805
4894,73,77318.58858674961,Mortgage,1,1953.225745996642,1,7809.140348359059,1,0,0.0,1,10.31704075384838
4895,32,24767.573329844345,Rent,1,1869.5404064482711,1,9579.394612950011,0,0,0.0,1,0.0
4896,47,34172.82608539476,Mortgage,1,2173.163087898956,1,3077.126747443782,0,0,0.0,1,0.0
4897,77,127026.20158802994,Own,1,3437.2297083952976,1,40424.33902391849,0,1,6047.828103819105,1,5210.569520841518
4898,56,24326.26757293279,Mortgage,1,1583.5184401497063,1,3014.0745729813407,1,0,0.0,1,0.8429509527368945
4899,48,43649.1371616631,Mortgage,1,1275.026026079357,1,8396.527890755584,1,0,0.0,1,0.0
4900,66,24114.23845098867,Mortgage,1,1386.500763979324,1,9932.314777306929,0,0,0.0,1,0.0
4901,56,30447.640521394085,Own,1,2582.221235764799,1,9353.732072364324,0,0,0.0,1,3793.5442956755355
4902,89,101341.07122010279,Own,1,6292.671748552564,1,80495.01642830741,1,1,4744.458973783375,1,5732.3820829523665
4903,51,19051.132371125706,Mortgage,1,1501.250407783188,1,9822.31670860567,1,0,0.0,1,0.0
4904,76,62720.16659308056,Own,1,1354.4024953349403,1,1089.6844680585164,1,0,0.0,1,0.0
4905,37,525.5206015037594,Rent,0,0.0,0,0.0,0,0,0.0,0,0.0
4906,87,114862.31155238577,Own,1,7231.459111758819,1,95523.005395462,1,1,8008.056516094083,1,7.171783675982669
4907,71,71939.75777856556,Own,1,3772.7757713414494,1,96758.46639356414,1,1,8293.85854908492,1,0.0
4908,39,3773.936426924185,Rent,0,0.0,0,0.0,0,0,0.0,0,0.0
4909,76,30598.755075412562,Own,1,1564.5011269475137,1,32936.70054389397,0,0,0.0,1,0.0
4910,38,33285.3788135798,Mortgage,1,1330.5618210301177,1,2853.026437146298,0,0,0.0,1,0.0
4911,76,90694.31107935299,Own,1,4341.412296383712,1,93753.50024675252,1,1,27645.65325617424,1,0.0
4912,91,640970.2976840232,Own,1,7281.384569632631,1,83777.12785433634,1,1,19267.083842780088,1,4.442687101137702
4913,87,114812.80326318202,Own,1,7793.927053963994,1,92617.50523642224,1,1,7626.607459879354,1,6338.069618601357
4914,68,73609.92892439931,Own,1,1918.812905235702,0,0.0,1,1,7993.704825217632,1,0.0
4915,89,180566.55684312547,Own,1,37369.906656400504,1,91715.52323926982,1,1,7003.988447479895,1,8770.444622826453
4916,53,19386.854673241887,Own,1,481.72729452611986,0,0.0,0,0,0.0,1,0.0
4917,72,48494.313903179616,Mortgage,1,3481.595328717075,1,8785.199975655962,1,1,10946.566018196252,1,5.56361472841489
4918,37,525.5206015037594,Rent,1,902.6417857105336,1,2270.668883794698,0,0,0.0,0,0.0
4919,67,56095.307203264485,Mortgage,1,1321.271008624965,1,7624.575794845116,1,0,0.0,1,0.0
4920,66,45999.58600767142,Mortgage,1,2078.5681320718336,1,8341.984366233744,1,0,0.0,1,4364.086117424782
4921,36,26652.75981604312,Mortgage,1,2216.0325556118887,1,2487.5675288685197,0,0,0.0,1,5.161656471457987
4922,32,7060.548943456746,Rent,1,298.3365752559695,0,0.0,0,0,0.0,0,0.0
4923,29,25802.48772801135,Rent,1,1666.5777264123424,1,3243.235882013594,0,0,0.0,0,0.0
4924,77,92611.17257112789,Own,1,2872.0730719784983,1,91723.2721851771,1,1,15674.147774176943,1,1.683090791106127
4925,41,50447.187592171875,Rent,1,806.50981491629,1,2099.2437223613238,0,0,0.0,1,0.0
4926,43,19211.975706957488,Mortgage,1,732.5495446118459,0,0.0,0,0,0.0,1,9.85645123565517
4927,29,35624.84134120833,Rent,1,1320.4919201878756,1,1839.6259126588343,0,0,0.0,0,0.0
4928,45,31487.10977265766,Mortgage,1,835.9768673422532,1,1687.62280579672,0,0,0.0,1,0.0
4929,86,82063.76467124477,Own,1,28709.91191901831,1,92489.53863709688,1,1,4577.416275433209,1,2.4894174415461707
4930,31,3860.0148024152695,Rent,1,0.0,0,0.0,0,0,0.0,0,0.0
4931,64,29260.364721178023,Mortgage,1,998.7724562224978,1,8116.791180952558,0,0,0.0,1,0.0
4932,60,140912.66527903226,Own,1,6415.590727274299,1,77174.7983472348,1,1,17865.834706248155,1,2.2926423160752663
4933,77,23572.98709562647,Own,1,1859.0642497299395,1,8095.404409693409,0,0,0.0,1,0.0
4934,60,39263.16850570578,Mortgage,1,841.1947043484253,1,8108.927772625703,1,0,0.0,1,0.0
4935,44,22646.02704391751,Rent,1,529.5604832204286,1,2960.3378293486558,0,0,0.0,0,0.0
4936,45,13322.411327334634,Mortgage,1,1239.4854400878512,1,4445.510920967348,0,0,0.0,1,1.3854550127113474
4937,31,9430.140986795683,Rent,1,910.7913233667147,0,0.0,0,0,0.0,0,0.0
4938,68,40306.01327205244,Mortgage,1,1731.6530575587838,0,0.0,1,0,0.0,1,0.0
4939,39,9424.94583110678,Mortgage,1,1195.3291117995848,0,0.0,1,0,0.0,0,0.0
4940,76,85744.90686551032,Own,1,3784.9846998679095,1,96758.46639356414,1,1,19485.083854169894,1,0.0
4941,31,525.5206015037594,Rent,0,0.0,0,0.0,0,0,0.0,0,0.0
4942,66,56317.36497538214,Mortgage,1,2110.254614435708,1,7868.888823428352,1,0,0.0,1,4622.682702635039
4943,45,29895.573544877585,Mortgage,1,1797.867698456063,0,0.0,1,0,0.0,1,0.0
4944,41,15939.042200748063,Rent,1,496.43313248391564,0,0.0,0,0,0.0,0,0.0
4945,49,24344.67338282027,Mortgage,1,1254.2292817504501,1,1060.9920324508248,0,0,0.0,1,0.0
4946,74,48463.02141397514,Own,1,1624.5105159199404,1,36912.788551902784,0,0,0.0,1,0.0
4947,75,34727.135599900656,Own,1,2001.1819287565584,1,36934.63840069225,0,0,0.0,1,4.950626283928328
4948,45,40101.16476236375,Mortgage,1,1846.1187114702027,1,2962.4386733341244,1,0,0.0,1,0.0
4949,33,20889.754314525013,Rent,1,665.1157530782162,1,2570.4880285913796,0,0,0.0,0,0.0
4950,48,22142.051355270632,Rent,1,639.3715381076626,1,1622.5542147348215,0,0,0.0,1,10.34867327948516
4951,43,9886.692732160567,Rent,1,80.18780351156397,0,0.0,0,0,0.0,0,0.0
4952,75,34135.206789815886,Mortgage,1,428.6174421344463,1,8246.423841189871,0,0,0.0,1,0.0
4953,78,47129.87455191233,Own,1,1982.2775377120133,1,46253.6111420328,0,0,0.0,1,0.0
4954,50,44512.80939731499,Mortgage,1,1550.2547782278918,1,3887.4812154622273,0,0,0.0,1,3661.7954494264336
4955,30,3393.39272452174,Rent,1,0.0,1,77.33545569334774,0,0,0.0,0,0.0
4956,31,14013.609486171952,Rent,1,78.0753767411669,1,771.0993823831448,0,0,0.0,1,0.0
4957,31,12088.772653982996,Rent,0,0.0,0,0.0,0,0,0.0,0,0.0
4958,61,23539.226093164758,Mortgage,1,5881.232802219782,1,9577.417112334508,0,0,0.0,1,0.0
4959,28,18349.410722870867,Rent,1,542.0188423619877,1,2029.8741672874576,0,0,0.0,0,0.0
4960,33,21166.144989369397,Rent,1,711.1094708492611,1,1910.386877969795,0,0,0.0,0,0.0
4961,29,18895.934746320465,Rent,1,688.2500798749497,1,1662.9217254455775,0,0,0.0,0,0.0
4962,91,681737.378148849,Own,1,9246.698769599489,1,93523.99612138375,1,1,31431.200046534726,1,28.833616681419045
4963,73,93920.57066189147,Own,1,10441.45543143824,0,0.0,1,1,8323.918607110583,1,1.1515998673224779
4964,28,32362.597112604097,Rent,1,132.4551320899135,0,0.0,0,0,0.0,0,0.0
4965,63,37476.067805758714,Mortgage,1,2403.0006987267598,1,2110.4999471626197,1,0,0.0,1,14.489490334594603
4966,65,35129.30265180416,Mortgage,1,2096.325032991277,0,0.0,1,0,0.0,1,2.2671009014349517
4967,62,33305.665145461484,Mortgage,1,1752.1744605452009,1,8658.086913429155,1,0,0.0,1,0.0
4968,45,21529.777053917776,Own,1,1826.2825319264684,0,0.0,0,0,0.0,1,0.0
4969,41,53454.782550669035,Own,0,0.0,0,0.0,0,1,12.955082205203926,0,0.0
4970,75,58276.51339887579,Own,1,4061.391564306806,1,37764.8218917686,0,0,0.0,1,0.0
4971,56,26886.306032368546,Mortgage,1,1851.2592687862955,1,2067.2542544907947,0,0,0.0,1,4.199848918718015
4972,29,20013.750658219946,Rent,1,2216.266039326357,0,0.0,0,0,0.0,1,0.0
4973,90,103567.78870055883,Own,1,10855.548179048299,1,43014.10498248532,1,1,8139.941032638816,1,0.0
4974,67,40635.19549751095,Mortgage,1,2151.2718997138977,1,7263.552044251619,1,0,0.0,1,2309.319531092114
4975,66,81117.26109950933,Own,1,5551.737936459883,1,91109.15328251997,1,1,18928.646374161937,1,0.0
4976,54,11239.339848584958,Rent,1,359.0415537529527,0,0.0,0,0,0.0,0,0.0
4977,88,76350.42244767181,Own,1,7450.017872456703,1,92596.22992950681,1,1,12345.997459807073,1,15889.787199823812
4978,32,525.5206015037594,Rent,0,0.0,0,0.0,0,0,0.0,0,0.0
4979,40,21898.51436763954,Rent,1,614.9092438412335,1,161.6583651138576,0,0,0.0,0,0.0
4980,64,17139.83113460579,Mortgage,1,1921.0888448750904,1,1686.7341109916779,0,0,0.0,0,0.0
4981,39,4550.8218437300675,Rent,1,245.98171403871902,1,426.41602589008767,0,0,0.0,0,0.0
4982,57,30012.777270708175,Mortgage,1,1338.3720439320346,1,2702.8734807352603,1,0,0.0,1,0.0
4983,53,21368.740293848743,Mortgage,1,901.6307866864149,1,4857.452186522308,0,0,0.0,1,0.0
4984,76,48196.00460477795,Own,1,2578.3966515013467,1,45992.87785226956,0,1,9842.560141485666,1,0.0
4985,31,19659.47054278979,Rent,1,691.917245301288,1,1728.1947172323244,0,0,0.0,0,0.0
4986,48,35448.94420363657,Mortgage,1,1379.650668680166,1,4428.756775254404,0,0,0.0,1,0.0
4987,57,77814.63114980662,Mortgage,1,2253.7058073712424,1,9392.165279521638,0,0,0.0,1,3604.094805098069
4988,42,11878.873497620416,Rent,1,723.9256292566854,0,0.0,0,0,0.0,0,0.0
4989,78,38697.80719719603,Own,1,1793.157903389185,1,34117.04036907779,0,0,0.0,1,0.0
4990,63,28830.67760232374,Mortgage,1,2477.0524021941355,1,8287.318192292354,1,0,0.0,1,0.0
4991,63,32590.893962227707,Mortgage,1,2139.033679823847,1,8724.26525665897,1,0,0.0,1,3302.273563947765
4992,41,17948.46891472947,Rent,1,169.9475895421781,1,1869.7838350852094,0,0,0.0,0,0.0
4993,33,8922.900217685528,Rent,0,0.0,0,0.0,0,0,0.0,0,0.0
4994,91,41897.275753846494,Own,1,11055.443670850964,1,82114.29028091156,1,1,9840.19687664087,1,0.0
4995,30,525.5206015037594,Rent,0,0.0,0,0.0,0,0,0.0,0,0.0
4996,88,147633.26148138675,Own,1,5364.162047447879,1,41254.65072139989,1,1,9940.116899076536,1,8.004936221053097
4997,55,15666.21241108976,Mortgage,1,1957.7902892825618,1,3087.4069313010555,1,0,0.0,1,3433.2297220396094
4998,61,29058.0505932553,Mortgage,1,1557.9257948909722,1,3976.315379935716,1,0,0.0,1,0.0
4999,29,17795.406626270684,Rent,1,128.07802731494735,1,2741.21372252461,0,0,0.0,0,0.0
5000,91,536653.6256465104,Own,1,10297.356588877004,1,92862.87807994543,1,1,37264.549026892026,1,8.57403682658049
5001,74,48008.33666878485,Mortgage,1,1167.0018545627456,1,2102.4674928289264,0,0,0.0,1,4.634193393068514
5002,79,43153.31606913609,Own,1,1622.6014382285507,1,36660.373561383836,0,0,0.0,1,0.0
5003,60,38916.38129473165,Mortgage,1,3475.1543620006246,1,8500.246909778758,1,0,0.0,1,0.0
5004,30,6769.577251312259,Rent,1,0.0,0,0.0,0,0,0.0,0,0.0
5005,82,85263.76870588769,Own,1,3506.5012546145167,1,96319.81146199192,0,1,12602.26563740602,1,0.0
5006,28,33458.076181904784,Rent,1,1074.231796847795,1,2802.12040213458,0,0,0.0,0,0.0
5007,63,40996.16445509929,Mortgage,1,1832.6366191639725,1,1757.222793085385,0,0,0.0,1,0.0
5008,55,19468.508024102342,Mortgage,1,677.3969487592043,1,3141.0371750285103,0,0,0.0,1,2473.9852621653167
5009,39,16162.696105083513,Rent,0,0.0,0,0.0,0,0,0.0,0,0.0
5010,39,28892.95325736403,Mortgage,1,641.7541576253491,0,0.0,1,0,0.0,1,0.0
5011,62,47948.89627169634,Mortgage,1,1531.8130108272858,1,3999.1394684337997,0,0,0.0,1,3.757576287936551
5012,79,33571.38043295574,Own,1,5216.101997700292,1,38296.21313106548,0,0,0.0,1,2738.420365845689
5013,58,7757.101085959817,Rent,1,207.40074300736023,1,470.9002453727892,0,0,0.0,1,0.0
5014,65,61994.04338597149,Mortgage,1,1088.4039147884364,1,7725.829023153876,1,0,0.0,1,1.070164173874275
5015,50,44856.56350143886,Mortgage,1,2904.526630672805,1,3034.1886159635196,1,0,0.0,1,0.0
5016,56,56440.01475313813,Mortgage,1,2180.682889024357,1,3422.0692720999987,0,0,0.0,1,0.0
5017,44,525.5206015037594,Rent,1,239.94934992205162,1,2326.4523477563507,0,0,0.0,0,0.0
5018,77,60170.28986217851,Own,1,2193.944172908128,1,36395.550111923345,0,0,0.0,1,6.084662791080789
5019,66,74334.2137729607,Own,1,1870.6432977006532,1,41465.508072787445,0,1,0.0,1,0.0
5020,88,100778.49030668482,Own,1,8727.785097793238,1,75346.13262040373,1,1,9391.69064763252,1,0.0
5021,30,27873.951238303714,Rent,1,1128.9644901797942,1,735.9243398497547,0,0,0.0,0,0.0
5022,89,114821.32998283992,Own,1,5003.503941950465,1,74970.3265619773,1,1,11671.181415371853,1,0.0
5023,75,96737.80197329214,Own,1,4168.922599954722,1,93433.19574469254,0,1,4521.667565232435,1,0.0
5024,41,20561.093062871758,Mortgage,1,1133.8214877714763,1,3243.949836041488,0,0,0.0,1,0.0
5025,55,24792.84447998564,Mortgage,1,1106.9459976659575,1,8915.730890765099,1,0,0.0,1,3250.630650429149
5026,29,18656.893850186858,Rent,1,338.2954908810731,0,0.0,0,0,0.0,0,0.0
5027,38,18241.37943414045,Rent,1,1637.0775340787834,1,0.0,0,0,0.0,0,0.0
5028,37,5030.291856394588,Rent,1,462.518460827214,1,1281.1589738391233,0,0,0.0,0,0.0
5029,62,25080.798094853704,Mortgage,1,1329.4373441633434,1,8919.270385476708,0,0,0.0,1,0.0
5030,64,41618.70545241385,Mortgage,1,2257.79253235759,1,41238.249683503855,0,0,0.0,1,1.3643323694370482
5031,62,63274.37133695885,Mortgage,1,1896.7882092544066,1,9873.131627551867,0,0,0.0,1,2264.595950550679
5032,91,70820.59932988329,Own,1,7282.985881971057,1,94398.86043689027,1,1,23680.35483113676,1,4.150094749631733
5033,43,16430.267964663995,Mortgage,1,1389.7042739534186,0,0.0,0,0,0.0,1,0.0
5034,90,109591.17477211915,Own,1,7946.670553871408,1,90453.10505589707,1,1,13882.454450763966,1,0.0
5035,30,8407.508910215609,Rent,1,185.49370537117886,0,0.0,0,0,0.0,0,0.0
5036,84,89759.02510341333,Own,1,4645.25738553665,1,44463.76136321255,0,1,10148.454709383266,1,6696.963021719501
5037,72,104498.10096162654,Own,1,3552.8217819893757,1,8557.75162751583,0,1,2.551094525862145,1,0.0
5038,53,65247.23311627013,Mortgage,1,2552.94288462595,1,8368.257768541669,1,0,0.0,1,2595.4345083231347
5039,71,65621.85710240947,Own,1,865.1919637907088,1,36456.665708239336,0,0,0.0,1,2483.620183527229
5040,52,11554.638523259895,Mortgage,1,295.9106031450124,0,0.0,0,0,0.0,1,0.0
5041,62,19489.419727047967,Mortgage,1,878.6760992428596,1,1538.688666306289,0,0,0.0,1,0.0
5042,76,33458.01392462075,Own,1,1266.6326315847818,1,801.5400534817866,0,0,0.0,1,9.676277103543214
5043,65,36889.669509234256,Mortgage,1,2390.3791517763734,1,40593.92804458515,0,0,0.0,1,0.0
5044,87,82997.02245212653,Own,1,6337.8385105198195,1,70823.1267689776,1,1,5987.804700564699,1,6.597808479531253
5045,91,111235.26629181711,Own,1,4947.8296346162715,1,93049.52403122593,1,1,6863.846664445821,1,5168.421476584832
5046,71,49464.01403072501,Mortgage,1,2355.031448478665,0,0.0,1,0,0.0,1,0.0
5047,75,127302.25754461304,Own,1,6661.053354511597,1,40468.50951563747,0,1,7383.19168713228,1,5553.150319796763
5048,41,14317.546419307992,Rent,1,442.33015994946544,1,563.4280972485572,0,0,0.0,0,0.0
5049,70,42449.74017442812,Own,1,2314.756985477962,1,43068.49855831583,0,0,0.0,1,7.512304164902396
5050,89,89319.59720893376,Own,1,6956.214703918826,1,91446.43190514625,1,1,7219.087113263702,1,0.0
5051,28,6658.655508911801,Rent,0,0.0,0,0.0,0,0,0.0,0,0.0
5052,87,25192.751796600787,Own,1,32258.903577171743,1,44433.6719593574,1,1,7879.674269382605,1,11.246403015380537
5053,85,593079.9077776584,Own,1,26795.85424453337,1,93283.77559261525,1,1,4540.699968969672,1,3.159268937846871
5054,46,15464.626168170937,Rent,1,346.17135975125757,1,1606.8984987439121,0,0,0.0,0,0.0
5055,50,27227.7437897575,Rent,1,1426.9830713856786,1,2870.756510099614,0,0,0.0,0,0.0
5056,43,25278.637636198906,Mortgage,1,2544.0891230635216,1,4253.298641231857,0,0,0.0,1,0.0
5057,78,156606.88125567092,Own,1,9136.09361457071,1,93138.58071968489,1,1,34493.523183811514,1,5.763948550566848
5058,32,4106.31373058429,Rent,1,321.60223056292443,1,390.06773699139444,0,0,0.0,0,0.0
5059,91,103229.9463743568,Own,1,7065.842219958849,1,95496.7656970406,1,1,23043.33860101425,1,10913.720567378934
5060,36,33710.25656362093,Rent,1,1968.4960875782879,1,377.86660018028465,0,0,0.0,0,0.0
5061,46,38996.894047428104,Rent,1,499.69255598411075,0,0.0,0,0,0.0,1,0.0
5062,88,449742.51023672894,Own,1,4605.997354563341,1,93629.56156784846,0,1,4157.994820083946,1,6.840307988770278
5063,61,52431.66900685674,Own,1,3770.031286360283,1,9251.009927592413,1,1,0.0,1,6207.002827104031
5064,28,525.5206015037594,Rent,0,0.0,0,0.0,0,0,0.0,0,0.0
5065,42,13701.584521417626,Rent,1,894.2893726199012,1,2067.9724448329243,0,0,0.0,0,0.0
5066,91,719318.329642605,Own,1,6071.06631289237,1,91473.52261100557,1,1,8340.547602919538,1,13.065079497409817
5067,45,34733.88500391827,Mortgage,1,2022.337147140926,1,9026.592088951098,1,0,0.0,1,5447.455744769153
5068,28,11942.398881122432,Rent,1,543.8610468332254,1,2166.050229724035,0,0,0.0,0,0.0
5069,40,38365.55783091798,Mortgage,1,303.81401435802456,1,1252.5593347809802,0,0,0.0,1,0.0
5070,88,170595.2114192797,Own,1,4802.3871924569585,1,94271.15856015224,1,1,4364.46437711584,1,0.0
5071,46,25352.626869033567,Mortgage,1,1298.4798946807907,1,2315.8815423960314,0,0,0.0,1,6.564819759295193
5072,29,7454.42606578063,Rent,1,492.7550771934874,1,0.0,0,0,0.0,0,0.0
5073,60,24816.30792354515,Mortgage,1,1156.9184230498336,1,3172.017887097369,1,0,0.0,1,5.974769476619025
5074,62,29957.61650056114,Mortgage,1,2388.1965645908926,1,8856.795750464527,1,0,0.0,1,0.0
5075,45,10378.07048765998,Mortgage,1,1600.8006247072933,0,0.0,0,0,0.0,1,4834.3730307418655
5076,45,2174.2930538335695,Mortgage,1,240.5746083872325,1,1398.7181768705668,0,0,0.0,0,0.0
5077,61,32646.11647935317,Mortgage,1,2262.777641878558,1,9472.519678952734,0,0,0.0,1,0.0
5078,79,32260.943662842255,Own,1,1690.7735846328605,1,8270.619094492642,0,1,18.289795849799525,1,9.348221189423358
5079,80,755658.962413849,Own,1,34630.24675735131,1,96194.80639274402,1,1,7503.969525400645,1,19.63418576099046
5080,32,525.5206015037594,Rent,0,0.0,0,0.0,0,0,0.0,0,0.0
5081,32,8876.811609466165,Rent,1,303.6700967511888,1,267.4992217076849,0,0,0.0,0,0.0
5082,61,19884.06630849188,Mortgage,1,1809.5774582521885,1,1238.7731151834782,0,0,0.0,1,0.0
5083,61,39743.37766229537,Mortgage,1,1199.785369291962,1,8953.273783257053,1,0,0.0,1,0.0
5084,39,11280.632098083395,Rent,1,431.39726833662553,1,1766.149264740535,0,0,0.0,0,0.0
5085,29,525.5206015037594,Rent,0,0.0,0,0.0,0,0,0.0,0,0.0
5086,46,41687.768988514516,Mortgage,1,514.6095125010922,1,8965.357959566165,0,0,0.0,1,3438.510188260998
5087,74,64059.526989859645,Own,1,1520.5509631847576,1,0.0,0,0,0.0,1,0.0
5088,60,59833.156901431925,Own,1,3271.7228080366795,1,35529.183523735686,0,1,0.0,1,7.09101725630889
5089,65,39944.94960174346,Mortgage,1,362.71491029605306,0,0.0,0,0,0.0,1,0.0
5090,65,118584.83165788566,Own,1,3845.5530038048387,1,91624.31483868549,1,1,15212.54422392993,1,0.0
5091,59,60960.44869528656,Mortgage,1,1599.222730787384,1,8733.67671284719,1,0,0.0,1,5138.5760490172215
5092,30,11269.77720761425,Rent,1,413.2526270278147,1,183.23921896694856,0,0,0.0,0,0.0
5093,27,8661.855509694355,Rent,1,1181.7854730423467,0,0.0,0,0,0.0,0,0.0
5094,39,15227.509065018376,Rent,1,1557.0104585098131,1,1538.0823158095857,0,0,0.0,0,0.0
5095,59,41218.94020487966,Own,1,2055.059889723617,1,8646.279954838365,1,0,0.0,1,6901.655308204416
5096,91,103905.72228187126,Own,1,4247.105285513179,1,90777.38594615825,1,1,4170.5520434853515,1,8714.052821173713
5097,87,745590.5722983632,Own,1,19517.501464781675,1,77104.53391724637,1,1,4691.8930730531765,1,10439.193012671418
5098,69,29036.415676746336,Mortgage,1,3679.6715472072206,1,2759.8746120071437,0,0,0.0,1,0.0
5099,87,90266.16817201479,Own,1,3870.3759464202276,1,72530.10215414086,1,1,28499.521930684743,1,2548.4809859652446
5100,42,14505.71430794931,Rent,0,0.0,0,0.0,0,0,0.0,0,0.0
5101,91,56366.88337239821,Own,1,2847.2565669379856,1,91944.72161889597,1,1,9926.295460958732,1,0.0
5102,71,25835.069789770812,Mortgage,1,2363.4957608942113,1,8107.437898284933,1,0,0.0,1,6148.266633600721
5103,41,13288.21046643989,Rent,1,284.5145155219992,1,738.4518272379546,0,0,0.0,0,0.0
5104,82,593297.7738435664,Own,1,3219.042194632403,0,0.0,1,1,8043.26105768438,1,0.0
5105,90,73625.88224323415,Own,1,3052.5489953684837,1,88774.40500161728,1,1,10528.283442701359,1,7847.862300624383
5106,38,50427.25383043398,Rent,1,959.9648445122427,1,3511.556650796064,0,0,0.0,1,0.0
5107,30,25062.801044955013,Rent,1,326.03548389086563,1,104.25510013245867,0,0,0.0,0,0.0
5108,72,29599.19356873793,Mortgage,1,2619.9991540934416,1,2476.520807804755,0,0,0.0,1,0.0
5109,30,525.5206015037594,Rent,0,0.0,0,0.0,0,0,0.0,0,0.0
5110,41,12337.990300293357,Mortgage,1,1197.0048338449033,1,2888.134940231127,1,0,0.0,1,2036.2467337194525
5111,28,15680.648767319304,Rent,1,871.1506088869379,1,2222.4182878060255,0,0,0.0,0,0.0
5112,39,10422.20027482244,Rent,1,294.7300650427793,1,1467.8951535252886,0,0,0.0,0,0.0
5113,43,11498.98775535608,Rent,1,1246.2860247245667,1,0.0,0,0,0.0,0,0.0
5114,86,59043.85841504185,Own,1,31503.77497068494,1,92843.82773106916,1,1,12486.94086784856,1,31.6802416109006
5115,29,525.5206015037594,Rent,0,0.0,0,0.0,0,0,0.0,0,0.0
5116,38,525.5206015037594,Rent,0,0.0,0,0.0,0,0,0.0,0,0.0
5117,31,8447.808147154159,Rent,1,735.643359432635,1,1909.1948239787407,0,0,0.0,0,0.0
5118,63,37031.772270357615,Mortgage,1,2533.249145519228,1,9558.432878828815,0,0,0.0,1,3113.6197725669667
5119,53,40411.186032895406,Mortgage,1,1643.9963151905401,1,8513.594786048005,1,0,0.0,1,3234.874649967851
5120,74,180437.89862802363,Own,1,41379.92778948014,1,83283.86424861383,1,1,7674.307481022922,1,9.030272905041205
5121,89,73934.51447609992,Own,1,6297.322068005519,1,92916.13989556696,1,1,17249.413416956184,1,9.394942568962783
5122,69,144460.49193040677,Own,1,4678.14910143604,1,36554.94934244401,0,0,0.0,1,5261.240350521169
5123,46,19842.65082467057,Rent,1,332.338897759052,1,2675.1955992765725,0,0,0.0,0,0.0
5124,29,10159.302934552961,Rent,1,0.0,0,0.0,0,0,0.0,0,0.0
5125,67,38383.74879694728,Mortgage,1,1702.0787668673781,1,36131.34658951647,0,0,0.0,1,2539.02760782801
5126,61,33661.29913221925,Mortgage,1,1705.738655757629,1,8511.94254347437,1,0,0.0,1,0.0
5127,76,92437.88666612701,Own,1,4293.348462484001,1,70687.820627587,1,1,17081.13534890404,1,5616.4378054992285
5128,91,127711.67834845855,Own,1,4386.109001738372,1,38640.62362936311,0,1,5621.5448801915445,1,2229.9587928103256
5129,75,37361.12330491087,Own,1,6392.98892975197,1,1473.8126758448673,0,0,0.0,0,0.0
5130,39,10596.957507268386,Rent,1,426.2562772743703,1,3266.0494860650488,0,0,0.0,0,0.0
5131,44,28907.83785130529,Mortgage,1,1246.0984393460194,1,5379.401048486601,0,0,0.0,1,0.0
5132,60,15381.103848768014,Own,1,848.0250834682327,0,0.0,0,0,0.0,1,0.0
5133,76,40965.578778245785,Own,1,2241.181369379857,1,37311.80662369159,0,0,0.0,1,0.0
5134,30,123299.10665612677,Rent,1,332.93076261114777,1,576.5404259793866,0,0,0.0,0,0.0
5135,81,137191.59404987405,Own,1,2429.860910122621,1,34338.07377599719,0,0,0.0,1,5767.41858864979
5136,74,88137.561520408,Own,1,2459.4332480795247,1,35289.372177429854,0,0,0.0,1,0.0
5137,38,9646.430428559637,Rent,1,1218.7542837665692,1,1827.6592138914007,0,0,0.0,0,0.0
5138,31,525.5206015037594,Rent,1,477.51893092877833,0,0.0,0,0,0.0,0,0.0
5139,64,15789.748825379393,Mortgage,1,1497.7418631200626,1,7614.0944536243915,1,0,0.0,1,3575.5527461016627
5140,89,76884.59600994224,Own,1,2797.8719918701827,1,95846.77374577796,1,1,5411.311299037024,1,16.080080817428357
5141,69,39760.78847311289,Own,1,1335.9982365398944,1,36046.51258975049,0,0,0.0,1,0.0
5142,86,65717.04572754713,Own,1,5924.418534841335,1,80179.11522125539,1,1,31529.984154968046,1,5.848721977096527
5143,49,3601.716957764682,Rent,1,784.9779456575586,1,2841.1414891729964,0,0,0.0,0,0.0
5144,44,21928.319481036775,Rent,1,704.5100802272218,1,3185.8095328558456,0,0,0.0,0,0.0
5145,33,9996.786362330713,Rent,1,749.5369346919733,1,2073.649686461683,0,0,0.0,0,0.0
5146,49,44502.73473990187,Mortgage,1,1560.705696802169,1,9356.354557195415,1,0,0.0,1,0.0
5147,56,16926.356994255813,Rent,1,637.4692399088067,1,2565.398335581626,0,0,0.0,1,0.0
5148,60,42119.66389354637,Mortgage,1,1984.0732512490908,1,4033.094912311527,1,0,0.0,1,9.527399076702325
5149,30,25746.946135131217,Rent,1,524.2881340960821,1,2969.136579291035,1,0,0.0,1,0.42943243844755363
5150,63,52175.134327851796,Mortgage,1,2082.059346922428,1,7751.831205869087,1,0,0.0,1,2196.1360367804173
5151,39,33363.84867867687,Own,1,1407.5479486468025,1,0.0,1,0,0.0,1,0.0
5152,55,34121.345128978886,Mortgage,1,2813.385397193845,1,1526.7265105001366,1,0,0.0,1,0.0
5153,27,10196.289980800713,Rent,1,1082.6634625127565,0,0.0,0,0,0.0,0,0.0
5154,60,16243.886522959121,Own,1,2292.189063862502,1,35934.875207226956,0,0,0.0,1,20.156640581435603
5155,38,31616.246156576493,Own,1,2515.97882381631,1,8547.428861246954,0,0,0.0,0,0.0
5156,39,3834.773058935074,Rent,1,827.9690715364801,1,482.07482610256966,0,0,0.0,0,0.0
5157,69,4003.753250380212,Rent,1,243.14816253690378,0,0.0,0,0,0.0,1,0.0
5158,57,72012.07919491835,Own,1,1283.8879226435215,1,92554.19838787438,1,0,0.0,1,0.0
5159,68,56541.302092931524,Own,1,1428.5590341143047,1,8250.857712538596,1,0,0.0,1,3674.833922754712
5160,49,45279.513769793455,Mortgage,1,2030.6997273665972,1,3794.4354303841524,0,0,0.0,1,0.0
5161,66,15449.4607169374,Mortgage,1,1226.1176761360484,0,0.0,0,0,0.0,1,0.0
5162,74,16912.334974449102,Mortgage,1,1046.2253562081537,0,0.0,0,0,0.0,1,0.0
5163,38,10166.469229651502,Rent,1,691.1495468227706,1,2062.605931392688,0,0,0.0,0,0.0
5164,34,4258.72587018454,Rent,0,0.0,0,0.0,0,0,0.0,0,0.0
5165,41,4226.431816097813,Rent,0,0.0,0,0.0,0,0,0.0,0,0.0
5166,31,20329.74312841431,Rent,1,187.13667113496547,0,0.0,0,0,0.0,0,0.0
5167,51,8409.186585848107,Mortgage,1,1293.2306487913397,0,0.0,0,0,0.0,1,0.0
5168,44,17125.41263214414,Mortgage,1,706.1080680448886,1,2694.1931406616063,0,0,0.0,0,0.0
5169,39,36197.25522288205,Mortgage,1,2392.741897191445,1,2791.3677284127816,0,0,0.0,1,0.0
5170,36,525.5206015037594,Rent,1,195.98515115015584,1,691.4522602526235,0,0,0.0,0,0.0
5171,68,15613.25330345302,Mortgage,1,904.1698815086896,1,3817.5692200229714,0,0,0.0,1,1.075080066405696
5172,31,20178.544992052117,Rent,1,566.6514489670525,1,1060.7019627607592,0,0,0.0,0,0.0
5173,66,13036.99367822711,Mortgage,1,659.2638875288726,0,0.0,0,0,0.0,1,0.0
5174,74,136700.86742523083,Own,1,2059.4192164463952,1,34876.05144410806,0,0,0.0,1,0.0
5175,76,761639.5459802008,Own,1,35352.19516440225,1,91953.49128985814,1,1,5529.7089106471485,1,5.66818689396719
5176,39,7533.3626991901,Rent,1,425.22202092857196,0,0.0,0,0,0.0,0,0.0
5177,50,5802.7893236827695,Rent,1,127.72931524910302,1,2486.7738608571553,0,0,0.0,0,0.0
5178,74,98224.26863653178,Own,1,6413.850622542843,1,8771.546640493656,1,1,9234.326335301947,1,0.0
5179,70,42923.48667113529,Mortgage,1,2914.2726546833073,1,8532.1109286762,1,0,0.0,1,0.0
5180,87,60790.20448628896,Own,1,2451.2152992614656,1,79146.51755963876,0,1,7851.766404228514,1,5098.241417003993
5181,78,208585.50358337042,Own,1,5100.132938756148,1,91478.6862362358,1,1,17224.117139287904,1,6526.263153229218
5182,29,525.5206015037594,Rent,0,0.0,0,0.0,0,0,0.0,0,0.0
5183,30,5368.123318587019,Rent,1,258.46460123236704,1,0.0,0,0,0.0,0,0.0
5184,59,63281.58954375036,Own,1,1313.8322300008626,1,1760.9471502586987,0,0,0.0,1,3367.8167807451987
5185,47,19470.03203769519,Mortgage,1,1941.387330023992,1,2270.841014956293,1,0,0.0,1,0.0
5186,57,24741.512634868093,Mortgage,1,1718.317158106406,1,7148.7170364829035,1,0,0.0,1,0.0
5187,45,22084.86981037966,Rent,1,699.8617336135817,1,2471.3320413727993,0,0,0.0,1,12.687544758252995
5188,59,48957.674927273634,Mortgage,1,2036.699617103121,1,5049.809409134002,0,0,0.0,1,0.0
5189,49,36547.959077004794,Mortgage,1,1151.285342651401,1,3872.500412730844,0,0,0.0,1,6.429030086682266
5190,46,20626.039187307477,Mortgage,1,2084.0379301826306,1,4902.239903144266,0,0,0.0,1,2329.6696574208304
5191,84,108191.3725040808,Own,1,6557.484937076554,1,71106.93109444938,0,1,3891.0690807388314,1,0.0
5192,30,15023.875483607335,Rent,1,483.62124432170447,1,0.0,0,0,0.0,0,0.0
5193,64,32140.027461299465,Own,1,2118.5413461932003,1,8425.922151798883,1,0,0.0,1,3375.1928663319154
5194,41,15270.416116443579,Mortgage,1,584.218853599411,1,3356.3583707288362,0,0,0.0,0,0.0
5195,59,53784.598298648314,Mortgage,1,1167.2709980625145,0,0.0,0,0,0.0,1,0.0
5196,68,21614.30027225864,Own,1,951.0638962691193,0,0.0,1,0,0.0,1,10.792145409070562
5197,86,144700.78450758883,Own,1,2998.7995858582653,1,41118.988533138494,0,0,0.0,1,5560.6040670679595
5198,63,14054.750586461501,Mortgage,1,1789.3388824700319,1,9354.690002263811,1,0,0.0,1,0.8520340522983626
5199,52,23089.428850954842,Mortgage,1,856.3894927710878,1,3220.0667264650583,0,0,0.0,1,2469.361725551289
5200,29,33870.5792569956,Rent,0,0.0,0,0.0,0,0,0.0,0,0.0
5201,29,525.5206015037594,Rent,0,0.0,0,0.0,0,0,0.0,0,0.0
5202,54,14958.453455964926,Rent,1,423.79108983194067,0,0.0,0,0,0.0,0,0.0
5203,90,94829.43705031261,Own,1,7581.209032536835,1,79323.7947035285,1,1,12753.56450818192,1,14.764062419323775
5204,72,111584.56526328406,Own,1,3587.1957668092564,1,36674.06014054326,0,0,0.0,1,0.0
5205,89,88436.71719391011,Own,1,11453.323494417395,1,74996.52699036605,1,1,20032.456268988237,1,19.254112850324468
5206,30,46170.855777368546,Mortgage,1,790.0405208328038,1,7787.605323033497,1,0,0.0,1,3.962674813705577
5207,62,37235.20560053732,Mortgage,1,529.8504461687392,1,9025.733606235604,1,0,0.0,1,3.5015926799768606
5208,66,28135.63279262922,Own,1,1347.1453317223509,1,36633.53926057257,0,0,0.0,1,0.0
5209,63,20379.337025447072,Mortgage,1,2241.2299660806443,1,8872.330461142734,1,0,0.0,1,0.3985780100628694
5210,28,525.5206015037594,Rent,0,0.0,0,0.0,0,0,0.0,0,0.0
5211,28,22428.1928326221,Rent,0,0.0,0,0.0,0,0,0.0,0,0.0
5212,32,6970.499578182436,Rent,1,0.0,1,0.0,0,0,0.0,0,0.0
5213,37,2628.386595081405,Rent,1,1389.7758269535677,0,0.0,0,0,0.0,0,0.0
5214,45,13064.74443916247,Mortgage,1,696.2396643408435,1,2049.2199716397886,0,0,0.0,0,0.0
5215,64,34247.99563220389,Mortgage,1,1698.265572485765,1,9569.971091362222,1,0,0.0,1,3467.8287110374104
5216,58,25445.71069417196,Mortgage,1,1659.531109800318,1,7873.568973547105,1,0,0.0,1,0.0
5217,32,12648.75160991924,Rent,1,718.8747566219549,1,3819.2053953890236,0,0,0.0,0,0.0
5218,61,24412.670068821528,Mortgage,1,1828.636041435113,1,8225.398885718392,1,0,0.0,1,2576.502881351999
5219,39,25269.20945682279,Rent,1,282.90169266559906,1,139.39786160649146,0,0,0.0,0,0.0
5220,47,31825.300525055405,Mortgage,1,1579.8044222432902,1,43027.88774590348,0,0,0.0,1,3275.618625853648
5221,74,112733.81351016086,Own,1,1882.9219787773445,1,7258.213127662916,0,0,0.0,1,0.0
5222,42,7149.683087921116,Rent,1,121.54026711776555,0,0.0,0,0,0.0,0,0.0
5223,32,4623.023241762847,Rent,0,0.0,0,0.0,0,0,0.0,0,0.0
5224,34,63993.331704076976,Mortgage,1,1819.2193276265014,1,2284.0438762646104,0,0,0.0,1,6.070097090871848
5225,66,35689.15638157592,Mortgage,1,1809.1822933986443,1,9129.137530048967,0,0,0.0,1,0.23030210445934063
5226,57,22735.814009528258,Mortgage,1,1525.3913381355273,1,9608.995671030085,1,0,0.0,1,4320.399683355504
5227,67,11887.06693062005,Mortgage,1,1486.1870369736607,0,0.0,0,0,0.0,1,0.0
5228,65,50037.86860718806,Own,1,2132.66643537793,1,36552.946535169736,0,0,0.0,1,0.0
5229,43,37685.38904203052,Rent,1,618.02707942042,1,1944.4834365211732,1,0,0.0,0,0.0
5230,29,11415.475017896917,Rent,1,345.4462750692612,1,809.7090928446228,0,0,0.0,0,0.0
5231,28,28847.096930798187,Mortgage,1,513.98720922291,1,2896.3174990119846,0,0,0.0,1,0.0
5232,57,29736.088754172943,Mortgage,1,2086.6410109400326,1,9864.463221771859,0,0,0.0,1,0.0
5233,40,15901.520120371593,Rent,1,403.6154962582864,0,0.0,0,0,0.0,0,0.0
5234,43,12470.330880976155,Rent,1,793.0863581926693,0,0.0,0,0,0.0,0,0.0
5235,46,23285.674424600642,Mortgage,1,1328.146517144226,1,1658.0336281113541,0,0,0.0,1,2.58636457943453
5236,28,13983.23268451402,Mortgage,1,1805.444105132538,1,1834.6849657353314,0,0,0.0,1,0.0
5237,73,135227.74457504973,Own,1,3931.476319381714,1,83831.85980896818,1,1,6450.880925787997,1,0.0
5238,91,170446.59684290842,Own,1,36042.55421544731,1,75120.24754502824,1,1,19766.429003004945,1,17.443846877438006
5239,52,32600.26807210371,Mortgage,1,694.6916001645409,1,2832.8015717238754,0,0,0.0,1,0.0
5240,32,5830.007851196615,Rent,1,366.3624976085249,1,1120.905625251485,0,0,0.0,0,0.0
5241,40,4973.2403825303845,Rent,1,201.67187659545743,0,0.0,0,0,0.0,0,0.0
5242,35,16003.499441168598,Rent,1,661.6395222838629,1,55.64313561820245,0,0,0.0,0,0.0
5243,74,41848.230300028474,Own,1,1737.9473647322332,0,0.0,0,0,0.0,1,0.0
5244,60,108987.25601662221,Mortgage,1,2149.049476744583,1,8630.259561941948,0,0,0.0,1,0.0
5245,45,20044.64749068947,Rent,1,1402.2657279325776,1,0.0,0,0,0.0,0,0.0
5246,51,1518.322475682855,Rent,1,1307.6078197440438,1,0.0,0,0,0.0,0,0.0
5247,44,31352.739774456364,Mortgage,1,1295.038944271801,0,0.0,0,0,0.0,1,2559.9424980101144
5248,44,8547.544082098711,Rent,0,0.0,0,0.0,0,0,0.0,0,0.0
5249,56,23420.397345667654,Mortgage,1,2098.56162120222,1,1957.018546642607,0,0,0.0,1,12.057666709781245
5250,29,525.5206015037594,Rent,0,0.0,0,0.0,0,0,0.0,0,0.0
5251,75,110474.85735680378,Own,1,13794.951298509633,1,91969.86522941475,1,1,8035.078689984195,1,10220.62506478648
5252,73,68137.48379105653,Own,1,3417.644113793465,1,38282.273922376124,0,0,0.0,1,2.1578631561233377
5253,59,41798.24321224616,Mortgage,1,2401.611196187313,1,8261.292301570787,0,0,0.0,1,0.0
5254,54,39006.45227556707,Mortgage,1,1796.8451147294766,1,8486.250271818246,1,0,0.0,1,0.0
5255,39,525.5206015037594,Rent,0,0.0,0,0.0,0,0,0.0,0,0.0
5256,85,32068.388581272844,Own,1,2459.926653272061,1,44692.47356152127,1,1,16761.52311685838,1,5926.208194581674
5257,72,136443.0236112908,Own,1,1926.1024484868,1,36065.72281974248,0,0,0.0,1,0.0
5258,48,3167.4597822693086,Rent,1,986.0665249920814,0,0.0,0,0,0.0,0,0.0
5259,75,110172.79884337488,Own,1,6477.53575921157,1,38472.13116048511,0,1,6310.319834952263,1,6054.903136243772
5260,62,40881.08441708227,Mortgage,1,1547.1661644549304,1,7355.705381064688,1,0,0.0,1,4.843301178508388
5261,60,25358.00589837449,Mortgage,1,1276.4007495192736,1,9148.526506639171,1,0,0.0,1,0.0
5262,67,21096.897743250258,Mortgage,1,1213.1541789861185,1,7772.381685106691,1,0,0.0,1,0.0
5263,66,45966.39083206661,Own,1,4618.235001099079,1,38838.84385816985,0,1,6332.470176799808,1,7.650826752361194
5264,43,38350.26171208793,Mortgage,1,1954.620768969302,1,3480.7279116119603,0,0,0.0,1,3453.889584569592
5265,31,525.5206015037594,Rent,0,0.0,0,0.0,0,0,0.0,0,0.0
5266,73,93747.19986129942,Own,1,4084.0967524517214,1,42178.481275881786,0,1,6781.420034602209,1,0.0
5267,29,22989.13052926873,Rent,1,935.2817596192567,1,1391.2673680862235,0,0,0.0,0,0.0
5268,31,14791.928129474618,Rent,1,1449.4311271065758,1,2589.619614546252,0,0,0.0,0,0.0
5269,81,41983.907088827844,Own,1,1933.606538015954,0,0.0,0,0,0.0,1,0.0
5270,44,47751.27491413442,Rent,1,851.6022874613553,1,3634.7625504496796,0,0,0.0,1,9.551693433112
5271,88,124544.61837708858,Own,1,32667.96179977305,1,77678.92854209832,1,1,9788.728550988906,1,6003.949274246275
5272,54,35878.259922070174,Mortgage,1,2205.7775539923605,1,8722.755550570882,0,0,0.0,1,0.0
5273,48,18659.652473943628,Mortgage,1,730.929880497544,1,3525.7395723351583,0,0,0.0,1,0.0
5274,53,37423.64513137592,Mortgage,1,1454.096321061176,1,4530.212006217138,1,0,0.0,1,0.0
5275,32,4134.972453281289,Rent,1,0.0,0,0.0,0,0,0.0,0,0.0
5276,65,34710.169469388966,Own,1,3849.600784755856,1,8798.88133862095,1,0,0.0,1,0.0
5277,31,525.5206015037594,Rent,1,301.4970295435787,1,0.0,0,0,0.0,0,0.0
5278,42,2750.343252348901,Rent,0,0.0,0,0.0,0,0,0.0,0,0.0
5279,30,6580.167194325471,Rent,1,1255.248717206222,1,0.0,0,0,0.0,0,0.0
5280,51,35149.677419647516,Mortgage,1,2156.5317853675524,1,2619.5888074375,0,0,0.0,1,0.0
5281,41,86703.88746891762,Own,0,0.0,0,0.0,1,1,12866.451944464116,1,23.24861007512396
5282,42,32690.471222091313,Rent,1,443.957640533379,1,243.51604210519145,0,0,0.0,0,0.0
5283,48,11847.75540935864,Mortgage,1,1251.424306906912,1,2828.042460673836,0,0,0.0,0,0.0
5284,42,10977.40132516619,Rent,1,247.3603087736036,1,728.4384449567369,0,0,0.0,0,0.0
5285,43,27200.195258871645,Mortgage,1,601.532020304672,1,3050.0294192249607,0,0,0.0,1,0.0
5286,55,48936.17513968937,Mortgage,1,1872.681915576754,1,3950.604757736809,0,0,0.0,1,5104.870996305654
5287,62,36842.915309532604,Mortgage,1,2447.556104631812,1,39311.801007564456,0,0,0.0,1,0.0
5288,59,66503.5275852216,Mortgage,1,2394.8208311185135,1,2789.825135225886,0,0,0.0,1,0.0
5289,51,26500.90515556615,Mortgage,1,1084.642359158618,1,2728.8966590031873,1,0,0.0,1,0.0
5290,49,37057.510685432855,Mortgage,1,1171.8010887786322,1,8774.342484194225,1,0,0.0,1,0.0
5291,31,23630.634483319183,Rent,1,2253.375932459644,0,0.0,0,0,0.0,0,0.0
5292,88,134183.07496720794,Own,1,9379.191953730988,1,91837.56556876373,1,1,8652.364427127439,1,5950.026976084432
5293,59,35073.25711379593,Mortgage,1,1921.0578016741752,1,9138.754635411322,0,0,0.0,1,0.0
5294,32,525.5206015037594,Rent,0,0.0,0,0.0,0,0,0.0,0,0.0
5295,38,525.5206015037594,Rent,1,554.06637140699,1,2401.456492477014,0,0,0.0,0,0.0
5296,65,23580.385302192662,Mortgage,1,1344.8090730694582,1,1402.444202052341,1,0,0.0,1,0.0
5297,30,11551.072298010002,Rent,1,362.1738746603346,0,0.0,0,0,0.0,0,0.0
5298,77,41851.56695025306,Own,1,289.44187611611983,0,0.0,0,0,0.0,1,0.0
5299,89,103493.86313661301,Own,1,8467.003605490474,1,76987.30952315345,1,1,12034.706100142621,1,9018.654589276242
5300,52,18205.904621328616,Mortgage,1,850.323169861822,1,2132.092331428155,0,0,0.0,0,0.0
5301,60,28750.872337320652,Mortgage,1,2385.591764540189,1,2265.527964146591,1,0,0.0,1,3881.4153466910952
5302,43,50294.582537536844,Mortgage,1,1513.2866480138555,1,4234.454227948903,0,0,0.0,1,0.0
5303,46,6385.94409795241,Mortgage,1,652.4888743980574,0,0.0,1,0,0.0,1,0.0
5304,27,16800.475290417522,Mortgage,1,1389.2590454801973,1,3028.5365795422545,0,0,0.0,1,0.0
5305,91,555180.9905927937,Own,1,27830.12152469246,1,79673.02672401066,1,1,8499.207933756777,1,15485.416206723707
5306,30,77928.39824369,Rent,1,2031.0810911371093,1,1051.3685913317026,0,0,0.0,0,0.0
5307,91,113740.25511969603,Own,1,4120.563191380601,1,92148.50759787868,1,1,17664.947469457304,1,5.541900095434556
5308,58,50153.71369537091,Mortgage,1,1599.5542523291565,1,8790.653627141424,1,0,0.0,1,14.007603204499391
5309,43,24801.032327862253,Mortgage,1,995.6619002673611,1,2656.2841867009065,0,0,0.0,0,0.0
5310,30,7270.667832779556,Rent,1,206.56194272965467,1,919.9714429132734,0,1,22.068284502148813,0,0.0
5311,29,15212.896165243194,Rent,1,554.180589384489,1,3725.4199969794627,0,0,0.0,0,0.0
5312,30,17354.321321381296,Rent,1,163.99406981463562,1,2136.9442275316387,0,0,0.0,0,0.0
5313,32,20481.16600491194,Rent,1,1553.0681092127286,1,925.7614325796553,0,0,0.0,0,0.0
5314,71,33151.29565816013,Own,1,2186.081746042599,1,8864.367945446642,0,0,0.0,1,0.0
5315,39,10524.360636284104,Rent,1,0.0,0,0.0,0,0,0.0,0,0.0
5316,47,26978.625871545923,Mortgage,1,1107.1709169484272,1,10192.336351573642,1,0,0.0,1,3532.128080267129
5317,29,17471.05671766227,Rent,1,656.4949111175342,1,3553.644019006743,0,0,0.0,0,0.0
5318,60,30494.809497493006,Mortgage,1,1157.5449447205372,1,9033.042879427228,1,0,0.0,1,10.174482623877664
5319,39,38360.82995153143,Rent,1,1259.702767385313,1,7963.763902592456,0,0,0.0,0,0.0
5320,39,10449.720778745657,Rent,1,59.693581675711926,0,0.0,0,0,0.0,0,0.0
5321,48,12761.855422239332,Rent,1,989.7825048614772,1,7840.550485377482,0,0,0.0,0,0.0
5322,84,78745.0828907164,Own,1,4852.105880220248,1,96500.0636679802,1,1,8565.566211442061,1,17.855066706962887
5323,35,5347.3284499440815,Rent,1,617.8000508868383,0,0.0,0,0,0.0,1,0.0
5324,60,44522.51091926836,Rent,1,575.2405226674986,1,5171.502085386517,0,0,0.0,0,0.0
5325,63,12370.690280361145,Mortgage,1,1329.778323273297,1,1630.5649757410936,1,0,0.0,1,0.0
5326,74,70358.10442642379,Own,1,2151.7567478576757,1,8892.992763143651,0,0,0.0,1,7.70530232095497
5327,31,12393.556282513004,Rent,1,351.1276811779652,1,1048.991847533435,0,0,0.0,0,0.0
5328,56,39635.89178819757,Own,1,1993.7287317106463,1,45166.18654315295,0,0,0.0,1,2.010154340240964
5329,42,14374.241038357659,Rent,1,1516.9342033386893,1,982.9961186955215,0,0,0.0,0,0.0
5330,89,234023.8775928791,Own,1,3141.354579348275,1,90639.65653144069,1,1,17653.360362581436,1,16342.54601783712
5331,50,32475.720130040136,Mortgage,1,1167.7521940650086,1,3210.0216149374637,0,0,0.0,0,0.0
5332,90,44637.15886125107,Own,1,8026.606887261253,1,96758.46639356414,1,1,11444.48816004379,1,0.0
5333,38,18035.304012147815,Rent,1,723.5181835376025,1,1776.1314006117336,0,0,0.0,0,0.0
5334,29,3139.389913570585,Rent,0,0.0,0,0.0,0,0,0.0,0,0.0
5335,36,5162.592921322415,Rent,1,724.011521766802,1,1258.332770057948,0,0,0.0,0,0.0
5336,89,99479.3379249997,Own,1,32568.005607140993,1,91666.54996887769,1,1,11613.370378534451,1,10.3299769179109
5337,34,17638.991116166137,Rent,0,0.0,0,0.0,0,0,0.0,0,0.0
5338,46,32331.229342798862,Mortgage,1,2194.555917128549,1,9755.772254487702,0,0,0.0,1,0.0
5339,63,20907.869932108068,Own,1,1167.4061906219588,1,8866.294450140473,0,0,0.0,1,8689.275613956048
5340,74,57271.52028949627,Own,1,4885.065919372511,1,8590.463745021982,1,1,17325.77012179832,1,33.36917397438889
5341,45,25085.322260241992,Mortgage,1,1343.17458861008,1,9391.914037875613,0,0,0.0,1,0.38150500503846807
5342,89,612777.0956742634,Own,1,23232.887158574413,1,95261.46268481256,1,1,7331.331808345826,1,10372.15305860685
5343,68,70976.15868536025,Own,1,3139.4954354126016,1,41532.07652560265,0,1,4313.7551665012,1,0.0
5344,62,40231.77804262175,Own,1,2086.5355632769433,1,8483.413087281593,0,0,0.0,1,0.0
5345,70,32341.862376607023,Mortgage,1,1603.2533647945866,1,7253.868556471466,1,0,0.0,1,2063.8353461719494
5346,86,101532.4459004697,Own,1,7516.176275688842,1,40285.83027024863,1,1,7819.014847691296,1,0.0
5347,78,58529.002815288644,Own,1,2393.7675789049295,1,33582.0934732972,0,0,0.0,1,0.0
5348,91,499052.6972683002,Own,1,8517.800875037057,1,92819.5212167082,1,1,8632.256081071171,1,18236.26571195032
5349,48,41386.67235068033,Mortgage,1,1150.272747826303,1,3114.879124471274,0,0,0.0,1,5483.4144639898195
5350,29,525.5206015037594,Rent,0,0.0,0,0.0,0,0,0.0,0,0.0
5351,31,11104.320267853056,Rent,1,734.9896277407217,1,2760.6017175777397,0,0,0.0,0,0.0
5352,39,7882.115254372193,Rent,1,289.36793733741274,1,0.0,0,0,0.0,0,0.0
5353,91,154704.3698258084,Own,1,3786.951413603122,1,81059.61764172769,1,1,4914.555963552885,1,7911.727146831488
5354,50,5162.291552169112,Rent,1,250.67407816270452,1,1658.9821026559473,0,0,0.0,0,0.0
5355,33,7241.017014382978,Rent,0,0.0,0,0.0,0,0,0.0,0,0.0
5356,79,51339.100548352566,Own,1,2770.5650750584246,1,41038.44320856039,0,0,0.0,1,4514.706606921551
5357,38,7366.023633385119,Rent,1,671.3001615659657,1,0.0,0,0,0.0,0,0.0
5358,50,22247.253838694774,Mortgage,1,1879.2461962115483,1,5087.623313308815,1,0,0.0,1,0.0
5359,64,60435.62402262729,Mortgage,1,932.8339339004443,1,9714.982028949134,1,0,0.0,1,2721.6641730733304
5360,61,37674.57464560968,Mortgage,1,2464.919524271512,1,4989.985340607293,0,0,0.0,1,2632.298744167124
5361,90,72342.85254804953,Own,1,23066.11170347981,1,94777.67693215764,1,1,8688.553173972345,1,10576.412823686265
5362,57,28491.690160812544,Rent,1,1468.5702051722546,0,0.0,0,0,0.0,1,8.688722128751483
5363,85,92690.77575365223,Own,1,3799.6198341359714,1,76208.2109447875,1,1,7934.4399232398955,1,22.298576984871158
5364,42,6407.544702804233,Rent,0,0.0,0,0.0,0,0,0.0,0,0.0
5365,31,525.5206015037594,Rent,0,0.0,0,0.0,0,0,0.0,0,0.0
5366,91,216457.81067209988,Own,1,6482.355958325252,1,93275.81120331821,1,1,25310.11188209317,1,10114.22984474822
5367,78,115987.34864580678,Own,1,5920.1619836479,1,38424.22704372816,0,0,0.0,1,0.0
5368,84,100717.53924719061,Own,1,11219.383534736857,1,40550.128995634936,1,1,8494.55854974147,1,6123.792226186499
5369,85,95011.66017753427,Own,1,31250.334664535076,1,96758.46639356414,1,1,12504.599275874822,1,9441.959639921888
5370,28,5907.822526100501,Rent,1,170.70559500733975,1,2328.7629496510194,0,0,0.0,0,0.0
5371,46,1410.7631244559652,Rent,1,0.0,0,0.0,0,0,0.0,0,0.0
5372,74,45991.23904092093,Mortgage,1,2440.240506758676,1,8967.300482969626,0,0,0.0,1,3357.867089302838
5373,73,110513.26692293424,Own,1,2552.4576549104254,1,91486.23921454544,0,1,7378.941834701687,1,3782.5980302689973
5374,47,65786.44570259789,Mortgage,1,1127.5278260203854,1,3914.903929401864,0,0,0.0,1,2557.897106439283
5375,74,43907.7143198437,Own,1,1968.196400886553,1,35583.24161252838,0,0,0.0,1,0.0
5376,80,57430.63898981367,Own,1,4502.209349422201,1,35955.42366695164,0,0,0.0,1,3159.4469595604032
5377,68,25418.9161313811,Mortgage,1,1330.3336510419497,1,1795.7029424574907,1,0,0.0,1,0.0
5378,31,4538.228266011585,Rent,1,34.437194198965585,1,862.9949787216658,0,0,0.0,0,0.0
5379,30,5930.195493691677,Rent,0,0.0,0,0.0,0,0,0.0,0,0.0
5380,73,67955.40683144404,Own,1,2211.805782618147,1,36336.09083991344,0,0,0.0,1,4902.58575136621
5381,27,11131.73043424208,Rent,0,0.0,0,0.0,0,0,0.0,0,0.0
5382,47,24081.10953416935,Rent,1,1676.9228583057934,1,2910.358196362312,0,0,0.0,0,0.0
5383,46,14996.841335920366,Mortgage,1,1466.8983093469415,1,3540.7105344017227,0,0,0.0,1,0.0
5384,47,15585.075701829935,Mortgage,1,1229.6932211046324,1,3386.325954165557,0,0,0.0,1,0.0
5385,90,72106.5238297756,Own,1,3102.9634093633467,1,96439.10927737762,1,1,12694.920927913854,1,0.0
5386,50,70961.73672849259,Mortgage,1,1267.2015211993826,1,2084.500752461535,0,0,0.0,0,0.0
5387,30,1547.1333480322646,Rent,0,0.0,0,0.0,0,0,0.0,0,0.0
5388,70,44984.58897209103,Own,1,2719.106531028272,1,9175.603199423793,0,0,0.0,1,0.0
5389,49,28196.454689056656,Mortgage,1,1253.2323552257792,1,1883.62178714963,0,0,0.0,1,2442.9136106139576
5390,91,91620.72065234648,Own,1,8176.940349137587,1,91511.83524408593,1,1,23458.048140312156,1,6655.805350237005
5391,44,42113.99174466486,Mortgage,1,2623.1726748735996,1,9409.565185989237,0,0,0.0,1,0.0
5392,65,38371.546777520234,Mortgage,1,1838.7178051577946,1,8835.625915366207,1,0,0.0,1,5687.313298591357
5393,63,36663.339991207635,Mortgage,1,1764.586563526133,1,9038.59090063199,1,0,0.0,1,1970.3581155988504
5394,67,36340.456978160364,Mortgage,1,1728.2906915193334,1,8391.183157802656,1,0,0.0,1,4.780807591198462
5395,83,59550.71764917633,Rent,1,862.6037144843222,0,0.0,0,0,0.0,0,0.0
5396,75,60793.764849844956,Own,1,1739.423621460162,0,0.0,0,0,0.0,0,0.0
5397,26,525.5206015037594,Rent,0,0.0,0,0.0,0,0,0.0,0,0.0
5398,64,89409.27846086504,Rent,1,1148.1528195336641,1,39423.57637129471,0,0,0.0,1,13.013030460828851
5399,51,19162.750213067862,Own,1,1135.9362195877322,1,36815.73312734356,0,0,0.0,0,0.0
5400,48,34702.01111159078,Mortgage,1,2320.3409617269617,1,3026.9159967874525,0,0,0.0,1,0.0
5401,41,5495.370370257142,Rent,0,0.0,0,0.0,0,0,0.0,0,0.0
5402,53,36066.901533929085,Own,1,2298.001299036464,1,35783.20866224673,0,0,0.0,1,0.0
5403,66,208832.15786285533,Mortgage,1,4125.658912611689,1,9319.436639361684,1,0,0.0,1,12.673777555787078
5404,76,115802.6648512804,Own,1,2049.3440563968084,1,36062.07183928537,0,0,0.0,1,2721.6452887054675
5405,28,525.5206015037594,Rent,1,0.0,1,649.7994851415294,0,0,0.0,0,0.0
5406,30,525.5206015037594,Rent,1,0.0,1,0.0,0,0,0.0,0,0.0
5407,49,18670.396986657604,Mortgage,1,1300.4770717237066,0,0.0,0,0,0.0,1,12.67887993133372
5408,33,8623.69091806469,Rent,1,177.10381127444384,1,0.0,0,0,0.0,0,0.0
5409,60,23565.794921712542,Mortgage,1,1006.9538176475005,1,368.5611939530065,1,0,0.0,1,0.0
5410,39,42399.353823538986,Mortgage,1,928.4146327491206,1,5249.439894703573,0,0,0.0,1,2981.8575432997495
5411,91,87126.46598997635,Own,1,3580.425739645855,1,8547.588479351081,0,0,0.0,1,4094.665382073883
5412,56,17312.521985000127,Rent,1,788.2665294654632,1,2069.604253533048,0,0,0.0,0,0.0
5413,31,7669.117936194241,Rent,1,556.2221803225277,1,1247.0544484878396,0,0,0.0,0,0.0
5414,40,33995.899814505625,Mortgage,1,1620.1701887760971,1,35400.904920410554,0,0,0.0,1,0.0
5415,51,20468.877288451346,Mortgage,1,1499.9066751439175,1,3161.9970553409153,0,0,0.0,1,5371.028616941228
5416,45,34829.89012453378,Mortgage,1,2015.7517875288352,1,3019.1248573474063,1,0,0.0,1,3998.400309944587
5417,33,18853.745738312075,Rent,1,1735.8487979069316,0,0.0,0,0,0.0,0,0.0
5418,29,11103.189598489509,Rent,1,394.95147901555373,1,880.54035883037,0,0,0.0,0,0.0
5419,64,94470.23285588525,Own,1,10316.229583713868,1,93938.1318446775,1,1,4667.825037323527,1,8470.01096227516
5420,44,38785.392377359254,Mortgage,1,1135.1763819066314,1,3759.391811308944,0,0,0.0,0,0.0
5421,51,23523.505414517203,Mortgage,1,2442.828756065063,1,9257.772873485566,1,0,0.0,1,4712.065343640327
5422,63,22649.925085202278,Own,1,2397.33502428834,1,9319.090945018335,1,0,0.0,1,0.0
5423,70,47452.30278060276,Own,1,6646.5807663400565,1,8055.081010605332,0,0,0.0,1,0.7519810335336926
5424,74,31808.926042864325,Mortgage,1,2299.0983347241713,1,9278.683493145058,1,0,0.0,1,0.0
5425,30,17987.390943976847,Rent,1,939.4254297541167,0,0.0,0,0,0.0,0,0.0
5426,29,3033.505369967972,Rent,1,138.6067675538477,1,1754.735519068137,0,0,0.0,0,0.0
5427,90,86960.2174481178,Own,1,2169.7106533000324,1,8639.035894469558,1,1,18181.402840781455,1,7179.008491784983
5428,46,16007.800717649572,Mortgage,1,1114.2633657452614,1,2615.362885679837,0,0,0.0,1,6.608895833458986
5429,28,18846.142611120373,Rent,1,667.611851776652,1,921.5493521309193,0,0,0.0,0,0.0
5430,42,6487.965666410533,Rent,1,115.5090850758977,0,0.0,0,0,0.0,0,0.0
5431,78,94985.87554854623,Own,1,2822.3319383280514,1,39743.51886411938,0,0,0.0,1,0.0
5432,31,8479.211466449062,Rent,1,0.0,0,0.0,0,0,0.0,0,0.0
5433,29,5849.191483325745,Rent,1,226.31001145775463,0,0.0,0,0,0.0,0,0.0
5434,26,11594.967472731338,Rent,1,332.58589228840174,0,0.0,0,0,0.0,0,0.0
5435,27,5286.995033314153,Rent,1,252.74607797495958,1,575.7344111525842,0,0,0.0,0,0.0
5436,32,13534.391798026416,Rent,1,884.2705933019323,0,0.0,0,0,0.0,0,0.0
5437,30,4864.307038640858,Rent,1,0.0,1,1232.2819551565829,0,0,0.0,0,0.0
5438,55,48897.4751954421,Mortgage,1,1031.9430413448015,1,2315.7542575352036,1,0,0.0,1,0.0
5439,66,37619.811596925574,Mortgage,1,1367.3375353377542,0,0.0,0,0,0.0,1,0.0
5440,89,98908.07517673406,Own,1,10014.061075566748,1,92010.09132882814,1,1,13280.216486901763,1,11.601174311041895
5441,63,120144.7085015547,Own,1,3566.8508324271165,1,39767.28522211203,0,0,0.0,1,0.0
5442,38,9695.122963122916,Rent,1,0.0,0,0.0,0,0,0.0,0,0.0
5443,63,35700.69765730319,Own,1,1234.5610467934803,1,35733.54382812018,0,0,0.0,1,3310.977581979363
5444,45,31794.4149926273,Mortgage,1,1127.2984739574179,1,4457.0780246639015,0,0,0.0,1,2152.72295393793
5445,86,122473.02172727139,Own,1,10687.910073831077,1,80966.20982562882,0,1,7082.140370791959,1,12369.955459076664
5446,53,24126.056312354867,Mortgage,1,2279.987840469468,1,8682.537557279064,1,0,0.0,1,1.9940633591551853
5447,77,87575.0024374594,Own,1,2979.158184429094,1,43578.75223504049,0,1,7889.274714497167,1,0.6460215407310822
5448,40,19132.107011746015,Rent,0,0.0,0,0.0,0,0,0.0,0,0.0
5449,67,26587.18432082655,Own,1,1339.1373047502502,1,9255.758609654873,1,0,0.0,1,4.315845359189305
5450,77,24243.31066050166,Own,1,2034.5855001397422,1,8772.89561518915,0,0,0.0,1,3240.1646618248187
5451,91,710569.0527847965,Own,1,11975.100867028093,1,94067.92191040216,1,1,32000.768577013554,1,14182.203018542465
5452,31,525.5206015037594,Rent,0,0.0,0,0.0,0,0,0.0,0,0.0
5453,30,525.5206015037594,Rent,0,0.0,0,0.0,0,0,0.0,0,0.0
5454,73,64301.66340460459,Own,1,6100.343962262776,1,91839.68056720644,0,1,6431.550461408127,1,6408.247110068495
5455,31,6059.547088645568,Rent,1,464.81588230372853,0,0.0,0,0,0.0,0,0.0
5456,31,15161.173703918586,Rent,0,0.0,0,0.0,0,0,0.0,0,0.0
5457,32,36082.45115813722,Rent,1,678.4514356314792,0,0.0,0,0,0.0,0,0.0
5458,39,9352.33386130203,Rent,1,587.9441623299481,1,1133.9321437102576,0,0,0.0,0,0.0
5459,33,13388.846427758095,Rent,1,527.7371328422425,1,1036.2512215650886,0,0,0.0,0,0.0
5460,44,6263.03273065221,Mortgage,1,1077.5138866322702,0,0.0,0,0,0.0,0,0.0
5461,45,17499.338260209486,Rent,1,1039.8150093681477,1,1808.938130809581,0,0,0.0,0,0.0
5462,31,525.5206015037594,Rent,0,0.0,0,0.0,0,0,0.0,0,0.0
5463,56,33773.04414767781,Mortgage,1,1191.9058064380292,1,3348.014682557682,0,0,0.0,1,0.0
5464,71,24749.154971636617,Mortgage,1,1438.182489730033,1,9669.034142433125,1,0,0.0,1,0.0
5465,59,74227.51629285293,Own,1,1702.624054782813,1,35324.515002493645,0,0,0.0,1,1.6315990759122603
5466,51,29653.93894108964,Rent,1,383.8689071812306,0,0.0,0,0,0.0,0,0.0
5467,42,38777.46957662919,Mortgage,1,1670.3092331598566,1,3053.829387346118,0,0,0.0,1,0.0
5468,30,18222.18516188709,Rent,1,1.4325428266377003,1,0.0,0,0,0.0,0,0.0
5469,47,25642.058695466174,Mortgage,1,1041.274886521431,1,1869.5622591813444,0,0,0.0,1,0.0
5470,30,7794.894595040276,Rent,1,132.8739411913666,1,1600.153918605737,0,0,0.0,0,0.0
5471,78,33611.91868936356,Own,1,1970.4626495512778,1,35917.27408124084,0,0,0.0,1,0.0
5472,65,28683.442187406465,Mortgage,1,1469.3099221121242,1,7142.134303048733,1,0,0.0,1,4456.029871518444
5473,74,53729.81616653266,Own,1,3903.2637513198274,1,39623.8924347532,0,0,0.0,1,0.0
5474,49,25777.777575164997,Mortgage,1,960.3715816748062,1,2203.784425663431,0,0,0.0,1,0.0
5475,58,31394.540131448746,Rent,1,484.9141681854973,1,2498.810833306576,0,0,0.0,1,0.0
5476,31,6175.9032449669685,Rent,1,0.0,0,0.0,0,0,0.0,0,0.0
5477,62,70083.09808180085,Mortgage,1,1966.7003423752456,1,3774.1112386252453,0,0,0.0,1,0.0
5478,43,43371.81015075255,Mortgage,1,1158.3035571508283,1,4377.8233335313225,0,0,0.0,1,0.0
5479,77,107781.43882583907,Own,1,4459.607901636566,1,41348.67814226356,0,1,4150.248011701822,1,6371.4998900232395
5480,42,32088.111009515786,Rent,1,1576.3497288055373,1,1920.7127358473058,0,0,0.0,0,0.0
5481,32,23438.56064596743,Rent,1,1290.137138382152,1,1212.2260364750132,0,0,0.0,0,0.0
5482,44,32256.39067814522,Mortgage,1,1615.131848586795,1,8482.742087480365,0,0,0.0,1,0.0
5483,66,29934.674793454098,Own,1,2494.1733870641783,1,95365.58051137543,1,1,18639.05709880539,1,8436.514469640493
5484,61,23253.3920836654,Mortgage,1,1951.8666111175262,1,3637.4082177845294,0,0,0.0,1,0.0
5485,30,19177.299233217986,Rent,1,1518.2304394476887,1,4382.748080444331,0,0,0.0,0,0.0
5486,74,156932.4869353123,Own,1,35075.22440310542,1,94739.51248445203,1,1,5154.557113287168,1,9728.75149285619
5487,30,3466.8055125351875,Rent,1,490.7292965058916,1,1660.1832155767643,0,0,0.0,0,0.0
5488,89,107248.49056076098,Own,1,11421.088492178125,1,93115.35940613781,1,1,5464.406715110462,1,7547.114517084799
5489,73,74763.39564385754,Own,1,3577.931966772985,1,44352.75952423482,1,0,0.0,1,0.0
5490,44,17666.792327487197,Rent,1,1100.1579626818575,1,1038.788825524597,1,0,0.0,1,0.0
5491,30,10472.094907784562,Rent,1,389.48683587320295,1,1210.9493251758722,0,0,0.0,0,0.0
5492,46,5720.874738297813,Rent,1,953.4368068802866,1,3043.2774355959646,0,0,0.0,0,0.0
5493,49,39867.406011190025,Mortgage,1,2298.3679909099096,1,8178.559262056642,1,0,0.0,1,3578.9766182352146
5494,57,26160.976699500185,Rent,1,1305.8741001875276,1,9628.22431827597,0,0,0.0,1,0.0
5495,44,15486.49840661023,Rent,1,1161.1173088997523,1,2619.0857379369736,0,0,0.0,0,0.0
5496,41,16282.366597678722,Rent,1,1601.439107835887,1,3412.2705450681824,0,0,0.0,0,0.0
5497,53,14403.85677579025,Rent,1,1062.0861408185015,1,2544.1900014747653,0,0,0.0,0,0.0
5498,61,27317.5688144082,Mortgage,1,2942.2308705160867,1,7065.531268879382,1,0,0.0,1,0.0
5499,46,33813.35101705455,Rent,1,1157.9764179500744,1,3545.3401533390124,0,0,0.0,0,0.0
5500,91,28070.115268129593,Own,1,3387.6501588746996,1,90528.1679038534,1,0,0.0,1,6234.967138841193
5501,67,33222.416644406585,Mortgage,1,2036.0176883998631,1,3182.8253282574788,0,0,0.0,1,4193.377422808994
5502,59,60971.3973008098,Mortgage,1,2865.8625719826337,1,3012.778180352563,0,0,0.0,1,3959.9910627864874
5503,74,41828.484330753905,Own,1,2130.6833226606236,1,35495.90847034273,0,0,0.0,1,0.0
5504,36,19553.621653851747,Rent,1,2393.0949093680574,1,1513.0266956184928,0,0,0.0,1,0.0
5505,63,5543.902625033908,Mortgage,1,1054.19258515413,0,0.0,1,0,0.0,1,0.20009937319911264
5506,41,10880.124851402234,Rent,1,421.5619331750957,1,434.76514022221636,0,0,0.0,0,0.0
5507,67,29708.296694333694,Mortgage,1,1399.0168843772642,1,2844.6272917706074,0,0,0.0,1,2991.9692317745544
5508,55,39657.58998260179,Mortgage,1,2163.9823646936998,1,2813.5318485862263,1,0,0.0,1,14.01078818421169
5509,65,50692.4571553407,Mortgage,1,847.8859033955542,1,9245.951334470865,1,1,14.824445603747916,1,0.0
5510,42,2974.7663125544805,Rent,1,0.0,1,0.0,0,0,0.0,0,0.0
5511,80,108808.79975929645,Own,1,1744.8454468582725,1,36206.07215246398,0,0,0.0,1,5684.045507233314
5512,34,6425.319498838877,Rent,1,1008.5263072427349,1,1975.2089072448564,0,0,0.0,0,0.0
5513,61,49161.83962744912,Mortgage,1,1338.4989611193203,1,7516.966734528352,1,0,0.0,1,3421.630717743753
5514,76,251503.6565241106,Own,1,4545.600334616813,1,38324.02301289551,0,1,6953.945824081155,1,6347.889139246647
5515,70,84078.11299567223,Own,1,952.4494300076332,1,7492.488945011166,0,0,0.0,1,0.0
5516,61,30232.331971497963,Own,1,2209.178985277166,1,7945.457212297748,1,0,0.0,1,0.0
5517,57,6164.153814396104,Mortgage,1,657.2138637865083,0,0.0,0,0,0.0,1,0.0
5518,68,22379.80032350488,Mortgage,1,764.4455649695861,1,997.7341718031282,1,0,0.0,1,0.0
5519,29,525.5206015037594,Rent,0,0.0,0,0.0,0,0,0.0,0,0.0
5520,58,30541.778025549553,Mortgage,1,1922.402681591429,1,2171.020840342994,0,0,0.0,1,0.0
5521,70,48917.99193030529,Own,1,3018.9684411022217,1,91017.54520481057,0,1,10225.000213001154,1,2409.96528402669
5522,30,525.5206015037594,Rent,0,0.0,0,0.0,0,0,0.0,0,0.0
5523,79,631172.1276315387,Own,1,12231.810723949118,1,92758.73932597862,1,1,9699.100053565478,1,9.682524910335019
5524,60,70902.24152846329,Own,1,3987.24108492144,1,43706.12566231252,1,0,0.0,1,5606.5805470989235
5525,86,86285.02104053438,Own,1,36848.80301751453,1,94242.91533498025,1,1,12380.075593088346,1,5888.508447648346
5526,34,7167.031632639457,Rent,1,1100.9875132242573,1,1587.7289296622175,0,0,0.0,0,0.0
5527,52,14620.6509273691,Rent,1,752.3305805583925,1,2080.686899921062,0,0,0.0,0,0.0
5528,52,53152.609220333325,Mortgage,1,1508.7180254240338,1,8027.239276260935,1,0,0.0,1,0.0
5529,44,43081.39727110385,Mortgage,1,1629.714057266731,1,7718.903124230368,0,0,0.0,1,1.2106427053343214
5530,70,74048.17566929739,Mortgage,1,1175.9932825387123,1,8135.4077823063535,1,0,0.0,1,0.0
5531,53,25497.040089822596,Mortgage,1,2357.3685655728173,1,3493.4609041674103,1,0,0.0,1,0.0
5532,83,85013.37955283943,Own,1,2196.019539136486,1,43872.400209083324,0,0,0.0,1,4818.490465889703
5533,87,88349.01348412603,Own,1,3866.7260837399017,1,39554.97834992675,0,1,10780.936450791636,1,5.90629241280464
5534,48,29806.407642066515,Mortgage,1,1577.443284925298,0,0.0,1,0,0.0,1,1.7763215352670048
5535,53,26213.632674436452,Mortgage,1,784.8241872780172,1,4327.178857872346,0,0,0.0,1,4.8333192057822805
5536,58,24182.325466280025,Mortgage,1,853.4593362062858,1,2637.1279530995735,1,0,0.0,1,0.0
5537,44,11052.76360319167,Mortgage,1,1291.9936459584633,1,4338.969261888327,0,0,0.0,1,0.0
5538,77,49809.73995571384,Own,1,5103.929888402275,1,44314.46999766907,0,1,6898.3949660019025,1,5886.192603811155
5539,79,81968.20199279032,Own,1,4031.448880691706,1,95603.59598128367,1,1,4915.236478470721,1,9138.586894034112
5540,29,3717.1753149920696,Rent,1,95.07248938651992,1,2322.1937770640106,0,0,0.0,0,0.0
5541,54,18596.269631339732,Rent,1,778.4440124275402,0,0.0,0,0,0.0,0,0.0
5542,37,2625.628156726578,Rent,1,412.9208186316028,1,0.0,0,0,0.0,0,0.0
5543,89,137035.67749668198,Own,1,2115.3259418968123,1,96009.21068262571,1,1,20163.534724923513,1,0.0
5544,27,525.5206015037594,Rent,0,0.0,0,0.0,0,0,0.0,0,0.0
5545,89,148434.67115111975,Own,1,3533.9079187716234,1,38753.321060161674,0,1,10950.032782596969,1,0.0
5546,47,18805.87202439728,Rent,1,639.0291058141904,1,1848.046312330081,0,0,0.0,0,0.0
5547,41,16018.077787873863,Rent,1,438.0023772455072,1,2479.8295933966738,0,0,0.0,0,0.0
5548,67,47336.39237330223,Mortgage,1,1741.0828546885562,1,8572.474599764408,1,0,0.0,1,1.5421838493366187
5549,35,37478.859381550545,Rent,1,1567.67418329352,1,637.2664328226685,0,0,0.0,0,0.0
5550,64,35527.124757648504,Own,1,2222.6787772085013,1,8362.262393062303,0,0,0.0,1,0.0
5551,35,15735.071884974253,Rent,1,959.6700498331893,1,2215.166488073867,0,0,0.0,0,0.0
5552,63,39065.12598951181,Mortgage,1,1278.2720269680876,1,8223.30101165195,1,0,0.0,1,0.0
5553,40,15865.579991503648,Rent,1,374.31106407887694,1,1419.7945816906804,0,0,0.0,0,0.0
5554,65,58724.80077542635,Mortgage,1,1692.4629744151534,1,8754.826100777862,1,0,0.0,1,0.0
5555,85,736093.4518098257,Own,1,8760.335965348406,1,96598.81270817357,1,1,19619.098666374975,1,0.0
5556,28,14294.65515566804,Rent,1,867.4256387328815,0,0.0,0,0,0.0,0,0.0
5557,46,23564.686900579698,Rent,1,1078.757399769445,1,1956.8032016269797,0,0,0.0,0,0.0
5558,51,32803.580816305606,Mortgage,1,1984.736041004917,0,0.0,0,0,0.0,1,0.0
5559,37,10368.774260042279,Rent,1,1338.9216017713363,1,451.77091265425383,0,0,0.0,0,0.0
5560,58,23163.8779483082,Rent,1,384.95984401366366,1,2736.850077443906,0,0,0.0,0,0.0
5561,76,53276.86239237172,Own,1,2715.6776559072273,1,35628.33169899816,0,0,0.0,1,5745.142013490005
5562,74,239160.6455822985,Own,1,40238.24935359417,1,42464.05307103968,1,1,6205.930775559162,1,0.0
5563,75,48803.81574557915,Mortgage,1,1327.5388124898172,1,2152.712829513417,0,0,0.0,1,2725.4211487182656
5564,74,27648.23868277186,Rent,1,3314.2823250590773,1,1104.7229983749585,0,0,0.0,1,0.0
5565,36,26103.72777952216,Rent,1,1146.3971973887528,1,0.0,0,0,0.0,0,0.0
5566,42,8476.977421743584,Mortgage,1,705.2138875628277,1,2413.6519272206588,0,0,0.0,1,4.134427172599974
5567,31,7136.989625697997,Rent,1,332.07098050575155,1,431.7656687980568,0,0,0.0,0,0.0
5568,58,25339.803093255105,Mortgage,1,2395.2321931130996,1,7876.048704569257,1,0,0.0,1,0.0
5569,40,38281.25934588634,Rent,1,973.4143955370618,1,1471.4624366270666,0,0,0.0,0,0.0
5570,31,15687.78789614353,Rent,1,854.3127665066268,0,0.0,0,0,0.0,0,0.0
5571,28,14779.048254891097,Rent,1,1004.0214889214247,1,965.5682093334267,0,0,0.0,0,0.0
5572,69,53333.84679063547,Mortgage,1,1038.033159984243,1,1463.3891866800386,0,0,0.0,1,0.0
5573,29,525.5206015037594,Rent,1,108.65423331375746,0,0.0,0,0,0.0,0,0.0
5574,75,116352.4592023285,Own,1,3363.883142939396,1,40724.54431251574,0,1,7564.395886281989,1,4619.586273046262
5575,30,525.5206015037594,Rent,0,0.0,0,0.0,0,0,0.0,0,0.0
5576,87,85448.65549496232,Own,1,6270.1268070733895,1,76948.00084829051,1,1,12279.820323673614,1,0.7938838922100477
5577,77,36917.495249243555,Own,1,1340.9685120459726,1,1867.3029299094442,1,0,0.0,1,16.767107274274448
5578,75,27078.335912928436,Own,1,1496.4262689426728,1,10122.390652031796,0,0,0.0,1,0.0
5579,85,86514.0057832541,Own,1,3476.880190163581,1,94647.60724970337,1,1,11291.053964497103,1,0.0
5580,65,36475.6914340597,Mortgage,1,2426.836050492308,1,9702.073872976445,1,0,0.0,1,0.0
5581,30,8255.526506274848,Rent,1,85.17639558029725,0,0.0,0,0,0.0,0,0.0
5582,64,234479.7818185021,Own,1,1803.0860198919668,1,42369.39888102427,1,0,0.0,1,6.023001744050894
5583,39,22344.485542531365,Own,1,1726.961882079262,1,36762.02445271115,0,0,0.0,1,3586.7752423418183
5584,29,1073.5193548140778,Rent,0,0.0,0,0.0,0,0,0.0,0,0.0
5585,44,7464.645644342367,Mortgage,1,940.8088524283046,0,0.0,0,0,0.0,1,2341.5012743386906
5586,63,8658.018667123757,Mortgage,1,1451.9587044242298,1,2692.665262487523,1,0,0.0,1,6.472804784268441
5587,88,194217.69798690648,Own,1,8416.12307003549,1,92458.2475714271,1,1,25626.18331700877,1,16731.771692150025
5588,44,39178.826046632916,Rent,1,638.649142645835,1,4078.3268383827617,0,0,0.0,0,0.0
5589,91,631870.3316802519,Own,1,7236.418530219569,1,93919.82404061737,1,1,19538.052652149338,1,0.0
5590,30,2488.1243601674087,Rent,0,0.0,0,0.0,0,0,0.0,0,0.0
5591,88,40707.05060940344,Own,1,11044.73893619852,1,77142.78689003579,1,1,5120.866558851276,1,0.0
5592,30,525.5206015037594,Rent,0,0.0,0,0.0,0,0,0.0,0,0.0
5593,74,39241.82318421402,Own,1,1458.934125391856,1,37627.36664948797,0,0,0.0,1,0.0
5594,52,24762.02773675334,Own,1,2041.9079167506516,1,9265.145810576923,0,0,0.0,1,3340.0641586241327
5595,67,84188.52561968855,Own,1,3595.74464127547,1,8363.8250983986,1,0,0.0,1,0.0
5596,42,31525.300227787026,Rent,1,476.9770382888302,1,1130.7235732463535,0,0,0.0,0,0.0
5597,64,56816.00568818321,Mortgage,1,2742.7271453305675,1,9147.938073921412,1,0,0.0,1,0.0
5598,38,12735.474008175695,Mortgage,1,368.5693130516599,1,3565.6175329634098,0,0,0.0,0,0.0
5599,50,21500.156747091343,Mortgage,1,1344.8000893009823,0,0.0,1,0,0.0,1,0.0
5600,57,44066.57296727368,Own,1,1327.7997915655783,1,36780.52007412919,0,0,0.0,1,5.137626445335658
5601,74,184916.4064001665,Own,1,3696.687303586523,1,41498.9798480164,1,1,6160.76642332699,1,22.837378230586015
5602,64,22284.067808144577,Mortgage,1,1672.0847965879414,0,0.0,1,0,0.0,1,17.196563891124
5603,58,57561.85366638655,Mortgage,1,1399.4204354338437,1,3253.580260114262,0,0,0.0,1,0.0
5604,62,51311.31084783893,Mortgage,1,1183.5172002395489,1,7892.176471026461,1,0,0.0,1,3369.0223496735944
5605,49,33113.002682651364,Mortgage,1,1507.1411593388784,1,4730.570149170286,0,0,0.0,1,0.0
5606,44,67575.2999417944,Own,1,2130.7115053693774,1,8605.294367424754,0,0,0.0,1,0.0
5607,60,37495.741107514856,Mortgage,1,2254.167497139363,1,3839.1907739779235,1,0,0.0,1,5133.896997611917
5608,60,24259.24362628167,Mortgage,1,1157.3341338369316,1,2897.0314067109884,0,0,0.0,1,0.0
5609,35,525.5206015037594,Rent,0,0.0,0,0.0,0,0,0.0,0,0.0
5610,44,41155.52105703549,Mortgage,1,1141.7993401449853,1,10515.58231074821,1,0,0.0,1,0.0
5611,35,24985.694967259413,Rent,1,947.673763730744,1,0.0,0,0,0.0,0,0.0
5612,30,20222.07373001516,Rent,1,880.6988771834158,1,1233.3171563079393,0,0,0.0,0,0.0
5613,50,63094.957140946455,Own,1,2121.943917452741,1,9209.125277259096,0,0,0.0,1,0.0
5614,44,21801.295025863048,Mortgage,1,1329.7128253572669,1,4058.190630912534,0,0,0.0,1,0.0
5615,47,27297.259467743646,Rent,1,1385.6377608828093,0,0.0,0,0,0.0,0,0.0
5616,28,16533.68261708179,Rent,1,553.7657993373542,0,0.0,0,0,0.0,0,0.0
5617,70,33345.1302419357,Mortgage,1,1726.4941863331337,1,8132.538228438357,0,0,0.0,1,4814.693442200905
5618,38,15453.828479002415,Rent,1,66.06401918502843,0,0.0,0,0,0.0,0,0.0
5619,36,20908.438814492885,Rent,1,1556.789423887777,1,705.0747753325868,0,0,0.0,0,0.0
5620,68,22881.718955667297,Mortgage,1,1432.649642455649,1,3233.414530649579,1,0,0.0,1,5164.168579118265
5621,89,113379.01300145297,Own,1,2293.723733835036,1,38831.57162250164,0,0,0.0,1,0.0
5622,37,525.5206015037594,Rent,0,0.0,0,0.0,0,0,0.0,0,0.0
5623,48,18583.797701860352,Mortgage,1,1666.8064707873982,0,0.0,0,0,0.0,1,0.0
5624,42,19939.424972292018,Rent,1,661.3037667659082,1,1028.612106601161,0,0,0.0,0,0.0
5625,28,1808.2790625127636,Rent,1,429.34935329840965,1,2116.1433611468115,0,0,0.0,0,0.0
5626,76,79904.56980845354,Own,1,38940.343044179404,1,93699.93682853048,1,1,7397.91062220445,1,5158.6624282590055
5627,40,6080.659885451485,Rent,1,0.0,1,866.1289351259991,0,0,0.0,0,0.0
5628,57,48885.343802311036,Mortgage,1,1659.6250258314546,1,8435.362427044496,1,0,0.0,1,0.0
5629,50,23232.21900399678,Rent,1,1188.4226381928493,1,1799.934106438468,0,0,0.0,1,0.0
5630,56,615958.2186553095,Own,1,30616.744542004155,1,44099.056540652484,1,1,6137.757980260976,1,0.25731883911163494
5631,41,36477.45035542546,Rent,1,474.80450301487997,1,907.6606792567109,0,0,0.0,0,0.0
5632,65,60845.58729404897,Mortgage,1,2137.9855574965754,1,37362.96731943313,0,0,0.0,1,0.0
5633,61,31426.15519677244,Own,1,3101.884077253101,1,8605.05216643182,1,0,0.0,1,3741.675233877759
5634,27,5773.866952351438,Rent,0,0.0,0,0.0,0,0,0.0,0,0.0
5635,29,8646.889094266857,Rent,1,463.96339951021906,1,0.0,0,0,0.0,0,0.0
5636,59,28920.36156738691,Mortgage,1,2038.4010589134004,1,9002.292868137785,0,0,0.0,1,0.0
5637,91,66723.95820128906,Own,1,5394.41241708434,1,93644.73160708183,1,1,4634.413939231168,1,0.0
5638,62,41362.1033810541,Mortgage,1,708.7930179684752,0,0.0,0,0,0.0,1,0.0
5639,89,74231.41623877367,Own,1,3004.44172514367,1,45310.05871118933,1,0,0.0,1,0.0
5640,56,24711.610476453658,Mortgage,1,1238.0786710587945,0,0.0,1,1,47.30154559441494,1,0.0
5641,56,38749.01207827858,Rent,1,1743.6433434990545,1,2357.648887677195,0,0,0.0,0,0.0
5642,31,525.5206015037594,Rent,0,0.0,0,0.0,0,0,0.0,0,0.0
5643,31,5678.829169083872,Rent,1,520.4687322115069,0,0.0,0,0,0.0,0,0.0
5644,67,47528.66736108207,Mortgage,1,2140.456114966781,1,44318.71179419758,0,0,0.0,1,1.6167197337998687
5645,68,36027.40387995716,Mortgage,1,2373.35607792733,1,8214.90034829039,1,0,0.0,1,13.964341147470492
5646,59,48449.683703449446,Mortgage,1,1595.4776604515744,1,7928.049023833261,1,0,0.0,1,4203.184932148883
5647,30,14602.33311193709,Rent,1,295.87395882622866,1,1028.0302198132586,0,0,0.0,0,0.0
5648,50,39690.66513432787,Mortgage,1,2007.6263959355242,1,3790.890951672952,0,0,0.0,1,3511.8863998595875
5649,41,14529.278340185907,Rent,1,2065.154260458571,0,0.0,0,0,0.0,0,0.0
5650,45,56329.033703123845,Mortgage,1,1294.7542338932813,1,3961.1133001991657,0,0,0.0,1,0.0
5651,67,49859.59632850797,Mortgage,1,1441.1952318511144,1,7772.94429190286,1,0,0.0,1,0.0
5652,54,26184.23313332753,Mortgage,1,1340.8901700386375,1,3425.994961611872,0,0,0.0,1,3552.6235848905435
5653,74,517835.8779721175,Own,1,18918.92211081007,1,94407.1442715166,1,1,22343.91759584033,1,1.2739846026289199
5654,30,525.5206015037594,Rent,0,0.0,0,0.0,0,0,0.0,0,0.0
5655,74,108800.48699305877,Own,1,6057.253607661648,1,48404.70549443272,0,1,8418.207485757905,1,8.522866387829625
5656,45,14065.356337898855,Mortgage,1,785.0570634014808,1,4023.4273328314025,0,0,0.0,1,0.0
5657,91,559336.0951330853,Own,1,7859.088422514965,1,94276.57983136212,1,1,10792.951354531442,1,0.0
5658,88,89322.67051685581,Own,1,8430.359803655214,1,94828.57999951593,1,1,4321.494021803276,1,8576.949567159923
5659,30,7576.400144764051,Rent,1,517.1488455853189,1,1498.5669414924505,0,0,0.0,0,0.0
5660,58,47796.40552551725,Mortgage,1,612.0505978898977,1,9453.442446840776,0,0,0.0,1,2089.6752565207057
5661,85,167827.985198266,Own,1,9160.78260767972,1,77934.07249921707,1,1,5100.63254322451,1,4417.833651394625
5662,67,39323.5627115894,Mortgage,1,1319.098406626209,1,7349.408913904598,0,0,0.0,1,0.0
5663,58,29455.647654327015,Mortgage,1,1874.0149022853607,1,2577.2721553264882,1,0,0.0,1,0.0
5664,46,20149.64033279864,Mortgage,1,1598.2562644282466,1,3461.974087626633,0,0,0.0,1,8.012489659264217
5665,78,115144.48771229693,Own,1,7756.801222985647,1,92774.15459688628,1,1,22088.08810831179,1,12550.911612111959
5666,72,94756.90688785215,Own,1,5038.2619176238495,1,90490.02389968112,0,0,0.0,1,2391.0827309024853
5667,52,47850.279100801505,Own,1,2251.9839810855788,1,37254.50175780245,0,0,0.0,1,0.0
5668,32,24593.892245400995,Rent,1,1331.9894098271805,1,0.0,0,0,0.0,0,0.0
5669,29,20467.829733101556,Mortgage,1,2181.863269531659,1,1565.6325445321254,0,0,0.0,1,0.0
5670,56,32171.439899646917,Own,1,1889.2864102300466,1,2273.372307554837,0,0,0.0,0,0.0
5671,38,37765.053054441625,Rent,1,2026.226255395706,1,140.7201894453508,0,0,0.0,1,0.0
5672,91,71017.96144950118,Own,1,27820.101287310372,1,94637.79798273247,1,1,13846.373673828439,1,0.0
5673,50,35839.78900297927,Mortgage,1,2136.4814874961503,1,3665.746021583441,0,0,0.0,1,2355.910144604737
5674,40,621.3422023180174,Rent,0,0.0,0,0.0,0,0,0.0,0,0.0
5675,48,36045.995742071216,Mortgage,1,986.2198931073883,1,4453.9967009809725,0,0,0.0,1,0.0
5676,56,31070.430343722557,Mortgage,1,1323.3360341959033,1,8472.78026770559,1,0,0.0,1,0.0
5677,75,41606.56752737103,Own,1,3984.5917805856734,1,9215.458096695598,0,0,0.0,1,2.4776715147150217
5678,38,12595.030297054145,Mortgage,1,998.3112401876136,1,4730.838330278793,0,0,0.0,1,3543.722151583525
5679,88,101653.21644301954,Own,1,28704.211672976162,1,79908.0095502596,1,1,10936.757390727505,1,0.0
5680,49,55519.02740058997,Own,1,353.6661277060922,1,35097.788015906204,0,0,0.0,1,0.0
5681,64,16487.543161683738,Mortgage,1,429.46182771557943,1,8350.98376739316,0,0,0.0,1,0.0
5682,29,525.5206015037594,Rent,0,0.0,0,0.0,0,0,0.0,0,0.0
5683,74,95965.67438958613,Own,1,9802.510913420861,1,95964.9447474772,1,1,34588.60006284703,1,5.631328838899892
5684,74,159669.09763764235,Own,1,2349.4934512106884,1,76810.9649445882,0,0,0.0,1,0.0
5685,67,30086.870378870175,Mortgage,1,1370.4378866283691,1,9438.009546244532,1,0,0.0,1,0.0
5686,48,34112.8830117682,Rent,1,1447.2689750237716,1,3084.323768241525,0,0,0.0,0,0.0
5687,28,525.5206015037594,Rent,0,0.0,0,0.0,0,0,0.0,0,0.0
5688,60,65857.28515092783,Mortgage,1,1792.9496521710748,1,9548.507948711933,1,0,0.0,1,13.756230107489152
5689,75,100840.17749274647,Own,1,7816.571938154747,1,44209.00224302913,0,1,9263.015071952888,1,0.0
5690,30,24201.02552777814,Rent,1,0.0,1,469.67190967826923,0,0,0.0,0,0.0
5691,73,46049.41959552719,Own,1,1587.2953862299964,1,38275.33420954591,0,0,0.0,1,0.0
5692,62,59440.33657540888,Mortgage,1,1594.1968777249222,1,8043.162964199425,1,0,0.0,1,4655.393755328743
5693,29,525.5206015037594,Rent,0,0.0,0,0.0,0,0,0.0,0,0.0
5694,48,29886.98753989765,Mortgage,1,1254.8629624985774,1,5662.145605174141,0,0,0.0,1,0.0
5695,58,22601.000249571225,Mortgage,1,1939.0751551548526,1,9112.911201506671,1,0,0.0,1,2698.582108809351
5696,88,82500.06740147469,Own,1,38924.66351825629,1,93937.86306967378,1,1,18128.427413061505,1,0.0
5697,77,49131.36499309566,Own,1,911.3063866026985,1,1990.5656604108924,0,0,0.0,1,21.370239003202464
5698,40,17553.252518578454,Rent,1,652.8026709295124,1,887.440688182282,0,0,0.0,0,0.0
5699,37,7110.901186823834,Rent,1,575.1501530490789,0,0.0,0,0,0.0,0,0.0
5700,70,61566.72483415952,Own,1,3054.8047713488522,1,34204.683816093435,0,0,0.0,1,0.0
5701,40,9604.5857898027,Rent,1,49.46183773017901,1,0.0,0,0,0.0,0,0.0
5702,28,525.5206015037594,Rent,0,0.0,0,0.0,0,0,0.0,0,0.0
5703,58,25835.83892238149,Own,1,2019.526106660883,1,8673.398492254206,1,0,0.0,1,0.7266674035159959
5704,70,44489.39249362682,Mortgage,1,2007.3818819099522,1,7264.778791332511,1,0,0.0,1,4.169044427731365
5705,55,52189.83306679211,Own,1,2341.516330220322,1,7789.304017494253,0,0,0.0,1,0.0
5706,66,34003.41789185887,Own,1,1889.8684464977382,1,7887.046880328546,0,0,0.0,1,4.7090584388270855
5707,88,156800.22178825762,Own,1,10207.624498961053,1,78909.26142860281,1,1,7829.438642337225,1,6064.232681914275
5708,86,89798.21317086706,Own,1,3416.923410413429,1,78776.13199433686,1,1,19491.521243807816,1,14275.953824285065
5709,36,18807.879731976696,Rent,1,1095.0446476178008,1,0.10591819908358957,0,0,0.0,0,0.0
5710,51,38159.192284721175,Own,1,2503.273214284458,1,38789.78669196584,0,0,0.0,1,0.0
5711,26,525.5206015037594,Rent,0,0.0,0,0.0,0,0,0.0,0,0.0
5712,48,25113.52390424144,Mortgage,1,829.7880334619731,1,2306.5672841688584,0,0,0.0,0,0.0
5713,30,525.5206015037594,Rent,0,0.0,0,0.0,0,0,0.0,0,0.0
5714,41,13325.36169492657,Rent,1,697.0065944707412,1,2004.6131289663342,0,0,0.0,0,0.0
5715,30,3533.3796963241184,Rent,1,645.0579384823943,1,709.7612310068644,0,0,0.0,0,0.0
5716,36,17794.987120503654,Rent,0,0.0,0,0.0,0,0,0.0,0,0.0
5717,76,52886.88276515491,Own,1,2273.353863045947,1,39401.80964553589,0,0,0.0,1,0.0
5718,72,57313.508268653255,Mortgage,1,2465.574334204185,1,9569.905341157928,0,0,0.0,1,0.0
5719,86,86822.52872680892,Own,1,30975.603611190745,1,93045.65270343126,1,1,12955.165630218808,1,14.259485938313643
5720,30,525.5206015037594,Own,0,0.0,0,0.0,0,0,0.0,0,0.0
5721,46,13458.638692840348,Mortgage,1,746.8994746234556,1,9353.094548268069,0,0,0.0,1,0.0
5722,38,525.5206015037594,Rent,0,0.0,0,0.0,0,0,0.0,0,0.0
5723,55,21675.951057769067,Mortgage,1,1158.662553267428,1,4321.117560157234,0,0,0.0,1,0.0
5724,52,31754.48174178934,Own,1,1448.1175806615822,1,8698.712071973468,0,0,0.0,1,0.0
5725,30,21680.682505452423,Rent,1,461.1008871758168,1,529.4919315764541,0,0,0.0,0,0.0
5726,72,91169.17631905933,Own,1,3763.1848216478843,1,39470.01886772175,0,0,0.0,1,0.0
5727,75,43843.580744149906,Own,1,2254.746013207291,1,36693.36834462754,0,0,0.0,1,0.0
5728,76,51158.76815894219,Own,1,1497.8762323644196,1,36329.92553908302,0,1,36929.38972211879,1,0.0
5729,79,138193.69718104415,Own,1,5288.618180224254,0,0.0,0,1,7535.670388202944,1,0.0
5730,50,7317.804969495006,Rent,0,0.0,0,0.0,0,0,0.0,0,0.0
5731,47,19894.305631665,Rent,1,916.3640709434609,1,3092.6616623763844,0,0,0.0,0,0.0
5732,63,34777.88875846001,Own,1,1781.0920149577355,1,1928.002058862136,0,0,0.0,1,0.0
5733,31,37178.218752806664,Rent,1,898.0359143690239,1,1528.4199785527753,0,0,0.0,0,0.0
5734,28,14592.470968913753,Rent,1,63.236732679650345,0,0.0,0,0,0.0,0,0.0
5735,60,46345.1837438918,Mortgage,1,1895.060498376934,1,8704.62963382464,1,0,0.0,1,2480.2576604385313
5736,66,95481.99110647092,Own,1,2368.6056343168525,1,7955.215174828534,0,1,2.2834949163973413,1,0.0
5737,48,20618.74006905867,Mortgage,1,2462.568305267661,1,9727.30873816327,0,0,0.0,1,3724.18133514285
5738,77,137642.6956086333,Own,1,6926.38840233784,1,92952.34261084604,0,1,4291.403779494723,1,18.51458679390762
5739,71,16759.100058019045,Own,1,3923.464826669861,1,1646.0369380095076,0,0,0.0,1,0.0
5740,79,85684.70192638348,Own,1,5222.724493221292,1,94907.38728019907,1,1,26407.78128174266,1,10.12288515153758
5741,32,9681.971890494828,Rent,0,0.0,0,0.0,0,0,0.0,0,0.0
5742,36,20765.7436969268,Rent,1,724.903041735532,0,0.0,0,0,0.0,0,0.0
5743,75,48687.52648739608,Own,1,2237.327325903534,1,35741.5439749019,0,0,0.0,1,0.0
5744,38,525.5206015037594,Rent,0,0.0,0,0.0,0,0,0.0,0,0.0
5745,46,3809.2397920750627,Rent,1,535.4692318649412,1,1295.3436024085222,0,0,0.0,0,0.0
5746,73,58928.86849096627,Own,1,4759.8120230379045,1,37681.02918795971,0,0,0.0,1,2365.9029492286404
5747,43,46165.568417607254,Mortgage,1,1055.9609395022708,1,5224.3997252759345,0,0,0.0,1,0.0
5748,91,144277.095310427,Own,1,30496.804578283587,1,78920.73966499699,1,1,13930.691559582368,1,0.0
5749,78,864910.5898549859,Own,1,29394.177004230125,1,91070.19661765575,1,1,8996.348195585722,1,0.0
5750,64,28975.921192396272,Mortgage,1,1497.4580094107735,1,9596.878919920238,1,0,0.0,1,0.0
5751,49,7372.4975430229315,Mortgage,1,1127.653413837525,0,0.0,0,0,0.0,1,0.0
5752,30,14077.432490654359,Rent,1,465.8894130847394,1,3011.7001217263905,0,0,0.0,0,0.0
5753,72,25930.675749340615,Own,1,3601.1024167978107,1,42015.588899683054,0,1,6925.331351182932,1,0.0
5754,83,108423.21448669091,Own,1,8143.352476477548,1,37324.2199248338,1,1,7461.0067417837,1,6155.4502558597405
5755,78,63417.23466494861,Own,1,3233.4748221768145,1,96758.46639356414,1,1,28559.522535602882,1,6585.016458479609
5756,64,41143.53581543024,Mortgage,1,1933.1435393879508,1,8843.628481787704,0,0,0.0,1,5166.490799133034
5757,63,44204.04919399904,Mortgage,1,1861.586546747948,1,8876.41649652487,1,0,0.0,1,0.0
5758,54,28051.701521545612,Mortgage,1,1356.1921874215473,0,0.0,1,0,0.0,1,0.0
5759,71,65800.98384770894,Mortgage,1,2106.8883977769206,1,94317.94830392631,1,0,0.0,1,2.975644995109727
5760,69,46634.13184232654,Mortgage,1,2360.1675835415226,1,8235.202272789356,1,0,0.0,1,0.0
5761,78,99682.86503991958,Own,1,4760.494544417223,1,94717.80550446734,1,1,6357.271724714821,1,0.0
5762,90,62719.40515839676,Mortgage,1,1248.4943668948263,1,8337.535701089053,1,1,3.674168890134719,1,3687.0967971760074
5763,30,15633.464662993218,Rent,0,0.0,0,0.0,0,0,0.0,0,0.0
5764,37,29437.645705494495,Rent,1,1661.9017083746824,1,2659.799419324143,0,0,0.0,0,0.0
5765,76,28856.53784925761,Rent,1,652.8671087820186,1,714.8922640057385,0,0,0.0,0,0.0
5766,77,73582.1977726907,Own,1,5245.349354446293,1,96351.33103555796,1,1,7129.941681956189,1,4210.708574682902
5767,56,32743.618122191383,Mortgage,1,1508.4231785626462,1,3386.1018261266577,1,0,0.0,1,2938.03805643298
5768,33,1777.5483170683929,Rent,1,685.117625984153,0,0.0,0,0,0.0,0,0.0
5769,52,32010.867239449544,Mortgage,1,1907.7441220416822,1,2758.959108288134,0,0,0.0,1,2685.650894760619
5770,54,525.5206015037594,Rent,1,1204.4258568659482,0,0.0,0,0,0.0,0,0.0
5771,77,81980.64641739993,Own,1,888.6876875274719,1,43169.48175131189,0,1,0.0,1,0.0
5772,42,23767.512259552772,Rent,1,1432.7760962121465,0,0.0,0,0,0.0,0,0.0
5773,43,37454.59537055498,Mortgage,1,798.0943436760814,1,2742.733691379307,0,0,0.0,1,0.0
5774,31,525.5206015037594,Rent,0,0.0,0,0.0,0,0,0.0,0,0.0
5775,28,6384.613078855722,Rent,1,1120.2724134365092,1,2328.524520459043,0,0,0.0,0,0.0
5776,76,129130.16289783083,Own,1,3998.7410856143088,1,40709.37119787804,0,0,0.0,1,0.0
5777,66,34370.615588654146,Mortgage,1,2153.8099690212525,1,8276.59455524667,1,0,0.0,1,3.6329755962368333
5778,88,92692.39402115838,Own,1,4702.140062951489,1,92034.942197627,0,1,6669.247129634768,1,13.61575457978237
5779,87,109698.44820385663,Own,1,4844.3138325353675,1,94125.57850353373,1,1,17517.791981183695,1,2.5935085059504805
5780,30,1639.7959706953588,Rent,0,0.0,0,0.0,0,0,0.0,0,0.0
5781,60,13261.53808305068,Mortgage,1,1265.3887924838364,0,0.0,1,0,0.0,1,3611.256145916586
5782,40,1157.6778572102048,Rent,0,0.0,0,0.0,0,0,0.0,0,0.0
5783,55,10560.283934164967,Mortgage,1,1312.9898949616513,1,10307.824941661584,0,0,0.0,1,0.0
5784,50,21489.137707540933,Mortgage,1,1484.2677755541285,1,5196.719130736759,0,0,0.0,1,0.0
5785,39,1259.9514598253809,Rent,0,0.0,1,0.0,0,0,0.0,0,0.0
5786,91,126917.96233490855,Own,1,3988.77018200756,1,43506.80343357903,1,1,7244.535842849059,1,0.0
5787,32,525.5206015037594,Rent,1,455.5818685926903,0,0.0,0,0,0.0,0,0.0
5788,89,96586.59972930215,Own,1,33550.43744027841,1,94621.62424464135,1,1,7525.80693499862,1,17157.152522997378
5789,74,87047.56341488233,Own,1,1952.5451705238684,1,7981.038820450546,0,0,0.0,1,3375.0473114054985
5790,53,8460.800197059283,Rent,1,1007.5185981119238,1,635.8926024389655,0,0,0.0,0,0.0
5791,43,9953.348217290482,Rent,1,470.9204120869037,1,2013.2028047230979,0,0,0.0,0,0.0
5792,58,37015.59864445339,Mortgage,1,1835.4143483683645,1,9129.930136117466,0,0,0.0,1,3907.34941712518
5793,28,525.5206015037594,Rent,0,0.0,0,0.0,0,0,0.0,0,0.0
5794,57,42492.61237731717,Mortgage,1,3108.4548534772284,1,2020.3440064836248,1,0,0.0,1,0.0
5795,66,67658.94047856749,Own,1,1794.4205045743286,1,9222.662801773853,1,0,0.0,1,5796.227039360456
5796,38,8140.614610203649,Rent,1,466.75229813648417,0,0.0,0,0,0.0,0,0.0
5797,63,31985.78472092726,Own,1,1709.524427413646,1,36212.021508758204,0,0,0.0,1,0.0
5798,58,28807.02718278987,Mortgage,1,1529.7332684250941,1,3568.8972334128166,1,0,0.0,1,4.042252998650162
5799,55,13183.769141541256,Mortgage,1,1575.3166372562678,1,9320.142379294894,1,0,0.0,1,0.0
5800,60,59204.781342979055,Mortgage,1,2881.6849991068443,1,9138.156182109544,1,0,0.0,1,2605.0151379524823
5801,62,41260.457852565836,Mortgage,1,2103.04531072445,1,2290.0853891851516,1,0,0.0,1,3390.7912677091526
5802,55,47662.17963761934,Mortgage,1,2865.223679474979,1,9819.840960528585,1,0,0.0,1,0.0
5803,52,18223.402213925434,Mortgage,1,773.4894788889667,1,3968.5968039026016,0,0,0.0,1,0.0
5804,79,97483.32442263092,Own,1,4386.732892731455,1,46786.50026137339,0,0,0.0,1,0.0
5805,86,135783.86872052398,Own,1,37012.45366389766,1,92853.03578880531,1,1,10218.192555391583,1,0.0
5806,33,14873.792917788222,Rent,1,587.7942269812106,1,293.5348474676998,0,0,0.0,0,0.0
5807,74,48982.21858574177,Mortgage,1,2371.4502090537158,1,9507.464774550883,0,0,0.0,1,0.0
5808,33,525.5206015037594,Rent,0,0.0,0,0.0,0,0,0.0,0,0.0
5809,57,10366.126159221643,Mortgage,1,1350.0782601437163,1,3864.8859454133776,0,0,0.0,1,0.0
5810,27,1679.8821775915749,Rent,0,0.0,0,0.0,0,0,0.0,0,0.0
5811,33,23196.7440788577,Rent,1,956.8461987326973,1,2585.008665281468,0,0,0.0,0,0.0
5812,71,600942.4073383721,Own,1,33036.03251192669,1,96758.46639356414,1,1,20105.849264356184,1,0.6921919505700033
5813,73,53767.10359927095,Own,1,1255.9035271388955,1,78462.96496447806,0,0,0.0,1,0.0
5814,30,2867.3579495322756,Rent,0,0.0,0,0.0,0,0,0.0,0,0.0
5815,48,17994.64172717834,Rent,1,2118.7535081579745,1,1172.1835436097522,0,0,0.0,0,0.0
5816,48,20160.831512985013,Mortgage,1,1094.545338550548,1,4009.905707558035,0,0,0.0,1,3696.6607072019283
5817,31,2264.134519964504,Rent,1,0.0,0,0.0,0,0,0.0,0,0.0
5818,39,20559.527431333943,Rent,1,572.2767360746516,0,0.0,0,0,0.0,0,0.0
5819,54,128237.11385901566,Own,1,8097.34486469347,1,95244.3289474283,1,1,4491.606227597777,1,0.0
5820,90,114777.81709051988,Own,1,10084.94892295256,1,94281.76715113137,1,1,10115.624649393858,1,16.197856981709332
5821,38,7635.168819094617,Rent,1,587.6986158422277,1,462.13892674425165,0,0,0.0,0,0.0
5822,45,23276.18274031281,Mortgage,1,1412.1043432244235,0,0.0,0,0,0.0,1,0.0
5823,52,10874.962796973588,Rent,1,1086.3865548530446,1,1398.1183561607988,0,0,0.0,0,0.0
5824,61,44276.51748910875,Own,1,4087.8204395794146,1,8785.49479854467,0,0,0.0,1,0.0
5825,71,55830.83989364712,Own,1,1824.405997611081,1,35127.25653489388,0,0,0.0,1,0.0
5826,36,30556.296220065073,Rent,1,578.9163615676778,1,2219.4258405012633,0,0,0.0,0,0.0
5827,28,525.5206015037594,Rent,0,0.0,0,0.0,0,0,0.0,0,0.0
5828,51,4082.939595051279,Mortgage,1,835.1719741413737,0,0.0,1,0,0.0,1,0.0
5829,52,40174.94882945022,Mortgage,1,1652.4584609446936,1,9669.480105838022,0,0,0.0,1,0.46701918528355413
5830,56,46690.66880463419,Mortgage,1,2275.256818650791,1,3675.4305233283003,0,0,0.0,1,8.03287663330129
5831,35,3427.6112974943408,Rent,1,1078.3378534260955,0,0.0,0,0,0.0,0,0.0
5832,59,18702.52045310923,Mortgage,1,1713.619838521753,1,3726.032877263101,0,0,0.0,1,0.0
5833,27,12536.001748794362,Rent,1,277.0651983432043,1,718.396184462875,0,0,0.0,0,0.0
5834,90,79931.62787130933,Own,1,4191.496821522591,1,92395.75725453609,1,1,8141.724899409677,1,0.03382863716792241
5835,63,28163.340754104458,Mortgage,1,1631.3536364862493,1,8573.68508315294,1,0,0.0,1,3360.847249543624
5836,49,16798.83093450087,Mortgage,1,0.0,1,3914.671432199427,0,0,0.0,1,2267.1552524125154
5837,31,525.5206015037594,Rent,1,0.0,0,0.0,0,0,0.0,0,0.0
5838,45,17943.15683748417,Own,1,1379.008301136946,1,9633.476305508035,1,1,24.91861556533427,1,0.0
5839,29,1719.7488708671353,Rent,0,0.0,0,0.0,0,0,0.0,0,0.0
5840,32,26714.802180743467,Own,1,2165.84286582561,0,0.0,0,1,0.0,0,0.0
5841,29,525.5206015037594,Rent,0,0.0,0,0.0,0,0,0.0,0,0.0
5842,43,2400.313104665627,Mortgage,1,786.0229293321622,0,0.0,0,0,0.0,0,0.0
5843,90,87472.05121693519,Own,1,6227.483655945902,1,8422.670614532475,0,0,0.0,1,0.0
5844,41,18392.2865133425,Rent,1,0.0,1,154.01060507990292,0,0,0.0,0,0.0
5845,72,19407.815578105296,Own,1,1346.721218899235,1,35079.975041022175,0,0,0.0,1,0.0
5846,40,27105.019180745072,Rent,1,213.54516781501763,1,1900.465375833596,0,0,0.0,0,0.0
5847,50,525.5206015037594,Rent,1,1368.7923119861646,1,3178.723334498346,0,0,0.0,0,0.0
5848,56,31404.69909134812,Mortgage,1,1086.3865105252396,1,2277.8005377464638,0,0,0.0,1,0.0
5849,44,18324.287357233323,Rent,1,549.9752105260162,0,0.0,0,0,0.0,0,0.0
5850,63,23343.95540735033,Rent,1,1869.7270509230036,1,1245.4753436754027,0,0,0.0,1,8.146417505478206
5851,76,67663.24127171256,Own,1,1974.435894274775,1,44813.64335302976,0,0,0.0,1,5828.057700339954
5852,68,41782.787041526295,Mortgage,1,1920.2657408943394,1,47080.47801880052,0,1,2.718410720962388,1,0.0
5853,47,19467.571139936605,Mortgage,1,735.1992982582782,1,3704.365204834417,0,0,0.0,1,0.0
5854,30,12348.746467705592,Rent,0,0.0,1,1155.1666429492752,0,0,0.0,0,0.0
5855,59,44730.10079067718,Mortgage,1,1139.8743904377843,1,3006.8660560798376,0,0,0.0,1,0.0
5856,37,4235.888323502026,Rent,1,385.24463538472656,1,601.5127224104288,0,0,0.0,0,0.0
5857,30,525.5206015037594,Rent,0,0.0,0,0.0,0,0,0.0,0,0.0
5858,45,47478.81254451306,Mortgage,1,2169.429607306297,1,2131.325133195697,0,0,0.0,1,0.0
5859,36,53968.531858647424,Mortgage,1,1228.7555354540987,1,2845.4441589193593,0,0,0.0,1,0.0
5860,59,59607.65595737019,Own,1,2119.125435470949,1,8966.204556667806,0,0,0.0,1,0.08850293845820296
5861,31,15170.597835967372,Rent,1,735.1039934775707,1,3057.2292910564365,0,0,0.0,0,0.0
5862,46,20860.20004002544,Mortgage,1,719.1509040710466,1,3897.528994085894,0,0,0.0,1,4728.909933750336
5863,39,17144.492922646878,Mortgage,1,1581.6215419726345,1,4215.237524841794,0,0,0.0,1,0.0
5864,65,61559.77988298402,Mortgage,1,2464.438454932877,1,8957.839249846393,0,0,0.0,1,0.0
5865,60,22181.272663185155,Mortgage,1,1324.7020157734412,1,9244.732900997536,0,0,0.0,1,3801.808397645966
5866,41,48365.30891286017,Rent,1,1302.007229842005,1,1575.1025749652429,0,0,0.0,0,0.0
5867,89,95544.33537638094,Own,1,4464.612596943332,1,77819.08835138116,0,1,11810.865072013074,1,0.0
5868,53,19657.30046303726,Mortgage,1,1780.2744358994407,1,4389.263888117688,0,0,0.0,1,0.0
5869,40,19877.712899055885,Rent,1,2.0169015037569125,1,0.0,0,0,0.0,0,0.0
5870,38,4935.61296047508,Rent,1,0.0,1,0.0,0,0,0.0,0,0.0
5871,36,5470.729327064528,Rent,1,1123.1720464860541,1,924.777090191332,0,0,0.0,0,0.0
5872,64,25579.373204679887,Mortgage,1,1901.2094693268523,1,2417.4982936165898,0,0,0.0,1,0.0
5873,55,27886.324009002885,Own,1,1429.092246741794,1,3081.744226495501,0,0,0.0,1,0.0
5874,30,525.5206015037594,Rent,1,346.82067343860774,1,1730.0690649815187,0,0,0.0,0,0.0
5875,85,469041.8955178694,Own,1,6042.165930046457,1,95442.28440651053,1,1,8754.969204940833,1,11.433666005198582
5876,53,42936.539880314594,Mortgage,1,1202.9926928453706,1,3610.0773807061405,1,0,0.0,1,0.0
5877,70,156014.59908257562,Own,1,5223.2002251182,1,79723.96201535563,1,1,11158.810341166472,1,0.0
5878,86,186255.2566760108,Own,1,6758.853723500008,1,92237.50301622148,1,1,10958.579298710254,1,0.0
5879,88,56522.289565726125,Own,1,4461.696258058348,1,96655.66798889113,1,1,8788.723550997356,1,3.5158830361364832
5880,46,17544.267577099574,Rent,1,961.0233038395602,1,2719.200431232493,0,0,0.0,0,0.0
5881,85,31157.199851403755,Mortgage,1,4588.059048215414,1,8317.776658324967,1,1,8091.960596057144,1,6.617247769413128
5882,59,19200.256118654586,Mortgage,1,3552.7179544710484,1,3544.919947754387,0,0,0.0,1,0.0
5883,52,23852.30552313728,Rent,0,0.0,0,0.0,0,0,0.0,0,0.0
5884,41,49006.97433718644,Rent,1,1115.4979898903443,1,1328.5135405085548,0,0,0.0,0,0.0
5885,32,8015.895449514275,Rent,1,5.639192415520029,1,178.18976232035357,0,0,0.0,0,0.0
5886,52,30455.973199587585,Mortgage,1,809.6745098972424,1,2830.153145324123,0,0,0.0,1,0.0
5887,27,11195.011913721142,Rent,1,553.9159819406271,0,0.0,0,0,0.0,0,0.0
5888,62,34630.11252166057,Mortgage,1,2158.9115248504486,1,10208.307708410246,0,0,0.0,1,3266.5817918701414
5889,62,5418.006337071854,Mortgage,1,771.3753528860454,0,0.0,1,0,0.0,1,0.0
5890,70,79796.55110882675,Own,1,4293.834949325163,1,92995.3588291728,1,1,13703.336370654279,1,7543.072273502932
5891,30,6328.490763174199,Rent,1,499.36609647636647,0,0.0,0,0,0.0,0,0.0
5892,31,525.5206015037594,Rent,0,0.0,0,0.0,0,0,0.0,0,0.0
5893,74,24359.36966879491,Own,1,2662.7663618504175,1,9158.187266343897,0,0,0.0,1,2.953533866698375
5894,30,21131.262131061536,Rent,1,945.3642759163355,0,0.0,0,0,0.0,0,0.0
5895,35,525.5206015037594,Rent,0,0.0,0,0.0,0,0,0.0,0,0.0
5896,74,58136.38620873437,Mortgage,1,1748.104486854281,1,8979.275001846672,0,0,0.0,1,0.0
5897,29,14419.605734817287,Rent,1,1144.084881769765,1,0.0,0,0,0.0,0,0.0
5898,31,525.5206015037594,Rent,0,0.0,0,0.0,0,0,0.0,0,0.0
5899,64,43986.6550290378,Own,1,1532.576767782315,1,7669.931044423572,1,0,0.0,1,0.0
5900,30,525.5206015037594,Rent,0,0.0,0,0.0,0,0,0.0,0,0.0
5901,58,69663.77373541283,Mortgage,1,1705.326697247355,1,8182.102565854606,1,0,0.0,1,12.980991427250169
5902,34,1914.4481608088208,Rent,0,0.0,0,0.0,0,0,0.0,0,0.0
5903,91,202565.3201327787,Own,1,5961.352853005077,1,90867.85886341314,1,1,17776.681889526102,1,14132.289781611667
5904,89,105483.95582790599,Own,1,7058.165105078349,1,39496.835270215255,0,1,4339.619357543592,1,5271.635047537144
5905,61,33661.60245149315,Mortgage,1,1578.7612186958986,1,9176.542036475495,0,0,0.0,1,0.0
5906,75,48744.68398132168,Own,1,2470.3800454787197,1,7471.961857673166,0,0,0.0,1,0.0
5907,63,25263.36992770223,Mortgage,1,1688.904448278521,1,8697.30718688415,0,0,0.0,1,0.0
5908,43,30023.434419024023,Rent,1,1651.479658235029,1,1915.4684644354688,0,0,0.0,0,0.0
5909,39,11079.203380003659,Rent,1,61.394232689712794,0,0.0,0,0,0.0,0,0.0
5910,88,81818.11402688325,Own,1,5998.578659408239,1,92504.62233566801,1,1,5206.767086448676,1,8642.875093571494
5911,86,119883.71669873905,Own,1,7732.9257405472545,1,93221.83567854477,1,1,17496.641562019806,1,0.0
5912,61,525.5206015037594,Rent,0,0.0,0,0.0,0,0,0.0,0,0.0
5913,30,525.5206015037594,Rent,0,0.0,0,0.0,0,0,0.0,0,0.0
5914,35,12028.203154949628,Rent,1,693.0351777669539,1,946.501139512854,0,0,0.0,0,0.0
5915,73,28648.99778367603,Mortgage,1,4062.5267925644957,1,9427.943569295167,1,0,0.0,1,3001.855499093845
5916,63,28521.302991057113,Mortgage,1,2781.288106777449,0,0.0,0,0,0.0,1,0.0
5917,49,10634.703977715844,Rent,1,1025.538108008277,1,1592.8747696427342,0,0,0.0,0,0.0
5918,54,17968.658326733108,Mortgage,1,1654.0597377224735,1,2396.059784520252,1,0,0.0,1,0.0
5919,80,100215.66626933459,Own,1,7538.950706746844,1,91462.9505220157,1,1,7895.758132330187,1,10076.131404915834
5920,61,47294.9522920683,Mortgage,1,2542.1472816537907,1,7679.908764367941,1,0,0.0,1,0.0
5921,51,40424.5352193267,Mortgage,1,2368.55382879829,1,9279.440094654568,1,0,0.0,1,0.0
5922,35,11849.677024625194,Rent,1,303.6309700753262,1,1504.3399637111486,0,0,0.0,0,0.0
5923,68,20182.679124870923,Mortgage,1,1575.903829798576,1,8729.715994035318,1,0,0.0,1,3296.8901458043906
5924,39,525.5206015037594,Rent,0,0.0,0,0.0,0,0,0.0,0,0.0
5925,30,525.5206015037594,Rent,0,0.0,0,0.0,0,0,0.0,0,0.0
5926,59,43150.333434925036,Mortgage,1,1326.6188627771278,1,3592.7448430208365,1,0,0.0,1,0.0
5927,41,21157.138455116405,Mortgage,1,1203.3559444312484,1,4425.631858346018,0,0,0.0,1,0.0
5928,63,39556.433122762675,Mortgage,1,2117.9357451699684,1,9053.665146508078,1,0,0.0,1,0.0
5929,52,33204.860753705034,Mortgage,1,1515.140220874359,1,4445.987319507152,1,0,0.0,1,0.0
5930,43,33994.4102648745,Mortgage,1,1162.5020504235943,1,5020.307279946304,0,0,0.0,1,4.403096631850077
5931,33,15187.638451856732,Rent,1,0.0,1,333.23721387667274,0,0,0.0,0,0.0
5932,72,47546.10756550255,Own,1,3554.084905131798,1,81102.85258179768,1,1,3.453480790931782,1,5393.101851561449
5933,31,5396.9771645023775,Rent,1,412.97897671173683,1,2419.6217389420503,0,0,0.0,0,0.0
5934,27,525.5206015037594,Rent,0,0.0,0,0.0,0,0,0.0,0,0.0
5935,36,22332.662058846603,Rent,1,720.6887538332902,1,2032.482719451319,0,0,0.0,0,0.0
5936,54,29738.59333409147,Mortgage,1,1375.255655471988,1,2757.8638974751516,0,0,0.0,1,0.0
5937,42,32736.80840005103,Mortgage,1,1158.6193188816374,1,4721.751137481904,0,0,0.0,1,3.0241916553833623
5938,41,525.5206015037594,Rent,1,0.0,0,0.0,0,0,0.0,0,0.0
5939,60,38978.339335562225,Mortgage,1,2556.5987413833377,1,3313.8722660484063,1,0,0.0,1,6.059479323704589
5940,55,39189.08656982188,Rent,1,1175.68440082796,1,2552.301560318803,0,0,0.0,1,4.927285118554838
5941,76,108990.60060457175,Own,1,3166.696612006616,1,95701.18046588289,0,1,4262.4133501050355,1,0.0
5942,72,36026.00931679469,Own,1,2249.096551742896,1,35550.88847928253,0,0,0.0,1,0.0
5943,37,12258.221738689354,Rent,1,926.08342240326,1,1657.090809649811,0,0,0.0,0,0.0
5944,65,35104.632641667755,Mortgage,1,1556.8050308402392,1,8790.74990930657,1,0,0.0,1,2360.480463684721
5945,37,19244.73823592827,Rent,1,433.0724647838433,1,2566.6058114819975,0,0,0.0,0,0.0
5946,91,125128.32702468999,Own,1,6181.360467472688,1,96758.46639356414,1,1,22586.64388743335,1,19.118873865810176
5947,29,14310.270530013753,Rent,1,70.70762272353556,0,0.0,0,0,0.0,0,0.0
5948,78,73066.2680104018,Own,1,2946.936980024711,1,44397.190450576076,0,1,11168.475089754209,1,2.5207318196496025
5949,55,24568.760714873737,Mortgage,1,723.5224056662546,1,2675.881548795708,0,0,0.0,1,0.0
5950,43,3685.5827753332633,Rent,0,0.0,0,0.0,0,0,0.0,0,0.0
5951,72,75525.73267152422,Own,1,11228.986998151215,1,41951.94465561419,0,1,5313.490702955649,1,0.0
5952,50,32099.551413767727,Mortgage,1,2430.3643145218257,1,3946.199082900759,0,0,0.0,1,0.0
5953,42,37994.47910689076,Mortgage,1,944.2767245599879,1,3376.05331175235,0,0,0.0,1,3324.560893279347
5954,71,68385.50643933055,Mortgage,1,2258.0835636855877,1,9431.986764309819,1,0,0.0,1,6.539421022934979
5955,32,5402.993463735222,Rent,1,816.8474085267176,0,0.0,0,0,0.0,0,0.0
5956,65,42726.74303921718,Own,1,4416.7833538098,1,8575.53351738184,1,1,0.0,1,5003.930258796081
5957,35,18393.636115602843,Rent,1,943.9161702311956,0,0.0,0,0,0.0,0,0.0
5958,31,6390.700226399997,Rent,1,186.61360303619892,1,2145.283400608041,0,0,0.0,0,0.0
5959,66,31439.228001687057,Mortgage,1,6237.269952173006,1,43220.4801713914,1,0,0.0,1,15.231674712651234
5960,33,22056.759860615504,Rent,1,1132.64830808487,1,1843.2591277946606,0,0,0.0,0,0.0
5961,36,1224.8246347292115,Rent,0,0.0,0,0.0,0,0,0.0,0,0.0
5962,72,39977.243781768775,Own,1,3970.6760972259226,1,43989.485157811825,0,1,6060.640033433157,1,5269.251459563799
5963,66,39635.3394334087,Mortgage,1,2258.651862202177,1,7906.149274537916,1,0,0.0,1,5955.120996796529
5964,70,574929.2690099167,Own,1,3084.364805608772,1,7971.9710454008,1,1,10428.643257346936,1,0.0
5965,28,19325.706846231857,Rent,1,0.0,1,1256.9700907503106,0,0,0.0,0,0.0
5966,91,814443.8888292738,Own,1,37023.25492898477,1,93869.04803465746,1,1,8305.696626196794,1,17728.573445096503
5967,66,15447.798532758761,Own,1,1783.2900868000484,1,35793.99641287394,0,0,0.0,1,6746.085630263562
5968,48,19876.10835901917,Mortgage,1,297.43063312965387,1,2963.3551427258503,0,0,0.0,0,0.0
5969,50,69558.90509095519,Mortgage,1,2392.826677534781,1,9002.882976221326,1,0,0.0,1,0.0
5970,71,45688.9647668519,Own,1,2126.3529597403995,1,9307.246298600106,0,0,0.0,1,0.0
5971,64,40822.188618137414,Mortgage,1,612.6898396939052,1,9856.690030311858,0,0,0.0,1,3930.251667656354
5972,27,525.5206015037594,Rent,0,0.0,0,0.0,0,0,0.0,0,0.0
5973,29,18011.639296911268,Rent,1,0.0,1,189.23374731142349,0,0,0.0,0,0.0
5974,68,36392.30851850795,Mortgage,1,1968.8564357034336,1,1595.7323791464987,0,0,0.0,1,0.0
5975,35,8942.23712145176,Rent,1,399.4594690226915,1,1166.3730448942629,0,0,0.0,0,0.0
5976,36,13371.858802921339,Rent,1,1844.0039115497946,1,1447.0914822707705,0,0,0.0,1,0.0
5977,31,525.5206015037594,Rent,0,0.0,0,0.0,0,0,0.0,0,0.0
5978,45,36907.170413793065,Mortgage,1,1758.7868998349347,0,0.0,0,0,0.0,1,3833.8602234799705
5979,90,756665.2513129086,Own,1,3949.76076256022,1,93238.06348917673,1,1,36365.27747381933,1,0.0
5980,91,60075.173557581336,Own,1,8781.93710061741,1,90287.45533915686,1,1,7439.147368807896,1,10307.446926023258
5981,31,19916.66640405503,Rent,1,87.70420343522892,0,0.0,0,0,0.0,0,0.0
5982,55,40173.585292868665,Rent,1,916.8341673152761,1,2704.466518825454,0,0,0.0,0,0.0
5983,32,600.8821391354322,Mortgage,1,800.2701961474377,1,2181.786780568531,0,0,0.0,0,0.0
5984,89,147577.81462648537,Own,1,17695.65807742598,1,94351.27693362,1,1,13117.080818831633,1,9312.80470839341
5985,77,199620.29611292534,Own,1,21118.401509749783,1,82267.7124696055,1,1,20408.122117272284,1,14.886700658890168
5986,28,525.5206015037594,Rent,0,0.0,0,0.0,0,0,0.0,0,0.0
5987,79,36297.05936461847,Own,1,1808.6435761709247,1,7738.829482297979,1,0,0.0,1,0.0
5988,76,165897.55671374925,Own,1,3492.7812640130737,1,95445.42569452015,1,1,18617.14863511168,1,8.08906884688618
5989,49,42050.467269743436,Mortgage,1,1953.9805253804786,1,10204.850512091369,1,0,0.0,1,0.0
5990,89,111684.60377733965,Own,1,12524.419669015975,1,42685.03752330898,1,1,6321.568326904976,1,5840.532758683131
5991,38,29135.242685306715,Rent,1,378.77120960850607,1,1779.9187690031702,0,0,0.0,0,0.0
5992,57,28551.570040663115,Mortgage,1,1734.697532478625,1,3971.317241896305,1,0,0.0,1,2805.63258363705
5993,31,525.5206015037594,Rent,0,0.0,0,0.0,0,0,0.0,0,0.0
5994,28,13939.803838464391,Rent,0,0.0,1,0.0,0,0,0.0,0,0.0
5995,27,17136.383776271843,Rent,1,874.8232325205752,0,0.0,0,0,0.0,0,0.0
5996,89,104602.71158463409,Own,1,8174.053133353866,1,71882.73556973826,1,1,4404.95066595382,1,17839.09745352217
5997,39,8990.749631617145,Rent,1,291.6094466759123,1,1686.3440251989025,0,0,0.0,0,0.0
5998,67,50941.68760554382,Own,1,1760.7812434144562,1,7936.966711397436,0,0,0.0,1,0.0
5999,91,54029.17736849001,Own,1,35816.04449131036,1,91437.3542505399,1,1,8237.753314548294,1,16.6273556511046
6000,36,525.5206015037594,Rent,0,0.0,0,0.0,0,0,0.0,0,0.0
6001,68,121428.28534127245,Own,1,7717.530203244533,1,71686.5803499182,1,1,4930.019983238419,1,4.5990124335743365
6002,41,11427.043617995132,Rent,1,0.0,1,0.0,0,0,0.0,0,0.0
6003,53,23923.909972915684,Mortgage,1,2131.8181675104115,1,8239.575135535059,1,0,0.0,1,2488.703354622822
6004,62,22000.838398462696,Mortgage,1,1708.4590682461517,1,1534.5354459088028,0,0,0.0,1,3412.48292375472
6005,74,107508.89597134886,Own,1,11513.279386740243,1,93609.0674095514,1,1,7099.685446565247,1,9.192074079680463
6006,45,16633.13294307997,Mortgage,1,1065.0681756910656,1,2533.0933643284757,0,0,0.0,1,0.0
6007,39,34482.376037667906,Own,1,2044.6922417116473,1,2133.930493753752,0,0,0.0,1,0.0
6008,53,26457.489078032755,Mortgage,1,2434.353043902155,1,9218.851218175963,0,0,0.0,1,0.0
6009,30,27298.25528134553,Rent,1,197.76706980662038,1,3047.1586121940804,0,0,0.0,0,0.0
6010,47,21626.21728531732,Rent,1,955.5326550516211,1,3265.9252361756135,0,0,0.0,0,0.0
6011,48,61909.400388796894,Mortgage,1,1675.3735719698652,1,2390.7616901415417,1,0,0.0,1,0.0
6012,87,111509.97023131576,Own,1,3629.8434716853308,1,95653.31404951449,1,1,8398.440812787727,1,8990.224801365603
6013,36,17652.98089923506,Rent,1,216.6465183626533,1,2682.1759415106526,0,0,0.0,1,0.0
6014,63,30793.19416721003,Mortgage,1,2236.3824135111663,1,8280.97686958424,1,0,0.0,1,4279.117768398511
6015,42,37932.512084681504,Rent,1,1828.848578113805,1,32872.235518527865,0,0,0.0,0,0.0
6016,47,5036.97831096669,Mortgage,1,1166.7641097687017,1,4275.9582894617615,0,0,0.0,1,2397.4291888557404
6017,36,10775.174111773214,Rent,1,322.39812152540924,1,195.3772651606248,0,0,0.0,0,0.0
6018,71,174049.6020138109,Own,1,4187.396709317744,1,40416.997712453114,0,0,0.0,1,0.0
6019,55,51326.29963426529,Mortgage,1,2125.6952154283126,1,9135.515710804297,1,0,0.0,1,0.0
6020,30,525.5206015037594,Rent,0,0.0,0,0.0,0,0,0.0,0,0.0
6021,80,66773.28866625231,Own,1,1552.0148358885015,1,41793.54367877678,0,1,4447.913009173756,1,0.0
6022,70,39331.507557521676,Own,1,1961.2252759348303,1,34081.25316359062,0,0,0.0,1,1.0711493423670977
6023,30,1426.489126697803,Rent,0,0.0,0,0.0,0,0,0.0,0,0.0
6024,76,22632.058673538944,Rent,1,648.6905873245879,1,777.7776070104187,0,0,0.0,0,0.0
6025,76,112711.87718956902,Own,1,7489.621377594258,1,38261.7402045962,0,1,4176.191430916684,1,17.708543622681987
6026,47,32163.627631111307,Mortgage,1,1423.4380290620609,1,9335.287496304647,1,0,0.0,1,0.0
6027,30,2193.419775024011,Rent,1,0.0,0,0.0,0,0,0.0,0,0.0
6028,39,13103.940106012977,Rent,1,0.0,1,0.0,0,0,0.0,0,0.0
6029,87,80284.84691857945,Own,1,8341.076796272046,1,91001.23465230406,1,1,8056.411431326706,1,7.599581720404239
6030,77,97186.2397405906,Rent,1,641.0342592965354,1,1172.0601214397875,0,0,0.0,0,0.0
6031,37,23590.385673741,Rent,1,505.0165617771943,0,0.0,0,0,0.0,0,0.0
6032,45,26047.070334600947,Rent,1,446.5420697712054,0,0.0,0,0,0.0,1,2.231509428994517
6033,61,29032.30832897774,Mortgage,1,2129.9963823289067,1,9642.218174497071,0,0,0.0,1,0.0
6034,88,70039.36559387401,Own,1,6249.777019474287,1,94517.74145822802,1,1,5312.816143141193,1,0.0
6035,31,10239.433698841807,Rent,0,0.0,1,1308.8369932510561,0,0,0.0,0,0.0
6036,29,4592.822116482603,Rent,1,836.770202067984,1,134.30407598379884,0,0,0.0,0,0.0
6037,32,16073.268695067734,Rent,1,494.46870147841247,1,773.8586312231407,0,0,0.0,0,0.0
6038,30,525.5206015037594,Rent,0,0.0,0,0.0,0,0,0.0,0,0.0
6039,32,21422.647438350374,Rent,1,1504.6090920409756,1,1844.3113891639964,0,0,0.0,1,0.0
6040,57,34111.29909971031,Mortgage,1,2008.1633240362276,1,7406.9945865807085,1,0,0.0,1,2293.566768659062
6041,91,98203.68801976202,Own,1,12363.69967754618,1,93092.78321308346,1,1,14519.659612518866,1,11509.590978539673
6042,29,21777.56757133193,Rent,0,0.0,0,0.0,0,0,0.0,0,0.0
6043,91,74114.51851056388,Own,1,3473.7513470681392,1,41990.26994266825,0,1,12281.961248564616,1,17.049788491568815
6044,74,116128.98669468236,Own,1,4638.737026347536,1,36110.9411559052,0,1,4099.4674866536525,1,10569.829284439937
6045,47,4569.184332315255,Rent,1,113.40723787495585,0,0.0,0,0,0.0,0,0.0
6046,89,415759.5062609374,Own,1,5874.213167811073,1,94562.07761509901,1,1,8551.557124788013,1,9390.017255818075
6047,64,14575.18555550816,Mortgage,0,0.0,0,0.0,0,0,0.0,1,11.67084736928141
6048,29,525.5206015037594,Rent,0,0.0,0,0.0,0,0,0.0,0,0.0
6049,61,97179.42096171527,Own,1,40909.86862495847,1,40780.72194483601,0,1,8073.850737713679,1,5889.333731260729
6050,83,74629.11182370086,Own,1,31027.50841116958,1,80950.06494320881,1,1,4960.331459170937,1,6.618266542395606
6051,73,32982.56402779784,Own,1,2244.1428548591,1,1963.8275969306667,0,0,0.0,1,0.0
6052,30,28567.744883727362,Rent,1,0.0,1,753.1548035047731,0,0,0.0,0,0.0
6053,55,35685.84531467629,Mortgage,1,1750.9457366648305,1,706.4892559391844,1,0,0.0,1,0.0
6054,74,167224.21172909846,Own,1,31675.185471465138,1,95706.94675195971,1,1,37840.366575703025,1,0.0
6055,51,39545.359082849056,Mortgage,1,1305.7105433254442,1,3806.992670505324,0,0,0.0,1,17.29737786071588
6056,89,117783.49079495022,Own,1,4116.589131045099,1,41955.65145565935,1,1,11573.113252155503,1,6339.711400173988
6057,61,43995.79306758989,Mortgage,1,1600.2054354714178,1,8604.192514121345,1,0,0.0,1,0.0
6058,50,22482.22632861694,Rent,1,228.26117161608886,1,2872.977373408334,0,0,0.0,0,0.0
6059,29,24720.011214305887,Mortgage,1,901.3757448134693,1,2672.031825537479,0,0,0.0,1,0.0
6060,28,19253.468427052736,Rent,1,784.5412872266336,1,1008.7348833564326,0,0,0.0,0,0.0
6061,72,33132.82810649191,Own,1,3191.781020532758,1,92294.21011156427,1,1,10735.030343660796,1,15847.821883654324
6062,57,35430.57868673133,Mortgage,1,1692.8018530161028,0,0.0,1,0,0.0,1,0.0
6063,29,525.5206015037594,Rent,0,0.0,0,0.0,0,0,0.0,0,0.0
6064,61,44196.720388995374,Mortgage,1,2046.1306998328168,1,7760.064079766996,1,0,0.0,1,5573.148767882761
6065,70,32853.42833626736,Mortgage,1,380.6463348629091,1,8418.410759950404,0,0,0.0,1,0.0
6066,44,9961.591011818571,Rent,1,1096.7910738064554,1,2737.5443041577482,0,0,0.0,1,0.0
6067,90,75412.15462349338,Own,1,3111.8877917253467,1,92831.39044183976,1,1,9594.142132450694,1,9262.56494311678
6068,74,42675.972122022715,Rent,1,1785.0407713350498,1,2470.6258860662183,0,0,0.0,0,0.0
6069,59,41278.96453862205,Mortgage,1,1237.9110947725876,0,0.0,0,0,0.0,1,16.175005428118087
6070,31,17361.4972082662,Rent,1,361.3873220887657,1,299.5976309684802,0,0,0.0,0,0.0
6071,46,41673.06973756968,Mortgage,1,1517.3684492705706,1,9252.302772595025,0,0,0.0,1,0.0
6072,71,22742.666278423636,Own,1,1528.3736387090257,0,0.0,1,1,0.0,1,0.0
6073,38,25747.76356788831,Own,1,1133.89059561031,0,0.0,0,0,0.0,1,0.0
6074,76,76326.94400304218,Own,1,4078.846460202376,0,0.0,1,1,19046.209883077798,1,9965.941746313176
6075,58,41874.98174467419,Mortgage,1,1129.7535006291414,1,4339.365279670643,0,0,0.0,1,0.0
6076,53,12098.20459717562,Mortgage,1,1354.5062330359253,0,0.0,0,0,0.0,1,0.0
6077,35,26105.867338380307,Own,1,2058.9157487152606,1,35240.89026000772,0,0,0.0,1,0.0
6078,30,14754.772545558955,Rent,1,1051.7132275900417,1,2316.907132804645,0,0,0.0,0,0.0
6079,63,15020.211987110191,Mortgage,1,1299.5366425651164,1,3235.5394704685277,0,0,0.0,1,0.0
6080,37,14556.545112300322,Rent,0,0.0,0,0.0,0,0,0.0,0,0.0
6081,29,5038.9340336871355,Rent,0,0.0,0,0.0,0,0,0.0,0,0.0
6082,32,525.5206015037594,Rent,0,0.0,0,0.0,0,0,0.0,0,0.0
6083,29,7181.654259539362,Rent,1,0.0,0,0.0,0,0,0.0,0,0.0
6084,41,53817.32583587691,Own,1,2545.3002406674123,1,7992.693486711174,1,0,0.0,1,0.3779042714562486
6085,31,14507.697189583534,Rent,1,170.22951438185225,0,0.0,0,0,0.0,0,0.0
6086,88,77051.51737124122,Own,1,5293.449165348141,1,77228.39525389389,1,1,4340.36981296165,1,0.0
6087,78,103425.23424087054,Own,1,3255.472413549951,1,91372.68179815884,1,1,10713.88557671827,1,0.0
6088,35,3566.7271835004576,Rent,1,0.0,1,0.0,0,0,0.0,0,0.0
6089,31,9782.981837981559,Rent,1,0.0,0,0.0,0,0,0.0,0,0.0
6090,45,12589.83485100331,Rent,1,321.7880527214015,1,1161.7283430688403,0,0,0.0,0,0.0
6091,89,47379.240945421494,Own,1,9106.971387229205,1,95161.4306616929,1,1,9724.827468394076,1,9574.505277322776
6092,45,25630.31885051415,Mortgage,1,2088.524080318925,1,2559.2019356551295,0,0,0.0,1,0.0
6093,67,45241.31759924129,Mortgage,1,6704.458152865013,1,2909.006070622507,1,0,0.0,1,13.309265614107304
6094,27,17967.855475990887,Rent,1,1168.4612145583042,1,3725.5384528326026,0,0,0.0,0,0.0
6095,90,202383.33170760376,Own,1,8235.78382629139,1,95095.3385329378,1,1,13155.172358555845,1,13049.20906521189
6096,66,42740.40045023503,Mortgage,1,2458.86452735007,1,8389.731469157457,1,0,0.0,1,4.2022401566299585
6097,76,92474.43815658653,Own,1,3525.575551023885,1,44924.94501096192,1,1,10661.59040027885,1,14189.17636017242
6098,86,84017.01562980581,Own,1,10105.601473310295,1,78413.49105960922,1,1,17593.069855976682,1,19.44090625338204
6099,29,525.5206015037594,Rent,0,0.0,0,0.0,0,0,0.0,0,0.0
6100,31,18143.19662628226,Rent,1,855.1948676618305,1,1230.3891446647503,0,0,0.0,0,0.0
6101,74,83651.52998714417,Own,1,2152.702694671563,1,8766.417633111481,0,0,0.0,1,0.0
6102,42,17464.9691345751,Rent,1,817.7930809022428,0,0.0,0,0,0.0,0,0.0
6103,30,525.5206015037594,Rent,1,0.0,0,0.0,0,0,0.0,0,0.0
6104,31,5003.379951081026,Rent,1,365.6612908374779,1,0.0,0,0,0.0,0,0.0
6105,51,37640.29272318447,Mortgage,1,937.738040866869,1,4489.608871363723,0,0,0.0,1,0.0
6106,42,9794.850018525372,Mortgage,1,2182.9865879702265,1,4210.9061608204465,0,0,0.0,1,0.0
6107,29,9579.267390772435,Rent,1,606.1859110835355,1,1960.5256285282774,0,0,0.0,0,0.0
6108,47,18410.6857327121,Rent,1,952.110777534141,1,1880.180037621626,0,0,0.0,0,0.0
6109,89,96439.2740662017,Own,1,4412.383029107783,1,89856.47807584435,1,1,28846.849012343904,1,3868.144062358151
6110,76,22114.59490785774,Own,1,1658.6734117914727,1,40642.3861483947,1,1,4991.305437566022,0,0.0
6111,65,39299.94862581474,Mortgage,1,1158.2483542576929,1,3592.47702978765,1,0,0.0,1,3788.2081092088783
6112,50,13844.31018696345,Rent,1,993.2056374896675,1,3030.5489495131883,0,0,0.0,0,0.0
6113,70,41991.350202287445,Own,1,943.6063504306954,1,844.9952337247466,0,0,0.0,1,0.0
6114,70,32192.13156727214,Own,1,1426.832183495545,1,2916.363485059906,0,0,0.0,1,3368.213597300756
6115,41,13172.639739144786,Rent,1,142.84367825759648,1,140.41485292949233,0,0,0.0,0,0.0
6116,82,116652.49947623917,Own,1,8630.10170908623,1,39519.80377597716,1,1,13653.724807163635,1,0.0
6117,34,21570.94805299227,Rent,0,0.0,0,0.0,0,0,0.0,0,0.0
6118,29,20288.95598781403,Rent,1,0.0,1,0.0,0,0,0.0,0,0.0
6119,31,25107.007390822677,Own,1,722.0098110773106,1,36815.77348142666,0,0,0.0,1,0.0
6120,37,4017.169133090365,Rent,0,0.0,1,0.0,0,0,0.0,0,0.0
6121,30,525.5206015037594,Rent,0,0.0,0,0.0,0,0,0.0,0,0.0
6122,47,8329.916071827836,Rent,0,0.0,0,0.0,0,0,0.0,0,0.0
6123,55,39036.28229187792,Mortgage,1,1630.6532908960617,1,8468.681090185264,1,0,0.0,1,0.0
6124,90,111387.67400787293,Own,1,3972.157985429619,1,90659.06651714892,0,1,11305.433888327956,1,0.0
6125,63,46316.51355016425,Mortgage,1,936.4793972657408,1,8290.112291478788,1,0,0.0,1,0.0
6126,44,20458.84753793163,Mortgage,1,1206.88195354552,1,1370.1889399518482,0,0,0.0,0,0.0
6127,89,64752.003409291705,Own,1,9492.527277447072,1,94398.51782625544,1,1,10330.260529036696,1,5.421661354101586
6128,51,42547.891130120515,Mortgage,1,1431.4762559059527,1,9620.57864427949,1,0,0.0,1,0.0
6129,52,29654.597439444748,Mortgage,1,3449.9058688627083,1,3799.2688248435443,0,0,0.0,1,0.0
6130,87,73324.98688692569,Own,1,2989.2496714276053,1,93206.40292781127,1,1,3937.2654359215767,1,21.457193655228288
6131,90,175173.82913877844,Own,1,2406.182386367317,1,74481.81111906627,1,1,20515.78698162517,1,7372.996016999499
6132,44,17689.055671842572,Mortgage,1,1485.0454625647012,1,1963.4401782339637,0,0,0.0,1,0.0
6133,29,32297.80075340947,Rent,1,1992.4898536108674,1,2219.4630189008226,0,0,0.0,0,0.0
6134,46,7635.9888011908315,Mortgage,1,924.140141837042,1,2562.0980800986968,0,0,0.0,1,1.669338857719308
6135,64,41358.333651475004,Own,1,2484.636358421961,1,8921.695698721604,0,0,0.0,1,0.0
6136,38,34423.92925662654,Own,1,1790.4349998447574,1,523.6942165283458,0,0,0.0,1,3.6850026052938523
6137,90,78174.40597466186,Own,1,5890.1774776885095,1,94507.90324974617,1,1,7284.127202084752,1,9469.912733485335
6138,50,29931.80664628689,Mortgage,1,1107.1371982647722,1,3228.482150323673,0,0,0.0,1,0.0
6139,29,525.5206015037594,Rent,0,0.0,0,0.0,0,0,0.0,0,0.0
6140,88,549750.4051888123,Own,1,36743.71313579669,1,94044.05858371891,1,1,20589.56520911497,1,15178.258468427153
6141,31,5036.368550909307,Rent,1,301.59567368559476,1,0.0,0,0,0.0,0,0.0
6142,36,5917.515968841297,Rent,1,406.31222260206266,1,774.8873025875616,0,0,0.0,0,0.0
6143,85,95158.84200106481,Own,1,9665.732861627566,1,93081.62019710934,1,1,4498.495763772902,1,6658.030472078613
6144,44,28487.453480267373,Mortgage,1,1442.5694368616014,1,3329.7471897458063,0,0,0.0,0,0.0
6145,40,19516.866769402364,Mortgage,1,1406.456106077881,1,3769.614330709758,1,0,0.0,1,3149.851930121847
6146,50,46397.0659025758,Mortgage,1,2965.8641113234316,1,8911.97642765719,1,0,0.0,1,0.01993528488713671
6147,42,40756.54290486933,Own,1,2586.714171748777,1,1401.2264887576953,0,0,0.0,0,0.0
6148,87,109333.4510119579,Own,1,6764.743975147365,1,45837.110858736174,1,1,4660.4591233709725,1,7.863780343231729
6149,71,32069.056298084506,Mortgage,1,2346.4305502012185,1,2789.4420390641963,0,0,0.0,1,5395.714028686954
6150,83,84504.27814889776,Own,1,32126.662928706533,1,94432.87360741057,1,1,17018.399573008137,1,23.87140226964289
6151,30,60158.05791094429,Rent,1,919.2564056250143,1,0.0,0,0,0.0,0,0.0
6152,31,16975.70664760332,Rent,1,357.16229123675157,0,0.0,0,0,0.0,0,0.0
6153,26,16112.113169161381,Rent,0,0.0,0,0.0,0,0,0.0,0,0.0
6154,58,48645.75817759581,Mortgage,1,2149.583280470084,1,9074.510047573951,1,0,0.0,1,0.0
6155,77,34830.00402474523,Mortgage,1,1582.8518491512493,1,1956.8566010289437,0,0,0.0,1,2533.628869788004
6156,51,12768.313942694747,Rent,1,701.4537815053811,1,2564.6075875806164,0,0,0.0,0,0.0
6157,74,101315.46677280258,Own,1,3760.792155041715,1,35472.29751716773,0,1,6775.382736410218,1,19.240151405147394
6158,60,40178.71558735355,Own,1,1605.096830606721,1,9163.090398165099,0,0,0.0,1,4940.649092712269
6159,51,15559.943105558748,Mortgage,1,1503.1802039970667,1,3227.302374171434,0,0,0.0,1,0.0
6160,39,4396.477055109846,Rent,1,0.0,0,0.0,0,0,0.0,0,0.0
6161,66,39965.55043497065,Mortgage,1,1379.9421093309586,1,7980.833856832928,1,0,0.0,1,14.393199016169167
6162,34,13006.81694334916,Rent,1,591.5406840110827,0,0.0,0,0,0.0,0,0.0
6163,48,16392.793418165937,Mortgage,1,1216.6256206114251,1,3110.2010379605335,0,0,0.0,1,9.553755009103078
6164,39,22214.230976158506,Rent,1,761.7968825784409,1,2130.2240464366805,0,0,0.0,0,0.0
6165,28,13093.242301349092,Rent,1,319.03783749294917,1,0.0,0,0,0.0,0,0.0
6166,59,16717.99554076941,Mortgage,1,1663.7169492567764,1,9543.400991257418,1,0,0.0,1,0.0
6167,56,41374.92797332153,Mortgage,1,2461.840199181585,1,9459.149438130826,1,0,0.0,1,0.0
6168,31,21208.139367039774,Rent,1,614.3198564343148,1,1071.1235027098624,0,0,0.0,0,0.0
6169,28,525.5206015037594,Rent,0,0.0,0,0.0,0,0,0.0,0,0.0
6170,74,46089.99664791878,Own,1,1771.635618417454,1,79394.7931644929,0,0,0.0,1,3095.4976717107047
6171,69,50040.26086819642,Mortgage,1,3072.3749262342153,1,93639.06191367585,1,1,9731.388302181058,1,24.681324287585102
6172,49,55401.917259412905,Mortgage,1,2007.9925389322452,1,2803.0882821023197,1,0,0.0,1,2453.943799493822
6173,55,25213.143018073475,Rent,1,1526.2511715845485,1,1715.2809139569413,0,0,0.0,1,0.6431877811271487
6174,55,36776.44616713728,Mortgage,1,1572.0773779329948,1,7900.055305362785,1,0,0.0,1,0.0
6175,42,25845.66048224565,Rent,1,1114.1858807421559,1,2807.932924164331,0,0,0.0,0,0.0
6176,36,2595.091373052841,Rent,0,0.0,0,0.0,0,0,0.0,0,0.0
6177,56,17890.820422874654,Mortgage,1,984.548239865812,1,4160.4555554552735,0,0,0.0,1,2258.2174503701503
6178,74,57627.63216019277,Own,1,3956.730510292554,1,47372.62981910898,0,1,6581.482328340506,1,2677.258231932293
6179,75,508411.79197783116,Own,1,11481.34657317433,1,43085.397095336404,1,1,7696.611964180885,1,10014.289763350516
6180,55,37725.947723420264,Mortgage,1,1928.7281955732792,1,9521.254362589218,0,0,0.0,1,0.0
6181,69,143388.4754121618,Own,1,3363.11846460652,1,93436.50941160749,1,1,23556.48582022084,1,8.887929042803412
6182,52,22590.142244296432,Rent,1,361.30144435458396,1,1367.2784023863742,0,0,0.0,0,0.0
6183,48,20576.537704401402,Rent,1,616.7807293037264,0,0.0,0,0,0.0,1,0.0
6184,38,7255.163447714262,Rent,1,438.53930517129754,1,1206.4803757847285,0,0,0.0,0,0.0
6185,91,641346.6523012564,Own,1,32047.78584770406,1,95900.99241553366,1,1,20253.638202236318,1,0.0
6186,62,44466.73379884573,Mortgage,1,2732.878439151243,1,8184.0755145328885,1,0,0.0,1,0.0
6187,77,53959.23732319797,Own,1,3178.3393814971364,1,35539.890967729865,1,1,0.0,1,9923.673636546744
6188,38,62414.5825960722,Rent,1,1189.901776523583,0,0.0,1,0,0.0,0,0.0
6189,56,44015.252234738335,Mortgage,1,1593.474344848667,1,36025.854672085,0,0,0.0,1,0.0
6190,47,26634.810938993716,Rent,1,1129.2200843033102,1,2050.9671092528297,0,0,0.0,1,0.0
6191,67,51289.88217071143,Own,1,3242.105118120961,1,84517.19953889867,0,0,0.0,1,2975.6564452809107
6192,62,41920.676549935975,Mortgage,1,1748.9125600570303,1,8041.352304727318,1,0,0.0,1,0.0
6193,30,27581.60828380476,Rent,1,480.165478197317,1,537.35342717151,0,0,0.0,0,0.0
6194,69,42936.7791115831,Own,1,2082.4069125530796,1,42984.83036514064,0,0,0.0,0,0.0
6195,87,689592.164029553,Own,1,6793.5464089724155,1,94329.18748415887,1,1,14808.632322008054,1,7573.8154692008575
6196,48,12262.830694896475,Rent,1,1073.9337510289602,1,2031.7114228578712,0,0,0.0,0,0.0
6197,49,6117.830858549549,Rent,1,817.8076894673795,0,0.0,0,0,0.0,0,0.0
6198,54,34497.859118024906,Mortgage,1,1058.3715594167697,1,8852.768337079442,1,0,0.0,1,0.0
6199,59,31300.621446337507,Mortgage,1,1043.7511411391706,1,2465.876473364788,0,0,0.0,1,3603.6424765074144
6200,48,30185.83384764034,Mortgage,1,2172.3435305062726,1,9747.601590398472,1,0,0.0,1,2923.667016387954
6201,32,13275.98158330811,Rent,1,540.7118518080811,0,0.0,0,0,0.0,0,0.0
6202,60,39847.165249599035,Mortgage,1,1324.8151052887429,1,2058.786029027611,1,0,0.0,1,0.0
6203,75,63316.152897854976,Own,1,7544.803711611149,1,93270.28231626014,1,1,9963.616824979452,1,0.0
6204,31,525.5206015037594,Rent,0,0.0,0,0.0,0,0,0.0,0,0.0
6205,49,18500.86942699062,Mortgage,1,918.664551038519,1,1993.3943917020124,1,0,0.0,1,0.5851918137064521
6206,55,19713.86177208166,Mortgage,1,1868.9868273276957,0,0.0,1,0,0.0,1,2356.997934125865
6207,65,35519.06131669319,Own,1,1071.819055672207,1,8273.494211839465,0,0,0.0,1,3283.4459829639923
6208,60,23801.75914040983,Mortgage,1,966.0462056293482,0,0.0,0,0,0.0,1,0.0
6209,29,9811.995963683432,Rent,1,295.62619594825935,1,481.7255284859341,0,0,0.0,0,0.0
6210,66,48280.40385774424,Mortgage,1,2471.569756890344,1,8070.744479466057,1,0,0.0,1,11.462453976493132
6211,29,6399.224091278345,Rent,1,334.6596061091161,0,0.0,0,0,0.0,0,0.0
6212,31,525.5206015037594,Rent,0,0.0,0,0.0,0,0,0.0,0,0.0
6213,39,3742.148764047017,Rent,1,39.04113912795049,1,0.0,0,0,0.0,0,0.0
6214,71,87433.29791118167,Own,1,3689.462285243988,1,90925.81736912484,1,1,6818.264702138271,1,14.420302883132976
6215,28,9073.428449607356,Rent,1,361.66380938436225,0,0.0,0,0,0.0,0,0.0
6216,57,43522.11634159958,Mortgage,1,597.1951388143588,1,8843.297383673602,1,0,0.0,1,0.0
6217,47,12117.49351413346,Rent,1,345.2100965243267,1,3944.4619756382485,0,0,0.0,0,0.0
6218,54,25949.956319901714,Mortgage,1,1289.5341751563174,1,7523.5441573691,1,0,0.0,1,0.0
6219,57,58310.212859715684,Mortgage,1,2571.5788538414295,1,9099.434780426964,1,0,0.0,1,4393.456564614866
6220,49,41084.564083011086,Mortgage,1,1493.9818298412324,1,5028.654738839492,0,0,0.0,1,3453.47694404096
6221,30,47794.59092194781,Rent,1,1868.1266583350389,1,1882.3793572319007,0,0,0.0,0,0.0
6222,88,97621.01631940684,Own,1,12011.501480309333,1,92889.04628648398,1,1,7182.062836611158,1,6944.8413029207
6223,60,27981.836072341022,Mortgage,1,682.8166582832401,1,3376.405828278039,0,0,0.0,1,0.0
6224,44,32803.39481067482,Mortgage,1,1460.1624692806477,1,8569.958642908545,1,0,0.0,1,4633.644931520816
6225,31,9364.448922556432,Rent,1,772.7231693483387,1,1746.2285172469722,0,0,0.0,0,0.0
6226,44,10291.697685169758,Mortgage,1,1510.5917538860183,1,2678.714694590672,0,0,0.0,0,0.0
6227,89,68365.17377343416,Own,1,6001.622938456506,1,43855.05137416994,1,1,6975.610096188166,1,24.16565594701734
6228,63,49113.862735513394,Mortgage,1,1225.0482581801057,1,8802.326712547325,1,0,0.0,1,2479.1597487092163
6229,29,14329.47884290711,Rent,1,374.03729555531913,0,0.0,0,0,0.0,0,0.0
6230,36,1009.1728277681195,Rent,1,606.7413384799377,1,1334.1086482240016,0,0,0.0,0,0.0
6231,28,575.444110989145,Rent,0,0.0,0,0.0,0,0,0.0,0,0.0
6232,75,79716.84990252701,Own,1,4554.16013375311,1,96002.95931626091,1,1,16277.330228567362,1,6321.340655625595
6233,72,52123.292481611825,Own,1,8262.685451040534,1,41661.07129302444,0,0,0.0,1,3163.055337938709
6234,29,831.1693489214413,Rent,1,28.593607427773918,1,840.3184347776273,0,0,0.0,0,0.0
6235,59,24460.740856988916,Mortgage,1,716.1141982390072,1,4724.323442293738,0,0,0.0,1,5.612994930219643
6236,61,44384.47529383178,Mortgage,1,2449.2927083677587,1,9501.179307905742,0,0,0.0,1,2692.6080168128606
6237,65,39891.81535722244,Mortgage,1,6390.979805861734,1,8837.294864181655,1,0,0.0,1,0.0
6238,36,525.5206015037594,Rent,1,1029.2085733308018,1,1928.4876772771545,0,0,0.0,0,0.0
6239,69,38271.226818876385,Mortgage,1,1900.8795996929148,0,0.0,1,0,0.0,1,3395.9910124484613
6240,69,30958.32722449378,Own,1,705.4138647620105,1,1357.3434235327977,0,0,0.0,1,3780.284767209228
6241,28,525.5206015037594,Rent,0,0.0,0,0.0,0,0,0.0,0,0.0
6242,61,44967.23123305662,Own,1,2713.6071240161764,1,7980.671251520001,0,0,0.0,1,0.0
6243,30,6464.276778543139,Rent,1,869.5466862226315,1,0.0,0,0,0.0,0,0.0
6244,59,50956.88246529405,Mortgage,1,811.6444892663355,1,8955.350462365812,1,0,0.0,1,2488.615939115328
6245,36,10549.452553007342,Rent,0,0.0,0,0.0,0,0,0.0,0,0.0
6246,48,21902.594806031244,Rent,1,1165.2749319363265,1,2040.0407351512736,0,0,0.0,0,0.0
6247,88,82179.28809737152,Own,1,7335.773829304207,1,44839.568162348805,1,1,10415.520376722885,1,5237.142036600256
6248,74,46615.87514893507,Mortgage,1,2126.2001820151186,1,38552.26424531443,0,0,0.0,1,7.916800092742926
6249,29,525.5206015037594,Rent,0,0.0,0,0.0,0,0,0.0,0,0.0
6250,31,15754.412815692627,Mortgage,1,987.6963340837992,0,0.0,1,0,0.0,1,0.0
6251,46,18460.68083090272,Mortgage,1,1079.9010423619995,1,2868.4497938880163,0,0,0.0,0,0.0
6252,29,11842.585805519762,Rent,1,0.0,1,2505.6778239575847,0,0,0.0,0,0.0
6253,41,4144.608985083394,Rent,1,192.87339834428485,1,0.0,0,0,0.0,0,0.0
6254,81,40766.96375360616,Own,1,7438.702888772637,1,83308.24547416973,0,1,9668.961420938882,1,0.0
6255,48,525.5206015037594,Rent,0,0.0,0,0.0,0,0,0.0,0,0.0
6256,60,29992.573251120877,Mortgage,1,2009.0362385797534,1,8548.583867900612,1,0,0.0,1,3489.940919598147
6257,87,38902.61186062913,Own,1,9567.615373720875,1,94257.90434612113,1,1,7149.346212512833,1,12.839719904928085
6258,37,14210.773658555125,Rent,1,116.6118426563255,1,0.0,0,0,0.0,0,0.0
6259,59,44691.84011749631,Mortgage,1,1393.2446470815783,1,3502.3846397498655,1,0,0.0,1,3.685064682861335
6260,66,23328.693595504476,Mortgage,1,1236.131298660529,0,0.0,0,0,0.0,1,0.0
6261,52,22077.970509392537,Rent,1,1059.0929501150176,1,3067.6119281904166,0,0,0.0,0,0.0
6262,29,16661.140108562195,Rent,1,460.4471702598386,1,3413.1846232703265,0,0,0.0,0,0.0
6263,48,26908.850894223517,Rent,1,2104.3317299928526,1,3077.0127980633156,0,0,0.0,1,0.0
6264,65,44316.85286076493,Mortgage,1,1426.1153102753858,1,820.3767413830142,1,0,0.0,1,6.531433041751482
6265,78,107431.03533647447,Own,1,4782.637171583465,1,37803.52563641442,0,0,0.0,1,3640.8189472732925
6266,86,539162.2865480303,Own,1,36677.24875110741,1,92490.08105605232,1,1,35890.08201315247,1,16.708201670239912
6267,43,19948.762721666004,Rent,1,685.2913171000005,1,2521.3314706498177,0,0,0.0,0,0.0
6268,47,40838.84254367882,Mortgage,1,2058.8537256453596,1,3516.165801061713,0,0,0.0,1,0.0
6269,40,29704.089720323715,Mortgage,1,1715.154467130168,1,4179.37354380229,0,0,0.0,1,0.0
6270,27,525.5206015037594,Rent,1,579.6072547360994,0,0.0,0,0,0.0,0,0.0
6271,80,41606.28910463192,Own,1,2001.5063254562303,1,8486.06493842989,1,0,0.0,1,0.0
6272,61,53531.92498174091,Mortgage,1,1346.7494227186319,0,0.0,0,0,0.0,1,0.0
6273,86,79547.27621041276,Own,1,2437.226793548005,1,92204.47122602697,1,1,4582.632715162392,1,0.0
6274,47,30660.131933570527,Mortgage,1,1477.5849156753115,1,5143.052007508443,0,0,0.0,1,0.0
6275,68,36452.33903300024,Mortgage,1,2285.017662332863,1,7404.494814390517,1,0,0.0,1,2776.015512020061
6276,40,12679.285489973656,Rent,1,0.0,0,0.0,0,0,0.0,0,0.0
6277,68,147230.91603041638,Own,1,2941.9029401240477,1,43959.053855534316,0,0,0.0,1,5415.495208312686
6278,53,29478.979643162194,Mortgage,1,906.1759935798173,1,9779.475961792023,1,0,0.0,1,9.708559441136385
6279,29,13524.868797739755,Rent,0,0.0,0,0.0,0,0,0.0,0,0.0
6280,39,37483.53623037641,Rent,1,568.1436410901664,1,336.1201477991558,0,0,0.0,0,0.0
6281,87,125580.549485747,Own,1,35013.95442405311,1,93251.59868082353,1,1,4596.239354739122,1,0.0
6282,41,525.5206015037594,Rent,1,0.0,0,0.0,0,0,0.0,0,0.0
6283,29,13955.398306750994,Rent,1,770.6898529338964,1,0.0,0,0,0.0,0,0.0
6284,52,33036.38300038216,Mortgage,1,1423.1389641377943,1,9803.715217154591,1,0,0.0,1,0.0
6285,49,35089.18058789166,Mortgage,1,1142.5900890820922,1,8795.157281031192,1,0,0.0,1,3966.2562319892163
6286,51,15681.621190950395,Mortgage,1,591.461810070088,1,2704.3324742556156,0,0,0.0,0,0.0
6287,89,96693.28255023334,Own,1,7116.313633540691,1,93735.54187287868,1,1,5400.031917741329,1,8153.098661048598
6288,28,33694.70041706927,Own,1,1122.1801840230737,1,2014.084001232272,0,0,0.0,1,0.0
6289,87,75831.63424207566,Own,1,1160.3213320796667,1,41484.959603078554,0,1,7488.256135688456,1,0.0
6290,79,56240.19628820625,Own,1,1640.4103135517032,1,36243.307206237914,0,0,0.0,1,0.0
6291,51,48275.37591866085,Mortgage,1,1026.4208754875215,1,3209.8863287884196,1,0,0.0,1,0.0
6292,73,29953.80349706659,Own,1,3276.798835826346,1,8684.966750734333,1,0,0.0,1,12.734488415534054
6293,54,35761.5848728483,Mortgage,1,1067.9990267248122,1,7924.42334261588,1,0,0.0,1,0.0
6294,30,10875.722964511793,Rent,1,83.4018057875893,0,0.0,0,0,0.0,0,0.0
6295,91,201840.26694416394,Own,1,4083.8999564799765,1,44456.46857883336,1,1,4989.853728091639,1,2579.931736505605
6296,43,27037.89935132031,Rent,1,1212.7781562083514,0,0.0,0,0,0.0,0,0.0
6297,30,525.5206015037594,Rent,1,0.0,0,0.0,0,0,0.0,0,0.0
6298,27,18150.127928553593,Rent,1,1046.8229693686897,1,2165.3459841557656,0,0,0.0,0,0.0
6299,41,14499.18116447735,Rent,1,1077.3964031792225,0,0.0,0,0,0.0,1,0.0
6300,72,34292.05220337594,Own,1,2443.0608042557888,1,36948.20134779014,0,0,0.0,1,3398.063056015849
6301,89,165723.03508671242,Own,1,3005.671025060031,1,95098.88397387565,1,1,13246.240925050563,1,9756.39985149219
6302,37,8545.26764455115,Rent,1,87.08349595802599,0,0.0,0,0,0.0,0,0.0
6303,40,26078.114878256154,Rent,1,1513.8953895731806,0,0.0,0,0,0.0,0,0.0
6304,54,32793.809230155326,Mortgage,1,838.4280730561952,1,8436.657579626395,1,0,0.0,1,3890.1097710386134
6305,74,97418.82390321432,Own,1,6992.266713539021,1,46347.38381242749,0,1,6453.119722022748,1,7739.056361758992
6306,66,50371.170835994206,Mortgage,1,2634.670797832202,1,9178.37314805442,1,0,0.0,1,0.0
6307,52,46283.52168031321,Mortgage,1,2830.773389622301,1,3305.687500015627,1,0,0.0,1,2185.81303063521
6308,35,22533.8126101954,Rent,1,861.4427101620025,1,1366.2983825330643,0,0,0.0,0,0.0
6309,86,24441.25289822918,Own,1,5613.467951004891,1,92356.62712205766,1,1,10807.83610519064,1,8655.50790464099
6310,74,62804.68633541928,Own,1,2502.913995578727,1,8700.529345979348,0,0,0.0,1,3408.0000626538827
6311,39,21528.536270745222,Rent,1,1291.8444395122415,1,784.0349822712565,0,0,0.0,1,0.0
6312,88,112752.70759286662,Own,1,3433.47224157521,1,69977.81051002743,1,1,7514.562572650373,1,0.0
6313,37,525.5206015037594,Rent,0,0.0,0,0.0,0,0,0.0,0,0.0
6314,59,37465.98008452205,Mortgage,1,2015.1763536148237,1,9010.092154210115,0,0,0.0,1,4346.642122928794
6315,34,20971.72058433388,Rent,1,1347.7627758164522,1,230.2330838848145,0,0,0.0,0,0.0
6316,90,41590.82848252658,Own,1,5287.630629194167,1,92912.31634999518,1,1,4284.432977464152,1,7898.304797234028
6317,49,21407.044344838963,Mortgage,1,886.1067858146196,0,0.0,0,0,0.0,1,0.0
6318,47,33650.333302609564,Mortgage,1,1535.9586717221036,0,0.0,1,0,0.0,1,5014.925387501335
6319,41,854.9476682639179,Rent,0,0.0,0,0.0,0,0,0.0,0,0.0
6320,42,56435.323865063445,Mortgage,1,1029.4725197898392,1,8957.345933650133,0,0,0.0,1,2787.785004252626
6321,39,2262.2169697650006,Rent,0,0.0,0,0.0,0,0,0.0,0,0.0
6322,91,549523.6283765984,Own,1,34266.740952798296,1,93644.22665785687,1,1,21465.185623371486,1,4.846272391113304
6323,81,644427.0502235874,Own,1,3858.138670350977,1,93222.26293629469,1,1,12147.812042560303,1,6.63545151545188
6324,54,16993.182007895502,Mortgage,1,1578.3726912363832,1,2617.2476029146223,1,0,0.0,1,0.0
6325,52,27786.77440770317,Mortgage,1,860.0022596692518,1,4135.121269709045,0,0,0.0,1,3801.0622845025755
6326,91,185367.2159279469,Own,1,34224.82140839548,1,92729.22914609434,1,1,6751.371411252109,1,8420.238138617064
6327,47,32822.892669363326,Mortgage,1,1271.8286024023944,0,0.0,1,0,0.0,1,0.0
6328,72,39827.21842403761,Own,1,2349.498813314077,1,8612.288908929331,0,0,0.0,1,0.0
6329,29,11584.956954760703,Rent,1,1347.263382439467,1,736.9118091783007,0,0,0.0,0,0.0
6330,31,28409.544430174097,Rent,1,391.0429486910984,1,1883.3239460934228,0,0,0.0,0,0.0
6331,32,40065.05757884388,Rent,1,1458.6521294191741,1,674.9354860901101,0,0,0.0,1,0.0
6332,36,21424.244138614922,Rent,1,631.9650120366086,1,604.3944737320885,0,0,0.0,0,0.0
6333,55,10330.128248329213,Mortgage,1,560.9437121421902,0,0.0,0,0,0.0,1,0.0
6334,91,55603.67550851269,Own,1,4861.111395527787,1,74052.15492007806,1,1,7282.999789475745,1,0.0
6335,29,13923.555765468662,Rent,0,0.0,0,0.0,0,0,0.0,0,0.0
6336,31,3587.6309197152714,Rent,0,0.0,0,0.0,0,0,0.0,0,0.0
6337,40,25397.532945949373,Rent,1,1852.4319868864761,1,302.122727167098,0,0,0.0,0,0.0
6338,57,11244.361827698667,Mortgage,0,0.0,0,0.0,0,0,0.0,0,0.0
6339,32,4674.830779133556,Rent,0,0.0,0,0.0,0,0,0.0,0,0.0
6340,47,26470.24177409002,Mortgage,1,1643.4882272251575,1,5095.164941312861,0,0,0.0,1,0.0
6341,61,43722.89550934699,Mortgage,1,2456.0318590160064,1,8104.175929495729,1,0,0.0,1,3997.987637383621
6342,89,101821.4672517722,Own,1,6494.593088509438,1,90185.24396280317,1,1,6996.530305339308,1,6092.73644114026
6343,40,13980.431570363951,Rent,1,982.7991885132711,0,0.0,0,0,0.0,0,0.0
6344,74,44086.06163875629,Rent,1,1892.2196338356239,1,38225.684553373,0,0,0.0,1,0.3407589668384081
6345,47,38319.58746062848,Mortgage,1,648.6247014304523,1,1762.5818168140222,0,0,0.0,1,17.172607957582215
6346,59,54080.87924907157,Own,1,2209.8943827559983,1,44963.811190958644,0,0,0.0,1,0.0
6347,57,16859.764257035145,Mortgage,1,1477.9782477841466,1,2463.0358091179655,0,0,0.0,1,3015.511523893805
6348,63,55705.20615175432,Mortgage,1,1821.7506296532758,1,9145.218164989536,1,0,0.0,1,5915.506540979818
6349,30,525.5206015037594,Rent,0,0.0,0,0.0,0,0,0.0,0,0.0
6350,40,9466.390931845164,Rent,1,387.9295409805081,1,184.55823592792512,0,0,0.0,0,0.0
6351,30,525.5206015037594,Rent,0,0.0,0,0.0,0,0,0.0,0,0.0
6352,30,57935.992842376625,Own,1,979.7046218832666,1,35601.88206695907,0,0,0.0,1,0.0
6353,88,187816.2690315368,Own,1,5778.434530296635,1,84357.81132010298,1,1,4529.101981442097,1,15.369141480837282
6354,81,35436.1432895493,Mortgage,1,2163.0535808327836,1,8105.039027369793,1,0,0.0,1,0.0
6355,88,84880.74558988214,Own,1,2611.4667505239117,1,94620.83529360937,1,1,17202.96676432229,1,0.0
6356,90,78197.47569515661,Own,1,3811.6723933390244,1,92359.9087325446,1,1,9659.097743392605,1,0.0
6357,68,14922.889781341932,Rent,1,1604.648630539644,1,2017.5319330468528,0,0,0.0,1,0.4268381968774305
6358,71,28827.207677550643,Mortgage,1,1914.9531736304268,1,8999.742850779456,0,0,0.0,1,6702.100546694644
6359,48,20519.920096473157,Mortgage,1,1930.7359074676456,1,5103.604369036126,0,0,0.0,1,0.0
6360,33,8743.541289876828,Rent,0,0.0,0,0.0,0,0,0.0,0,0.0
6361,40,9564.304459688121,Rent,1,179.65833401984355,1,2543.5659469782718,0,0,0.0,0,0.0
6362,42,3111.44525390106,Rent,1,20.841147166654423,0,0.0,0,0,0.0,0,0.0
6363,46,2196.003996219586,Mortgage,1,1483.6223471451535,1,4568.368954128143,0,0,0.0,1,0.0
6364,68,34597.43433666608,Mortgage,1,2318.3317773652275,1,9800.886693942928,0,0,0.0,1,0.0
6365,59,23433.239292817714,Rent,1,674.068684177875,1,1763.5522489167963,0,0,0.0,1,5.816553281501891
6366,62,31907.83306734386,Mortgage,1,1268.3906837342815,1,9483.864687039675,0,0,0.0,1,0.0
6367,77,91890.20770316025,Own,1,1523.764868625474,1,45857.33734986013,0,1,14829.63109690736,1,5807.619056574002
6368,89,63365.63740017955,Own,1,5271.94731137713,1,95030.54868144964,1,1,8075.24499722544,1,4266.780534980969
6369,90,103448.45712351434,Own,1,31835.120544072735,1,93865.85087471317,1,1,6987.671141351564,1,8281.455296055525
6370,46,24433.024711515736,Rent,1,1091.5997411336778,1,1253.077487169639,0,0,0.0,0,0.0
6371,33,16044.614690752132,Rent,1,112.84267895072787,1,2929.044147351042,0,0,0.0,0,0.0
6372,70,164983.96425300618,Own,1,28439.394374053747,1,96758.46639356414,1,1,10528.491895022902,1,16489.69679337952
6373,74,113938.97731919741,Own,1,7716.291647405137,1,41316.20046949525,0,1,3572.4099356726674,1,1.7067946596863997
6374,56,12789.677675866515,Own,1,935.8835132658468,1,2820.75314915511,0,0,0.0,1,5.886847616041778
6375,27,6797.619245265503,Rent,1,518.508497571542,1,1314.6412380861002,0,0,0.0,0,0.0
6376,60,3705.313449342446,Rent,1,1000.1300133197755,1,468.51089516736624,0,0,0.0,0,0.0
6377,39,525.5206015037594,Rent,1,265.63642635198573,1,0.0,0,0,0.0,0,0.0
6378,42,21823.217112846934,Mortgage,1,544.9351390997659,1,3471.1717063850597,0,0,0.0,1,7.220782901748275
6379,41,13974.005860806865,Mortgage,1,1250.8345993413254,1,3288.576791148471,0,0,0.0,1,4.007944128854008
6380,72,37532.71744354435,Own,1,2297.4945169343373,1,35352.21163593031,0,0,0.0,1,20.910642726088977
6381,48,7023.12709764936,Rent,1,473.5495533040201,1,1327.6601617342621,0,0,0.0,0,0.0
6382,87,72731.05028115229,Own,1,7878.123797071092,1,9059.68650596241,0,0,0.0,1,3664.1314073949543
6383,56,15512.014542116247,Rent,1,589.3207179858036,1,2443.6117392912383,0,0,0.0,0,0.0
6384,30,4624.191658177564,Rent,1,586.2889916438569,1,1934.8101089891684,0,0,0.0,0,0.0
6385,29,5283.041465246855,Rent,1,568.8128431860177,1,0.0,0,0,0.0,0,0.0
6386,45,40533.74919233161,Mortgage,1,2629.7361427486285,1,4087.391654150556,0,0,0.0,1,0.0
6387,30,5930.018953636969,Rent,0,0.0,0,0.0,0,0,0.0,0,0.0
6388,54,35151.87928628005,Rent,1,504.28878787502913,1,444.4288570114777,0,0,0.0,0,0.0
6389,89,107474.16404721997,Own,1,47054.45618485485,1,73791.1184173634,1,1,18287.144019628184,1,1.4678011562898985
6390,49,47907.21940866082,Mortgage,1,1782.543873059715,1,9291.492676093878,0,0,0.0,1,0.0
6391,61,34769.270717371146,Mortgage,1,1726.6160158553935,1,8541.782957586614,1,0,0.0,1,0.0
6392,43,16474.847885411677,Rent,0,0.0,0,0.0,0,0,0.0,0,0.0
6393,59,9191.419924330272,Mortgage,1,801.5589962344402,1,9769.273742832796,0,0,0.0,1,0.0
6394,53,18849.25151632723,Mortgage,1,1072.0268688444696,1,4648.480242944067,0,0,0.0,1,0.0
6395,35,21597.88884394162,Rent,1,826.4015701666885,1,1911.1083044651332,0,0,0.0,0,0.0
6396,44,22720.812082422,Rent,1,237.01378313172745,1,1202.3793936827265,0,0,0.0,0,0.0
6397,29,4325.168810380168,Rent,1,216.4497620122811,0,0.0,0,0,0.0,0,0.0
6398,58,44285.79525328618,Mortgage,1,2793.454078907863,1,9081.175537755642,0,0,0.0,1,0.0
6399,46,12373.620032255902,Rent,1,915.678497111637,0,0.0,0,0,0.0,0,0.0
6400,49,27240.000320941155,Mortgage,1,1863.5545112592995,1,9348.778869233698,0,0,0.0,1,2418.2621829739205
6401,36,11859.888473052833,Rent,1,764.7669341677251,1,1064.4298273191353,0,0,0.0,0,0.0
6402,76,99029.47793774585,Own,1,3928.592597332858,1,95404.03370886842,1,1,7586.699941184675,1,13.503694557965243
6403,43,1587.5494060833335,Mortgage,1,635.1852793090712,1,2431.801676937827,0,0,0.0,1,0.6079659893620207
6404,45,17883.27289999295,Mortgage,1,1339.5061377596753,1,3642.9559615524863,0,0,0.0,1,0.0
6405,73,85574.26769625282,Own,1,2616.306227046487,1,35682.81862521119,0,0,0.0,1,0.0
6406,79,20954.562486892413,Mortgage,1,2164.3272281620134,1,9170.83735276473,1,0,0.0,1,5.142435454313389
6407,53,23688.95629013291,Mortgage,1,958.7839591755373,0,0.0,1,0,0.0,1,4.753379819507544
6408,36,46301.694943131355,Own,1,3238.352479211635,1,8355.772721455749,0,0,0.0,1,9.549842119849492
6409,38,525.5206015037594,Rent,0,0.0,0,0.0,0,0,0.0,0,0.0
6410,39,23589.480905960616,Rent,1,684.4041108592565,1,1537.915116476504,0,0,0.0,0,0.0
6411,43,2001.8587168443228,Mortgage,1,1144.821787199756,1,3623.5548609410707,0,0,0.0,0,0.0
6412,42,10740.42766080808,Rent,1,1003.1037408230494,1,1865.6236020644299,0,0,0.0,0,0.0
6413,88,92984.88744684203,Own,1,10401.738461490151,1,95513.92870859685,1,1,4846.696362522639,1,5.875626094468195
6414,50,59790.6053239818,Mortgage,1,1676.7242404361516,1,9035.3989810989,0,0,0.0,1,0.0
6415,54,34330.750463614706,Mortgage,1,2394.520342222335,1,9294.071854300026,1,0,0.0,1,4085.782207197335
6416,80,126739.4190297403,Own,1,2787.4286791082736,1,37996.819001148164,0,0,0.0,1,2556.19072314508
6417,73,47030.97814178942,Own,1,2499.840117034761,1,36428.51301343374,0,0,0.0,1,0.0
6418,28,1255.0455046208372,Rent,0,0.0,0,0.0,0,0,0.0,0,0.0
6419,40,30039.734470574578,Mortgage,1,616.0134445513888,1,2379.0682902490844,0,0,0.0,1,0.0
6420,42,17823.797992853066,Rent,1,375.941913575969,1,82.14395400513877,0,0,0.0,0,0.0
6421,64,26257.972701765088,Mortgage,1,1192.8609228760029,0,0.0,0,0,0.0,1,5.846726483677284
6422,41,1951.5877748182174,Rent,0,0.0,0,0.0,0,0,0.0,0,0.0
6423,35,7875.062363041796,Rent,1,0.0,1,0.0,0,0,0.0,0,0.0
6424,51,27605.223594312876,Mortgage,1,1482.060117322544,1,9783.126425778715,1,0,0.0,1,5.727235676907371
6425,56,30837.532171924267,Mortgage,1,1556.4621095511056,1,7865.39261953635,1,0,0.0,1,0.0
6426,35,30935.687618306005,Rent,1,664.7528265629082,1,1118.3856765379069,0,0,0.0,0,0.0
6427,91,72917.0215611022,Own,1,30746.06974917574,1,76595.928005819,1,1,6049.229110371431,1,0.0
6428,54,13678.015843390116,Rent,1,1184.231457743646,1,3133.341499234085,0,0,0.0,1,0.0
6429,70,38442.399720444264,Mortgage,1,2143.740551066633,1,8292.760412567419,1,0,0.0,1,6284.413491908229
6430,74,44690.81950628256,Own,1,1814.1737361125906,1,8110.907296324415,0,0,0.0,1,3431.000431743837
6431,35,2135.7515724160567,Rent,1,119.07138569158758,1,837.9449079500541,0,0,0.0,0,0.0
6432,45,35548.10240053582,Mortgage,1,2070.5403244269974,1,9199.688763683824,1,0,0.0,1,3449.3410571837294
6433,42,22853.3843719266,Mortgage,1,1979.990938387185,1,2370.5378823606648,0,0,0.0,1,3674.6492563482875
6434,72,13022.146782710544,Mortgage,1,3556.135757278427,1,47489.165775891466,0,0,0.0,1,0.0
6435,37,20607.786455532616,Rent,1,368.376398444386,1,196.74373803792173,0,0,0.0,0,0.0
6436,73,61524.537346624915,Own,1,5472.59882812196,1,94890.98521566315,0,1,11028.925206671203,1,21.61992899713305
6437,77,45675.385181424965,Own,1,3882.597751543405,1,41066.546616313346,0,1,0.0,1,0.0
6438,63,15657.577223732507,Own,1,1413.3638464226685,1,74548.35399843851,1,1,9935.570238210097,1,0.0
6439,59,35290.07218790466,Mortgage,1,995.6097855446394,1,2426.3221970339955,0,0,0.0,1,0.0
6440,77,129268.2595045676,Own,1,3532.5022604532182,1,43694.26845367404,0,1,15110.61629503103,1,0.0
6441,78,48441.19013186865,Own,1,2112.1907580448164,1,35546.02912491832,0,0,0.0,1,4.017929105333379
6442,58,38273.04922225965,Mortgage,1,1209.8880306693927,1,2851.199706258877,0,0,0.0,1,4.666221913510769
6443,58,5264.555863202462,Own,1,3186.0532402028307,1,1180.8593312263172,1,1,16.50406304733984,1,14.176477216827324
6444,74,10537.11217089364,Rent,1,1126.516479034054,1,162.20889053070368,0,0,0.0,0,0.0
6445,42,23651.34962461781,Rent,1,1466.9511032766995,1,2777.958443065354,0,0,0.0,0,0.0
6446,28,525.5206015037594,Rent,0,0.0,0,0.0,0,0,0.0,0,0.0
6447,35,14167.800092606234,Rent,1,1131.1375988439136,1,3617.7820694459133,0,0,0.0,0,0.0
6448,67,91300.48791831234,Own,1,9735.32646927379,1,91986.31610439859,0,1,4103.712760888934,1,7293.959730940058
6449,39,17364.643552014677,Own,1,857.3707663079836,1,2285.708443112397,0,0,0.0,1,0.0
6450,55,31716.417230083753,Mortgage,1,948.8259468137247,1,3237.496199297265,0,0,0.0,1,0.0
6451,63,87687.77200814639,Own,1,1658.2844207625324,1,72536.65953370761,0,1,6987.352121759115,1,10.747192238953305
6452,62,34410.45106493783,Rent,1,761.9279081819949,1,2455.9406437995335,0,0,0.0,1,0.0
6453,91,140520.5097676487,Own,1,4058.853913823458,1,74442.83241894151,1,1,8213.35903740266,1,8637.889849000157
6454,79,17213.5321658166,Rent,0,0.0,0,0.0,0,0,0.0,0,0.0
6455,62,24318.508940330947,Mortgage,1,799.1569428016169,0,0.0,0,0,0.0,1,0.0
6456,31,525.5206015037594,Rent,0,0.0,1,0.0,0,0,0.0,0,0.0
6457,67,15379.112836999693,Mortgage,1,2044.6049703124058,1,2510.941108134111,1,0,0.0,1,2336.1879675398113
6458,62,45666.31888789103,Mortgage,1,2209.598284873618,1,39046.62882655006,0,0,0.0,1,0.0
6459,61,81383.44925643581,Mortgage,1,1241.0066750578253,1,7415.024456722858,1,0,0.0,1,0.0
6460,32,22306.624142948625,Rent,1,477.29076094061014,1,340.7695010670973,0,0,0.0,0,0.0
6461,60,30647.23655753236,Mortgage,1,1723.2220366276597,1,8540.195232400943,0,0,0.0,1,7.04669938000724
6462,71,656701.9584289506,Own,1,10302.358525404496,1,94122.01145096865,1,1,6791.714526743844,1,4077.9581494174095
6463,65,79355.36970463497,Mortgage,1,2132.646316934902,1,2187.5907954814998,1,0,0.0,1,6.592925878598521
6464,30,34879.72718246767,Rent,1,2082.198550504092,1,1441.1657006267787,0,0,0.0,1,0.0
6465,67,39950.585008621274,Own,1,2250.175727826404,1,43678.20505107317,0,0,0.0,1,3699.9201413480764
6466,60,30101.991346368533,Mortgage,1,5960.873477961104,1,8538.48781339385,0,0,0.0,1,0.0
6467,60,47853.01107289846,Own,1,1710.874526937446,1,8963.907377294596,0,0,0.0,1,0.0
6468,73,77340.58729682528,Own,1,1739.642897711715,1,8879.363757335033,0,0,0.0,1,4048.6690163075878
6469,64,51288.12434454097,Mortgage,1,815.8027772199845,1,8236.498405302185,1,0,0.0,1,2313.849635707043
6470,30,22724.870607849996,Rent,1,651.7441672743898,1,4285.2953002112945,0,0,0.0,0,0.0
6471,68,76230.0787239174,Own,1,2202.5083850269966,1,94204.41081696053,1,1,0.0,1,18.849837698348935
6472,54,41884.37545028549,Mortgage,1,2737.8806482932523,1,8713.456006050998,1,0,0.0,1,0.0
6473,77,83157.68385759112,Own,1,9917.925615381131,1,92419.93868834397,1,1,15044.690862579595,1,0.0
6474,86,91340.23524641314,Own,1,33582.93894033474,1,93654.96925075345,1,1,9800.598732580582,1,14027.417529582479
6475,90,52768.48659154614,Own,1,10939.407658557975,1,84676.11797786974,1,1,16145.945567017103,1,0.0
6476,32,6777.116208516969,Rent,0,0.0,0,0.0,0,0,0.0,0,0.0
6477,76,81632.51979278236,Own,1,4205.519797796941,1,94494.1946812109,1,1,9172.669698447593,1,0.0
6478,47,42639.57549316263,Mortgage,1,1403.7703730297399,1,4087.3920220258765,1,0,0.0,1,0.0
6479,89,545930.2371081602,Own,1,33179.78243629706,1,94241.58115249488,1,1,19070.939522349538,1,21.446171883246848
6480,91,94158.54175610006,Own,1,4380.09063066297,1,92648.57154419298,1,1,4892.7933586779445,1,12.443648003120066
6481,48,39637.63131795028,Mortgage,1,1115.5397553377966,1,3280.0192754473856,1,0,0.0,1,0.0
6482,62,33804.01110893372,Mortgage,1,2391.989176095326,1,1892.1065555061234,1,0,0.0,1,3915.519468158479
6483,31,3881.5538505374916,Rent,1,518.0698887171977,1,1385.288962492483,0,0,0.0,0,0.0
6484,89,861039.882711323,Own,1,37157.319865550875,1,93211.31911370758,1,1,18591.252426699935,1,5.8230218641586955
6485,31,525.5206015037594,Rent,0,0.0,0,0.0,0,0,0.0,0,0.0
6486,63,24211.073226459823,Mortgage,1,870.1255163913232,1,8427.682234190763,1,0,0.0,1,0.0
6487,49,34291.12763167741,Rent,1,1331.002350756011,1,2792.2213830935643,0,0,0.0,1,0.0
6488,46,525.5206015037594,Rent,1,584.0943220192866,0,0.0,0,0,0.0,0,0.0
6489,88,74296.96088644059,Own,1,8576.445884087065,1,91853.1907185491,1,1,7072.929961002095,1,11892.517259292445
6490,43,6714.368994992947,Mortgage,1,1569.750223922852,1,3164.574113928527,0,0,0.0,1,1.161267134315852
6491,79,192370.3242334625,Own,1,2853.414976732719,1,32056.442514326045,0,0,0.0,1,0.0
6492,27,32332.764954431063,Rent,1,1350.6827155497576,1,0.0,0,0,0.0,0,0.0
6493,30,10328.416274377629,Mortgage,1,1237.6896019034918,1,8611.712598905488,0,0,0.0,0,0.0
6494,47,33200.88215604105,Mortgage,1,954.8482485186615,1,8854.748951346446,1,0,0.0,1,3945.9909487564523
6495,63,47134.44035823815,Own,1,1812.92319438241,1,36022.94066559913,0,0,0.0,1,0.0
6496,61,8823.487802086098,Mortgage,1,455.1343350736101,0,0.0,0,0,0.0,1,0.0
6497,67,35602.574053991324,Rent,1,2338.7728754646796,1,34012.83833678593,0,0,0.0,1,0.0
6498,61,28744.34450799754,Mortgage,1,3272.278758387389,1,36885.54964619769,0,0,0.0,1,4.990740407535202
6499,49,18077.16033797252,Rent,1,515.6729069906976,1,1159.8657903221037,0,0,0.0,0,0.0
6500,46,27256.45593905,Mortgage,1,1840.6150630330078,1,2037.621138696859,1,0,0.0,1,0.0
6501,49,38393.81610595966,Own,1,1275.4070383390972,1,8839.465205720859,0,0,0.0,1,0.0
6502,32,525.5206015037594,Rent,1,649.4573401432656,0,0.0,0,0,0.0,0,0.0
6503,50,12863.10782193936,Rent,1,505.50053275196825,0,0.0,0,0,0.0,1,0.0
6504,37,35907.10076199267,Rent,1,1915.029103336576,1,2950.3459639353227,0,0,0.0,0,0.0
6505,64,57804.84405011084,Mortgage,1,1352.5393544032868,1,7847.1031886702685,1,0,0.0,1,2508.110557573534
6506,90,111459.67597174343,Own,1,2555.370346046223,1,90595.36543502039,1,1,20945.167871480375,1,0.0
6507,91,108718.95530856802,Own,1,10437.419109292277,1,94727.83444869584,1,1,18306.209562195,1,0.007146312556889717
6508,56,52236.44561309523,Mortgage,1,2394.882896409701,1,9052.391552406627,0,0,0.0,1,3817.5245178512364
6509,40,20555.85551434077,Mortgage,1,1410.486390106682,1,2241.3166408078205,0,0,0.0,1,0.0
6510,28,12250.659303427248,Rent,1,2253.967621568967,0,0.0,0,0,0.0,0,0.0
6511,33,9146.819750837827,Rent,0,0.0,1,780.1250194293261,0,0,0.0,0,0.0
6512,64,48329.25439287893,Mortgage,1,1555.9301146123007,1,745.5921032675396,1,0,0.0,1,0.0
6513,54,38006.64520080308,Rent,1,799.7978612214711,0,0.0,0,0,0.0,0,0.0
6514,38,9884.091669972931,Rent,0,0.0,0,0.0,0,0,0.0,0,0.0
6515,57,45636.943247692536,Mortgage,1,2498.457285458585,1,8683.014530756274,1,0,0.0,1,0.0
6516,59,33992.75804149107,Mortgage,1,2196.605211712479,1,8879.443922007193,1,0,0.0,1,2319.1698212959973
6517,62,55497.51480314978,Mortgage,1,1894.8387416247974,1,7201.391801111728,1,0,0.0,1,2852.4102457947183
6518,60,75144.73351126711,Own,1,3547.871304215099,1,8708.017567202947,1,1,12122.753361658779,1,5.637695293945676
6519,78,166426.43770369643,Own,1,4458.22617656024,1,89237.14014477197,1,1,17869.91195246306,1,7784.344314212643
6520,39,24609.271631658674,Mortgage,1,552.2337417416281,1,3143.5086533991926,0,0,0.0,0,0.0
6521,30,525.5206015037594,Rent,0,0.0,0,0.0,0,0,0.0,0,0.0
6522,30,30085.83792856635,Rent,1,1586.8131346953392,1,1096.5986847037702,0,0,0.0,0,0.0
6523,39,8391.040742875355,Rent,0,0.0,0,0.0,0,0,0.0,0,0.0
6524,67,58831.67370024587,Mortgage,1,1751.4227422046372,1,4007.2513031843273,0,0,0.0,1,0.0
6525,57,41015.927026564896,Mortgage,1,1342.8892358357652,0,0.0,1,0,0.0,1,9.80220545418619
6526,57,47370.949787435595,Mortgage,1,2334.8503912829037,1,9878.74758009751,0,0,0.0,1,0.0
6527,68,51169.164155271355,Own,1,2103.123905649311,1,44569.92262220615,0,0,0.0,1,5355.401347710398
6528,77,40100.30377474383,Own,1,3843.6070218295763,1,44437.09606402533,0,1,6924.056358746158,1,0.0
6529,39,525.5206015037594,Rent,1,0.7225295983346314,1,0.0,0,0,0.0,0,0.0
6530,65,92620.47345202995,Own,1,2156.1115780134396,1,36400.38312571192,0,0,0.0,1,0.0
6531,47,18020.420422461448,Mortgage,1,1672.0905956292904,1,4684.649744437089,0,0,0.0,1,0.0
6532,30,525.5206015037594,Rent,1,0.0,0,0.0,0,0,0.0,0,0.0
6533,89,128196.45492963243,Own,1,8108.524449526029,1,42146.74001001302,0,1,8295.645841898006,1,4839.117555135753
6534,33,82121.5081142518,Own,1,1557.5432278137941,1,43647.0953735978,0,1,0.0,1,0.0
6535,39,15110.276596385935,Mortgage,1,1276.4048572292018,1,2968.5324360462537,0,0,0.0,0,0.0
6536,82,87835.00678201987,Own,1,3105.656842236569,0,0.0,0,0,0.0,1,0.0
6537,90,132620.98558689444,Own,1,4313.060801302729,1,38296.29791561304,0,1,8152.360986314845,1,0.0
6538,45,33159.28076720479,Mortgage,1,2095.9306228432297,1,9503.610358488177,0,0,0.0,1,2442.273785148499
6539,89,189229.64035960316,Own,1,6194.604942163135,1,96758.46639356414,1,1,13814.18842116042,1,0.0
6540,32,2561.178260832796,Rent,1,0.0,0,0.0,0,0,0.0,0,0.0
6541,38,10066.832113379678,Rent,0,0.0,0,0.0,0,0,0.0,0,0.0
6542,61,44513.389920973364,Mortgage,1,1794.876948347599,1,8313.775347454877,1,0,0.0,1,4.278242623624987
6543,76,109685.44326837981,Own,1,3669.270745119107,1,40517.41758964601,0,1,14465.826473170102,1,6105.131338855449
6544,33,21365.93510722285,Rent,1,1220.442164137869,0,0.0,0,0,0.0,0,0.0
6545,65,46021.29657989774,Own,1,3060.855716648571,1,8239.494243817373,1,1,34838.82898547909,1,0.0
6546,47,14385.661263508577,Rent,1,99.6514334334961,1,2147.066762444029,0,0,0.0,0,0.0
6547,39,525.5206015037594,Rent,1,589.9914567788942,0,0.0,0,0,0.0,0,0.0
6548,89,113082.84466667006,Own,1,5628.139564013669,1,94677.47023174724,1,1,11661.724111493495,1,7002.272921696702
6549,65,42024.86380859095,Mortgage,1,2176.230316590294,1,8209.430626727953,1,0,0.0,1,0.0
6550,51,42695.60623230825,Mortgage,1,1737.5498724302695,1,3857.784664167745,0,0,0.0,1,0.0
6551,61,44159.709760429105,Mortgage,1,2202.3019821284224,1,10063.542954761337,1,0,0.0,1,2360.0816702395905
6552,47,30150.271479646042,Mortgage,1,649.05550859112,1,3998.314140152681,0,0,0.0,1,0.0
6553,57,46294.255244325934,Mortgage,1,1880.6133874398988,1,9162.826923187793,1,0,0.0,1,4080.4144788553276
6554,86,649257.8301762122,Own,1,9827.414415140356,1,91110.22166883008,1,1,5121.869010091574,1,12944.078130641383
6555,39,27668.201429868226,Rent,0,0.0,0,0.0,0,0,0.0,0,0.0
6556,36,21412.36458697397,Rent,1,1276.126974506325,0,0.0,0,0,0.0,0,0.0
6557,80,28862.87176245011,Own,1,1611.6774403240777,1,0.0,0,0,0.0,0,0.0
6558,74,85730.75665216653,Own,1,2120.3033882542763,1,46898.84454885237,0,1,11890.481474878516,1,0.0
6559,76,568391.9487394599,Own,1,3023.9977624132594,1,95988.89198790914,1,1,5543.55678457312,1,9540.677667656524
6560,51,32984.79859805308,Rent,1,1059.7880839767824,1,2020.437009963041,0,0,0.0,1,0.0
6561,31,525.5206015037594,Rent,0,0.0,0,0.0,0,0,0.0,0,0.0
6562,31,26932.18960560081,Rent,1,645.0950408551628,1,2719.68717626568,0,0,0.0,0,0.0
6563,28,15270.907642804119,Rent,1,505.8759006045407,0,0.0,0,0,0.0,0,0.0
6564,85,76051.34315684483,Own,1,5077.669064470694,1,35815.56813971659,1,0,0.0,1,0.0
6565,65,50539.48350545326,Mortgage,1,1812.3992098947813,1,2390.1059063986713,1,0,0.0,1,5203.744471220422
6566,46,39800.993614778185,Mortgage,1,889.9546636964149,1,2891.356792286415,0,0,0.0,1,0.0
6567,29,21921.654481566533,Rent,1,814.4672257203126,1,2693.5220900929435,0,0,0.0,0,0.0
6568,50,29805.69688841726,Mortgage,1,1827.186628209506,1,3218.674686253,0,0,0.0,1,0.0
6569,29,16107.684786744638,Rent,1,719.3284808334272,1,0.0,0,0,0.0,0,0.0
6570,87,66131.13841454455,Own,1,17179.73418845772,1,92795.42772638396,1,1,22032.61786503995,1,6.303495728342587
6571,35,969.4640913836156,Rent,0,0.0,0,0.0,0,0,0.0,0,0.0
6572,31,27226.530702386633,Mortgage,1,936.2085468958642,1,2401.8920338640546,0,0,0.0,1,0.0
6573,62,12733.23869223539,Own,1,6791.788613730727,1,45064.1386324191,0,0,0.0,1,0.0
6574,39,27697.37294782397,Rent,1,649.76142888543,1,312.47731380790447,0,0,0.0,0,0.0
6575,61,21122.40623188594,Mortgage,1,1669.7255594742462,1,4418.815128660647,0,0,0.0,1,0.518476107002098
6576,50,20994.167303855807,Mortgage,1,2423.24926775967,1,2659.980092090831,1,0,0.0,1,2737.6535117659305
6577,28,525.5206015037594,Rent,0,0.0,0,0.0,0,0,0.0,0,0.0
6578,49,13371.24120309179,Rent,1,771.078356592678,1,2895.8978452403394,0,0,0.0,0,0.0
6579,39,22641.58334490885,Rent,1,346.4739117961825,1,3043.1474836390644,0,0,0.0,0,0.0
6580,68,88621.85522360993,Own,1,11244.104150559051,1,93036.9002098758,1,0,0.0,1,4969.014151834271
6581,31,32426.971514395536,Rent,1,576.8758344969586,1,2883.8722769258484,0,0,0.0,0,0.0
6582,30,17179.951404586165,Rent,1,1859.8861860282354,1,557.9088285692326,0,0,0.0,1,0.0
6583,64,99495.02522991065,Own,1,7203.868153420396,1,39126.675743799475,1,1,7367.7285208610965,1,3944.918046745027
6584,79,27911.26693057784,Mortgage,1,2380.9259746091893,1,9123.538931763977,0,0,0.0,1,0.0
6585,67,43914.84145207152,Mortgage,1,2638.9002729882814,1,8618.713478350432,0,0,0.0,1,1.7383295633420586
6586,47,42689.30538691908,Mortgage,1,1315.1007554829391,1,4291.192006475858,0,0,0.0,1,0.0
6587,31,4319.306782298358,Rent,1,0.0,0,0.0,0,0,0.0,0,0.0
6588,27,16664.09087540179,Rent,1,255.8847820862586,1,4237.872893300557,0,0,0.0,0,0.0
6589,72,71945.38976958889,Own,1,3894.9720164371665,0,0.0,1,1,13003.08173264279,1,0.0
6590,65,15449.913051827334,Mortgage,1,1207.8684263226241,1,10026.218333981235,1,0,0.0,1,0.0
6591,46,18968.2309799446,Rent,1,1501.3255848094273,1,9437.990200511345,0,0,0.0,1,0.0
6592,63,35000.592759272055,Mortgage,1,2109.679625918263,1,2703.7309521224915,0,0,0.0,1,0.0
6593,32,525.5206015037594,Rent,0,0.0,0,0.0,0,0,0.0,0,0.0
6594,71,142129.43903209982,Own,1,3743.6162553347194,1,45508.899082690514,0,1,8390.95393165902,1,6395.120588861326
6595,40,1765.1835445523957,Rent,1,0.0,0,0.0,0,0,0.0,0,0.0
6596,59,32396.147870577144,Own,1,2332.814818617093,1,3061.9655938366163,0,0,0.0,1,3305.544065265365
6597,65,54581.38712921862,Mortgage,1,1258.1180123220142,1,8980.413207426493,1,0,0.0,1,5355.113527062408
6598,85,63377.12368614537,Own,1,7300.715056015253,1,90328.10651890244,1,1,11572.062476506373,1,0.0
6599,78,113728.96730766293,Own,1,23664.145306382212,1,96758.46639356414,1,1,23201.86153076152,1,3.4095837124566404
6600,70,98863.01343725715,Own,1,3338.6577523887363,1,43778.838547846135,0,1,6807.204122483613,1,0.0
6601,32,11327.070843329813,Rent,1,844.1789168244089,1,0.0,0,0,0.0,0,0.0
6602,63,30429.29303611355,Mortgage,1,982.0448196915869,1,9138.450888433888,0,0,0.0,1,0.0
6603,78,16030.793172422855,Own,1,3855.0610957464983,1,36035.51082194628,0,1,0.0,1,0.0
6604,41,11350.735071875879,Mortgage,1,501.1579741130166,0,0.0,0,0,0.0,1,0.0
6605,83,122316.53027071599,Own,1,6820.588657727862,1,91320.61901391251,0,1,4712.104518637709,1,0.0
6606,69,110552.79501035885,Own,1,3951.8899039238877,1,78823.06929981419,1,1,16891.618382276138,1,5693.439721216951
6607,42,20820.80206651229,Mortgage,1,1100.2192237083402,1,4787.13999261352,0,0,0.0,1,0.0
6608,31,63998.66669467509,Rent,1,1262.1041874988387,1,35271.081538692604,0,0,0.0,1,4.4399376656488725
6609,50,4588.491077903591,Rent,1,521.9746364022947,1,1723.049199142713,0,0,0.0,0,0.0
6610,56,21933.03054375262,Mortgage,1,789.5707052037536,1,2560.006570949481,0,0,0.0,1,2159.484314639569
6611,71,31213.842753155386,Rent,1,1024.3841162802255,1,1216.1145705795352,0,0,0.0,0,0.0
6612,47,10401.801187645593,Mortgage,1,2859.7887021461165,1,3822.543128170209,0,0,0.0,1,0.0
6613,61,54646.501412504214,Own,1,2143.4358822630884,1,8295.924988866513,0,0,0.0,1,5.111415193717184
6614,37,6051.7537743883495,Rent,1,636.2041095787364,1,2698.767302394359,0,0,0.0,0,0.0
6615,30,34114.5906219052,Rent,1,780.9484218908881,1,2023.8229860335891,0,0,0.0,0,0.0
6616,77,25548.92143201762,Own,1,1463.1310479360268,1,35172.46772376626,0,0,0.0,1,8.113658572366942
6617,39,11733.567095222203,Rent,0,0.0,0,0.0,0,0,0.0,0,0.0
6618,53,22160.141774725456,Rent,1,723.666592340316,1,3446.2682026389157,0,0,0.0,0,0.0
6619,66,24277.610545684227,Mortgage,1,1264.3160340358795,1,9190.505325173735,1,0,0.0,1,0.0
6620,52,30422.158512976028,Mortgage,1,2141.4048906068656,1,1520.289796020647,0,0,0.0,1,0.0
6621,61,44125.03265734193,Mortgage,1,1708.9221829826927,1,8874.530769601972,1,0,0.0,1,0.0
6622,91,152358.36141757976,Own,1,2666.267056593248,1,85666.54106211172,1,1,24160.534737497546,1,0.0
6623,63,52106.21806425036,Mortgage,1,1494.0224422158153,1,8403.99954798541,1,0,0.0,1,3834.7428664396293
6624,73,105879.28396361513,Own,1,3934.0506917303487,1,35004.457574366425,0,0,0.0,1,4773.671853711783
6625,33,8591.889898538648,Rent,0,0.0,0,0.0,0,0,0.0,0,0.0
6626,32,15991.489345752647,Rent,1,1271.4907949765752,0,0.0,0,0,0.0,0,0.0
6627,30,5967.512809203512,Rent,1,589.4106738780436,1,414.6118533490758,0,0,0.0,0,0.0
6628,27,15862.173030084676,Rent,1,456.7005100325671,1,1045.7953788752488,0,0,0.0,0,0.0
6629,45,57018.35614986514,Mortgage,1,1856.652970946011,1,9929.768221317529,0,0,0.0,1,6285.371033376211
6630,29,21422.586462344636,Rent,1,1363.2728498629713,1,1282.1192203939663,0,0,0.0,0,0.0
6631,61,44917.632772516416,Mortgage,1,2176.1604293783657,1,8092.607117828786,1,0,0.0,1,0.0
6632,50,45423.45750942416,Mortgage,1,2420.010388427976,1,9667.337913605032,1,0,0.0,1,0.0
6633,64,36306.629023603025,Mortgage,1,2184.485654748199,1,8148.8893559261105,1,0,0.0,1,3.9100580677574728
6634,43,25944.942776236465,Rent,1,793.6362076736114,1,2011.237000015032,0,0,0.0,0,0.0
6635,60,28476.803117404375,Mortgage,1,1603.1006081799492,1,9141.944247365127,0,0,0.0,0,0.0
6636,32,525.5206015037594,Rent,1,152.1856745015665,1,195.41497238095667,0,0,0.0,0,0.0
6637,47,24628.642706610546,Mortgage,1,2057.4949179812143,1,7537.328719421468,0,0,0.0,1,0.0
6638,31,2775.7661816747204,Rent,0,0.0,0,0.0,0,0,0.0,0,0.0
6639,85,31774.891714536505,Own,1,1382.5386340095035,1,9842.64275204977,0,0,0.0,1,8412.436777426596
6640,64,29919.187516718383,Mortgage,1,2297.6338894011474,1,3947.500257908701,0,0,0.0,1,2004.7722515983035
6641,37,5140.976663458463,Rent,1,0.0,1,143.7104931593576,0,0,0.0,0,0.0
6642,33,17484.135617202617,Rent,1,861.1861066574274,1,447.8276570958353,0,0,0.0,0,0.0
6643,43,71269.73639179366,Rent,1,522.328076767337,0,0.0,0,0,0.0,0,0.0
6644,42,16793.042569384714,Rent,1,568.7644963267193,1,0.0,0,0,0.0,0,0.0
6645,59,29466.396731630175,Mortgage,1,1677.0340813472951,1,8169.578353142185,1,0,0.0,1,0.0
6646,36,30737.005233326272,Rent,1,1069.5840296488657,1,2441.335418777981,0,0,0.0,0,0.0
6647,59,32627.6964881675,Mortgage,1,2365.448622059725,1,8874.992609468458,1,0,0.0,1,0.6535458175042503
6648,28,11456.915472844388,Rent,1,1665.1243747323522,1,621.616360971444,0,0,0.0,0,0.0
6649,89,99812.38595484721,Own,1,3621.813583430217,1,93160.97056207001,1,1,16129.746635849937,1,3869.084996157895
6650,48,11117.021860210276,Rent,1,684.8788468746596,1,3796.797373878212,0,0,0.0,1,0.0
6651,53,27082.110133196868,Rent,1,1238.5466940198935,1,9427.201793192296,0,0,0.0,1,2479.272112079291
6652,79,77782.49406177364,Own,1,3796.991538445096,1,80758.31206399106,1,1,8036.020790416477,1,5948.772831000378
6653,52,49304.26143163789,Own,1,1625.9306077814729,1,36637.02404645264,0,0,0.0,1,0.0
6654,51,35525.1966189435,Mortgage,1,1074.7623120177984,1,8351.003903393224,1,0,0.0,1,0.0
6655,76,16088.050875849322,Rent,1,2056.272358408676,1,39835.92942940539,0,0,0.0,1,7.625931645298461
6656,51,22453.121029268394,Rent,1,805.5193101140071,1,1439.5362888642894,0,0,0.0,0,0.0
6657,71,133570.82196699304,Own,1,2868.061287699566,1,36821.001403083115,0,0,0.0,1,3672.895646214771
6658,41,11349.121509176373,Rent,1,501.31622437679596,1,509.31544175865224,0,0,0.0,0,0.0
6659,89,146328.75055438592,Own,1,2597.2709288252054,1,73406.0774080408,1,1,21192.139318516263,1,9.724624514850252
6660,43,32560.964134114358,Rent,1,630.6684237409374,1,1530.4063673292121,0,0,0.0,0,0.0
6661,31,33672.56583801474,Rent,1,1526.3693309058851,1,1929.1898126603614,0,0,0.0,0,0.0
6662,37,25639.842977589615,Rent,0,0.0,0,0.0,0,0,0.0,1,0.6609184360266179
6663,75,86474.04249652317,Own,1,3882.246107668462,1,42588.30396438418,0,1,9830.618839605408,1,1.1257547607114038
6664,46,59247.14544635858,Mortgage,1,1463.9388077752426,1,3425.4137186057796,0,0,0.0,1,0.0
6665,49,31484.15367433817,Own,1,741.0651671394398,1,8815.864640098189,0,0,0.0,1,1.796930161263781
6666,71,118884.62337150874,Own,1,5271.175868599265,1,92069.23193044365,1,1,8502.2268887494,1,0.0
6667,30,19021.522524729677,Rent,1,783.0687027692559,1,1528.4759415858775,0,0,0.0,0,0.0
6668,61,116528.85998783472,Own,1,1675.3177332735577,1,45929.09679528462,0,0,0.0,1,0.0
6669,32,2771.6878632902153,Rent,0,0.0,0,0.0,0,0,0.0,0,0.0
6670,62,30467.73839741515,Mortgage,1,1668.2990249319246,0,0.0,0,0,0.0,1,4.696085228474293
6671,36,8858.629726002735,Rent,1,1326.9091507960084,1,2857.4752453636547,0,0,0.0,0,0.0
6672,30,39300.19316426155,Rent,1,701.7125229030506,1,37676.6379409594,0,0,0.0,0,0.0
6673,75,55891.92786537644,Own,1,2307.24830966156,1,36204.12254833409,0,0,0.0,1,14.005210214398044
6674,89,177604.16342543854,Own,1,7333.543629365149,1,96574.05571027334,1,1,30036.53218801098,1,6.963718192925852
6675,63,29823.555135190887,Mortgage,1,7152.783428939139,1,9602.182811880884,1,0,0.0,1,2832.098542273423
6676,63,27118.600250044132,Own,1,1994.0725185361537,1,1030.3720221335311,0,0,0.0,1,4.281886676961329
6677,62,30385.408956758227,Own,1,2081.6384851383746,1,36178.262286674755,0,0,0.0,1,0.0
6678,86,534772.6847904235,Own,1,4095.308239036173,1,93870.7554779567,1,1,13160.693241296412,1,0.0
6679,68,54276.16814290751,Mortgage,1,2103.017634671134,1,8291.49740804214,1,0,0.0,1,5078.916151646095
6680,29,21025.97179580675,Rent,1,1391.507153028699,1,1938.577278726299,0,0,0.0,0,0.0
6681,80,54136.960039308586,Own,1,2129.6499566729917,1,35436.27147975395,0,0,0.0,1,0.0
6682,30,9681.47711376255,Rent,1,764.6061055032894,1,909.540154268182,0,0,0.0,0,0.0
6683,28,31701.375870260064,Rent,1,541.1720926312556,0,0.0,0,0,0.0,0,0.0
6684,77,195598.84835611525,Own,1,4726.811491356741,1,95278.75755111045,1,1,7234.343764898192,1,7625.433442606697
6685,58,10937.92952411827,Mortgage,1,857.6097807144712,0,0.0,0,0,0.0,1,0.0
6686,46,42118.801681193,Mortgage,1,892.8389040432249,1,5002.989549242643,0,0,0.0,1,0.0
6687,63,26975.64895275767,Rent,1,1779.6110294457164,1,880.0955055992836,0,0,0.0,0,0.0
6688,72,109858.58713222262,Own,1,11171.275908406364,1,45626.469971619954,1,1,17037.378707956985,1,0.12633621208563295
6689,28,525.5206015037594,Rent,0,0.0,0,0.0,0,0,0.0,0,0.0
6690,75,36297.61661834117,Own,1,2024.5218242800895,1,32962.58015945186,0,0,0.0,1,2.441911581778959
6691,57,21811.603199121873,Mortgage,1,1724.044222295429,1,8755.364311047657,0,0,0.0,1,3758.7814292561793
6692,82,30094.640496162658,Own,1,2737.731267503238,1,41388.66981599014,0,0,0.0,1,0.0
6693,63,42404.50983861334,Own,1,1248.9167064239082,0,0.0,0,0,0.0,1,0.0
6694,49,34792.44298055138,Mortgage,1,1693.695952090141,1,2670.610861128361,0,0,0.0,1,0.8432998887412124
6695,76,45372.56123099347,Own,1,3350.985067979706,1,83969.17575702065,1,1,18931.06508029278,1,9158.625269858007
6696,53,19479.614352258795,Mortgage,1,2032.1255191018101,1,4294.719746859985,0,0,0.0,1,0.0
6697,49,18395.615367712915,Mortgage,1,1385.5545412661309,1,3838.5506709205815,0,0,0.0,1,4.851145480160695
6698,60,39607.51471401061,Mortgage,1,2305.043556300655,1,8713.478291576974,0,1,3.702692720672156,1,0.0
6699,40,8846.361934372057,Rent,0,0.0,0,0.0,0,0,0.0,0,0.0
6700,64,64342.60206416546,Mortgage,1,2241.77888502672,1,8086.616389118665,1,0,0.0,1,0.0
6701,66,33658.58880345884,Mortgage,1,1243.6993594367505,1,5205.475483048473,0,0,0.0,1,5360.256758637298
6702,71,37645.076532065534,Own,1,1965.9357570976142,1,45248.16753320899,0,0,0.0,1,0.0
6703,65,16436.94432915896,Mortgage,1,177.6451424288622,0,0.0,0,0,0.0,1,5.747597119041692
6704,58,35495.19758941565,Mortgage,1,1619.2121666742642,1,8086.577318324191,1,0,0.0,1,0.0
6705,43,35897.40720080676,Rent,1,727.14137509304,1,2023.0036875689577,0,0,0.0,0,0.0
6706,33,8830.12141078656,Rent,1,355.92383146934435,1,283.67709073136166,0,0,0.0,0,0.0
6707,76,167699.94061059182,Own,1,36373.65552684761,1,95769.24098028542,1,1,16223.9007078208,1,0.0
6708,89,83080.16805635513,Own,1,4534.592819559216,1,96291.98285345014,1,1,7062.852066614727,1,0.0
6709,46,29494.815854999146,Mortgage,1,2064.183065315343,1,8993.544724429732,1,0,0.0,1,4011.2723398792955
6710,55,35066.49964694973,Mortgage,1,1086.785076595752,1,9770.297802264682,1,0,0.0,1,0.0
6711,59,22263.76265670552,Mortgage,1,3258.590877302842,1,3469.9014329040247,1,0,0.0,1,3863.5686037873447
6712,60,28265.14835565346,Mortgage,1,959.6295819936058,0,0.0,0,0,0.0,1,3162.363695779555
6713,91,662231.6998437246,Own,1,36570.93616366929,1,94445.06835649598,1,1,20991.069012490818,1,10920.395326224085
6714,42,10766.493122723827,Rent,1,347.9555243498412,1,0.0,0,0,0.0,0,0.0
6715,77,44839.81323019888,Rent,1,2543.2951095491844,1,37545.59767283125,0,0,0.0,1,0.0
6716,49,24502.705187254134,Mortgage,1,1504.3866491929332,0,0.0,0,0,0.0,1,0.0
6717,43,39838.4284093649,Mortgage,1,920.512507042453,1,8433.096415796976,1,0,0.0,1,0.0
6718,30,8145.8695804505605,Rent,1,318.39277927487706,1,0.0,0,0,0.0,0,0.0
6719,47,59128.82990591906,Mortgage,1,1491.8592963313,1,2319.28144610635,0,0,0.0,1,4050.6752654606134
6720,70,97878.8949921417,Own,1,4469.118414807834,1,94295.31646575165,1,1,20188.804820641562,1,14207.963381411188
6721,33,18351.318041107115,Rent,0,0.0,0,0.0,0,0,0.0,0,0.0
6722,38,525.5206015037594,Rent,1,15.699417307649469,0,0.0,0,0,0.0,0,0.0
6723,58,13016.06720583251,Mortgage,1,723.5183306085922,0,0.0,1,0,0.0,1,0.0
6724,30,525.5206015037594,Rent,0,0.0,0,0.0,0,0,0.0,0,0.0
6725,50,16369.811706784141,Mortgage,1,1045.9964922207685,1,3519.1658242988524,0,0,0.0,1,0.0
6726,44,8445.754803186257,Rent,1,930.2166725350626,0,0.0,0,0,0.0,0,0.0
6727,54,12496.273558160408,Mortgage,1,955.3602272782156,1,4518.209889954317,0,0,0.0,1,0.0
6728,45,30379.157917196284,Mortgage,1,1566.934930787802,1,2404.702808241102,0,0,0.0,1,3276.6508357895773
6729,29,21219.739035864724,Rent,1,371.3854880539228,1,1886.4372979214263,0,0,0.0,0,0.0
6730,70,27608.299308266618,Own,1,1947.7376753999781,1,2492.397065050191,0,0,0.0,1,0.0
6731,38,21479.473010631413,Rent,1,1154.5934085295944,1,3637.0099359701917,0,0,0.0,1,0.0
6732,78,41288.998224547,Own,1,3541.5417404240884,1,37106.0368877059,0,0,0.0,1,4.601383896777284
6733,86,75068.18481960079,Own,1,6449.083641228599,1,96758.46639356414,1,1,15715.728799478495,1,4243.620967724704
6734,66,25904.79794789387,Mortgage,1,978.2842130177286,1,1929.263790738078,0,0,0.0,1,0.0
6735,51,35823.81480450622,Mortgage,1,2814.4738619603886,1,2555.2531619669066,1,0,0.0,1,0.0
6736,60,30904.948849770433,Mortgage,1,2172.4861117908586,1,9502.17972255262,0,0,0.0,1,0.0
6737,30,10404.970197772393,Mortgage,1,521.1221240569153,1,4534.44294027604,0,0,0.0,1,0.0
6738,58,58675.03808873319,Mortgage,1,1492.2893006253637,1,1400.7203842857766,0,0,0.0,1,0.0
6739,64,47882.99207103598,Own,1,1286.7394215375507,1,8718.454313663717,1,0,0.0,1,0.0
6740,32,9633.117333973443,Rent,1,0.0,1,0.0,0,0,0.0,0,0.0
6741,90,127579.03458621638,Own,1,9921.517434583879,1,88645.25703219403,1,1,10738.33283533562,1,10694.583890527783
6742,82,121101.86865801431,Own,1,8856.500981244739,1,41155.8367226231,0,1,4181.299814071983,1,16.575542909780506
6743,37,28481.66714768474,Rent,1,503.7687636188713,1,367.7862645907703,0,0,0.0,0,0.0
6744,58,30072.391988191986,Mortgage,1,950.6828069369694,1,8768.396605599046,1,0,0.0,1,3589.9859713238784
6745,77,42160.36260279464,Own,1,1597.7474768150103,1,35835.73056545633,0,0,0.0,1,0.0
6746,61,47103.879980655314,Own,1,1959.5280646592091,1,8835.853670280601,0,0,0.0,1,6261.536397150447
6747,47,26567.60899774692,Mortgage,1,926.3619450839019,1,2293.078411295102,0,0,0.0,0,0.0
6748,74,72824.08731231451,Own,1,2314.1701518165896,1,36393.40303378285,0,0,0.0,1,3447.0839628219073
6749,55,31468.303990433193,Mortgage,1,2131.7145986945725,1,1862.8158626587751,0,0,0.0,1,0.0
6750,45,50763.04308464578,Own,1,1280.167962801452,1,44508.46105953982,0,0,0.0,1,0.0
6751,65,43965.84653636582,Mortgage,1,8163.597349132579,1,8999.469228775431,1,1,34136.05608462244,1,0.0
6752,49,12117.201990753645,Rent,1,1087.4468611722364,1,2721.7262171973366,0,0,0.0,1,0.0
6753,74,17171.106109048993,Own,1,1509.7946893409942,1,34266.07759458622,0,0,0.0,1,0.0
6754,31,525.5206015037594,Rent,0,0.0,0,0.0,0,0,0.0,0,0.0
6755,46,34700.24198411287,Mortgage,1,1519.7045530538462,1,8544.295089550786,1,0,0.0,1,3695.0725921228427
6756,26,31132.034640706446,Rent,1,1113.033448953468,1,1259.780727318694,0,0,0.0,1,0.0
6757,70,147779.34720416987,Own,1,2533.658565334634,1,34651.44021607423,0,0,0.0,1,0.0
6758,30,525.5206015037594,Rent,0,0.0,0,0.0,0,0,0.0,0,0.0
6759,69,63341.85963295009,Own,1,3253.3228968124486,1,81335.20689875065,1,1,5345.052772861228,1,3932.8455094543133
6760,44,17837.331290669506,Rent,1,1629.9642276518744,1,3954.946422267125,0,0,0.0,0,0.0
6761,87,92560.43778542032,Own,1,6298.259217386857,0,0.0,0,0,0.0,1,0.0
6762,40,7160.481067451572,Rent,1,606.8469273114006,1,1985.5441622886412,0,0,0.0,0,0.0
6763,39,13718.804726161983,Rent,1,505.19026766897673,1,0.0,0,0,0.0,0,0.0
6764,29,525.5206015037594,Rent,1,440.6314298070137,1,0.0,0,0,0.0,0,0.0
6765,72,112985.1919812904,Own,1,4565.146611692236,1,41260.51547076711,0,1,10572.124339913757,1,1.5263538193157624
6766,41,525.5206015037594,Rent,0,0.0,0,0.0,0,0,0.0,0,0.0
6767,55,8651.41525606423,Rent,0,0.0,0,0.0,1,0,0.0,0,0.0
6768,30,13952.04056136834,Rent,1,600.2920270296264,1,2013.841419329592,0,0,0.0,0,0.0
6769,63,102697.35169503992,Own,1,1845.7103052955267,1,7484.866726135641,0,0,0.0,1,5843.587529930414
6770,74,42511.87171916503,Own,1,1710.079046233402,1,7999.11873576179,0,0,0.0,1,2633.068566026505
6771,49,37053.819960229725,Mortgage,1,2034.3045174779365,1,3249.380319551096,0,0,0.0,1,0.0
6772,57,71730.99860452503,Mortgage,1,2881.883270268353,1,8980.228174339552,1,0,0.0,1,5337.919250858162
6773,72,63752.46897507216,Own,1,2246.382356338813,1,2335.0240098668155,0,0,0.0,1,0.0
6774,30,24533.52023439658,Rent,1,1150.8407110762432,1,3247.018373858704,0,0,0.0,0,0.0
6775,41,8305.415331998325,Rent,1,400.9292017246155,1,592.9077507930235,0,0,0.0,0,0.0
6776,30,7601.572782104411,Rent,1,460.86420624909243,1,677.1238844018128,0,0,0.0,0,0.0
6777,89,241357.40782690104,Own,1,3281.7094421691336,1,96758.46639356414,1,1,8408.746347797602,1,6628.695909485337
6778,67,81722.30748458568,Mortgage,1,2384.2181794257613,1,8567.466488891061,1,0,0.0,1,0.0
6779,28,23831.287354316384,Rent,1,157.5707344580428,1,1274.5901001508118,0,0,0.0,0,0.0
6780,38,34723.90016029197,Own,1,2596.1371184748114,1,8672.986842237175,0,0,0.0,1,8.845330815246141
6781,53,61757.35552260014,Mortgage,1,1919.3251931274658,1,9096.411061296301,1,0,0.0,1,0.0
6782,91,80715.35683752956,Own,1,7721.0470157128,1,76942.82306705345,1,1,4562.09883391818,1,5891.693057317794
6783,57,26702.016962685364,Mortgage,1,966.6025119053273,1,9602.883304442019,0,0,0.0,1,0.0
6784,77,141898.8601606751,Own,1,42524.806057402326,1,95266.98909203373,1,1,6383.134672746703,1,9019.667694512085
6785,66,23206.693813458256,Own,1,3144.9940242326993,1,9405.924331647788,1,0,0.0,1,8170.411808764578
6786,45,525.5206015037594,Rent,0,0.0,0,0.0,0,0,0.0,0,0.0
6787,62,43214.97894920364,Mortgage,1,2688.941279544736,1,523.4313696119832,1,0,0.0,1,0.0
6788,61,41911.66251169618,Mortgage,1,1439.6780943625106,1,7893.517648751365,1,0,0.0,1,3435.0053063543587
6789,29,6466.854031052344,Rent,1,280.43334317308086,0,0.0,0,0,0.0,0,0.0
6790,64,63795.98082016232,Mortgage,1,1889.733248660633,1,7728.130343525529,1,0,0.0,1,0.0
6791,49,30790.099265765468,Mortgage,1,2113.486845987833,1,2020.9167538690385,0,0,0.0,1,0.0
6792,46,14622.97302200261,Mortgage,1,1759.5382645722239,1,2262.715005509829,0,0,0.0,1,0.0
6793,64,12320.541075889592,Rent,1,1293.6748589468402,1,7975.073317059188,0,0,0.0,1,0.0
6794,61,525.5206015037594,Mortgage,0,0.0,0,0.0,0,0,0.0,0,0.0
6795,31,525.5206015037594,Rent,0,0.0,0,0.0,0,0,0.0,0,0.0
6796,90,91754.2268463922,Own,1,24901.908033452724,1,92249.9790150998,1,1,18514.539345681507,1,5978.404436492332
6797,32,5941.8494601979255,Rent,1,340.4699174747026,0,0.0,0,0,0.0,0,0.0
6798,33,17441.457024365984,Rent,1,1821.071029228338,1,1441.6678044545888,0,0,0.0,1,0.0
6799,41,17174.261163655432,Rent,1,189.1122136435837,1,680.7128760267715,0,0,0.0,0,0.0
6800,74,44780.98308040817,Own,1,1018.6806201487063,1,41583.89381516125,0,0,0.0,1,0.665855479987282
6801,30,525.5206015037594,Rent,0,0.0,0,0.0,0,0,0.0,0,0.0
6802,74,35598.59540282957,Own,1,27919.232266988598,1,45221.90239841451,1,1,11888.931304156253,1,2.1479014587317717
6803,45,49177.3202583392,Mortgage,1,1276.7772994466454,1,3832.8964272473945,0,0,0.0,1,0.0
6804,64,39568.00195499272,Own,1,2334.6807039323708,1,34184.8818065227,0,0,0.0,1,3551.642338398261
6805,28,16525.329339838543,Rent,1,325.8407961713925,1,2377.9443851611177,0,0,0.0,0,0.0
6806,52,19193.990180424986,Mortgage,1,1988.225387563583,1,2738.9144557882482,1,0,0.0,1,0.0
6807,57,38910.80222559284,Mortgage,1,1993.4261634161062,1,9449.091490292945,1,0,0.0,1,0.0
6808,87,108814.99626224053,Own,1,3261.069383050612,1,72983.54475580167,1,1,12175.342062908643,1,17373.201633153898
6809,64,49120.630929571664,Own,1,952.2225328138626,0,0.0,0,0,0.0,1,0.0
6810,68,20218.46133721806,Mortgage,1,1012.4345812360993,1,2508.4214380964677,1,0,0.0,1,0.0
6811,48,16076.422098240682,Mortgage,1,1758.568663282562,1,4200.039675671427,0,0,0.0,1,12.429284055005443
6812,31,780.5859774564124,Rent,1,187.1617311207143,1,2931.972986713701,0,0,0.0,0,0.0
6813,29,7822.400580866886,Rent,1,183.06448255452312,0,0.0,0,0,0.0,0,0.0
6814,63,42369.73405313816,Mortgage,1,2579.3224911173284,1,9569.714602344124,1,0,0.0,1,2444.6620579476953
6815,63,30285.69197521946,Mortgage,1,1421.5503005516125,1,9446.766398693586,1,0,0.0,1,0.0
6816,53,19231.143694561186,Mortgage,1,1377.2518533963344,1,3643.1665701733646,0,0,0.0,1,0.0
6817,87,78346.01716096449,Own,1,10036.083702285161,1,45383.97383018287,1,1,7607.567169039996,1,10657.384604703579
6818,28,525.5206015037594,Rent,0,0.0,0,0.0,0,0,0.0,0,0.0
6819,33,525.5206015037594,Rent,0,0.0,0,0.0,0,0,0.0,0,0.0
6820,66,50707.12083834026,Mortgage,1,1211.4792183284947,1,7314.417540278043,1,0,0.0,1,2304.392338031304
6821,77,118365.6890054618,Own,1,4656.224936488168,1,41489.22195459309,0,1,6403.536570652811,1,4352.924674813533
6822,52,35446.89553074722,Mortgage,1,2490.202432845475,1,1678.227821928946,0,0,0.0,1,0.0
6823,32,19702.263443763844,Rent,1,339.22808879411684,1,1773.9180787470798,0,0,0.0,0,0.0
6824,35,40645.61144731394,Rent,1,1504.604426588815,1,2068.4385814514617,0,0,0.0,1,2.9993140702146768
6825,87,70634.70861762245,Own,1,4066.229851764092,1,81946.81507596673,1,1,7000.762094574067,1,10218.698392696222
6826,83,100957.47519296833,Own,1,5137.643354649788,1,7464.44660932232,1,0,0.0,1,2904.408069981171
6827,48,48119.01838374392,Mortgage,1,1340.9887846287836,1,2770.3085217638927,0,0,0.0,1,0.0
6828,30,8562.886806590195,Rent,1,57.00087438625383,1,0.0,0,0,0.0,0,0.0
6829,69,9128.905879792255,Mortgage,1,823.6394787804851,0,0.0,1,0,0.0,1,0.0
6830,71,92272.02956296079,Own,1,3543.542433133142,1,35752.7205702462,0,0,0.0,1,4190.231887857231
6831,33,19105.846097884194,Rent,1,855.7875248734402,1,1584.5940341357687,0,0,0.0,0,0.0
6832,28,3664.742918743508,Rent,1,403.0915120515503,1,0.0,0,0,0.0,0,0.0
6833,60,23211.79494569377,Mortgage,1,739.3126969214171,1,2868.200834264995,0,0,0.0,0,0.0
6834,70,50722.909385765444,Mortgage,1,2229.603828181306,1,7959.615633693635,1,0,0.0,1,0.0
6835,64,27302.968924701454,Own,1,2236.5102595667554,1,3196.1316688978527,0,0,0.0,1,4.035833477296691
6836,31,525.5206015037594,Rent,0,0.0,0,0.0,0,0,0.0,0,0.0
6837,30,525.5206015037594,Rent,0,0.0,0,0.0,0,0,0.0,0,0.0
6838,45,38103.78770637817,Mortgage,1,1114.0541237298198,1,4020.4499339264617,0,0,0.0,1,0.0
6839,42,17059.6775580437,Rent,1,2512.6090584963968,1,3095.0634283738677,0,0,0.0,1,10.691505657168072
6840,54,32914.021666813474,Rent,1,1071.992237932715,1,3689.9306969536965,0,0,0.0,1,0.0
6841,31,6451.098992617299,Rent,1,274.3893947233787,1,0.0,0,0,0.0,0,0.0
6842,61,13797.390602357495,Rent,1,1499.182981182283,1,1179.7426145686456,0,0,0.0,0,0.0
6843,60,62306.15453105808,Own,1,2872.587489588073,1,93288.33933925492,0,1,1.966075902407381,1,0.0
6844,65,91977.05764336497,Own,1,12920.107370405318,1,81392.31054681315,1,1,8391.476036022232,1,7.1686247287986715
6845,91,238056.4754090455,Own,1,26534.044301381928,1,93169.95555545427,1,1,18131.363327348612,1,8446.861617381399
6846,60,13897.114326787192,Mortgage,1,1343.2912003713259,1,3681.7879606762626,0,0,0.0,1,0.0
6847,45,28472.87784667631,Mortgage,1,1416.5531579639858,1,5407.171220666272,0,0,0.0,1,2261.1449536790906
6848,38,1369.32499240395,Rent,1,90.54407903722131,1,84.41448048210123,0,0,0.0,0,0.0
6849,53,10443.563944337682,Mortgage,1,1465.396365106732,0,0.0,0,0,0.0,0,0.0
6850,59,38216.18607260809,Mortgage,1,1614.0838214387697,1,9864.522270513024,0,0,0.0,1,0.0
6851,48,36569.65584255331,Mortgage,1,1774.931908143497,1,3385.869328924221,0,0,0.0,0,0.0
6852,52,46455.923326539014,Mortgage,1,1355.265498431455,1,9504.224301020775,0,0,0.0,1,0.0
6853,38,525.5206015037594,Rent,0,0.0,0,0.0,0,0,0.0,0,0.0
6854,90,139896.15025555604,Own,1,4451.830549752862,1,93236.90667551236,1,1,8546.69740625188,1,14.570945114391678
6855,84,87419.11903463569,Own,1,6161.837875060467,1,92782.90745334468,1,1,7435.728423385618,1,4.254213348440974
6856,67,118949.48996726862,Mortgage,1,1465.4538097927614,1,7721.85865913475,1,0,0.0,1,0.0
6857,43,5157.6991878512235,Rent,1,838.6081751577087,0,0.0,0,0,0.0,0,0.0
6858,47,49986.712307199276,Mortgage,1,2109.8484899537084,1,8875.26969284141,1,0,0.0,1,0.0
6859,90,535203.0637493642,Own,1,3009.9427020963826,1,93722.10844526983,1,1,7798.148598705182,1,4333.491938972835
6860,34,525.5206015037594,Rent,0,0.0,0,0.0,0,0,0.0,0,0.0
6861,54,57627.49611369874,Mortgage,1,1629.8866244412889,1,5036.359887423415,1,0,0.0,1,0.0
6862,37,14148.685276255008,Rent,1,574.843050016176,1,1705.6540306841257,0,0,0.0,0,0.0
6863,61,66321.30278836977,Own,1,825.4293072252287,1,38982.38871937667,1,1,6744.308349900312,1,0.0
6864,64,36824.3356947531,Mortgage,1,2170.73350618732,1,2663.9191170830654,1,0,0.0,1,0.0
6865,37,11717.687781880224,Rent,1,0.0,1,0.0,0,0,0.0,0,0.0
6866,91,155181.39625376888,Own,1,14304.388142480639,1,41128.06959084391,1,1,7293.125778460317,1,8290.898791855741
6867,48,525.5206015037594,Mortgage,1,1483.7222849303516,0,0.0,0,0,0.0,1,1.5161735988741465
6868,28,525.5206015037594,Rent,0,0.0,0,0.0,0,0,0.0,0,0.0
6869,74,24870.329283333158,Own,1,3339.372703916758,1,36713.05989242456,0,1,0.0,1,0.0
6870,68,39991.309845516604,Mortgage,1,2076.9420636640025,1,7116.646236354023,1,0,0.0,1,0.0
6871,78,76559.8826266394,Own,1,3929.2757306433596,1,94739.46149658634,1,1,36939.36606526889,1,0.0
6872,67,93255.74093963375,Mortgage,1,2608.7139953040573,1,9028.237045264112,1,0,0.0,1,5.728956326902839
6873,38,5445.3804985812985,Rent,0,0.0,0,0.0,0,0,0.0,0,0.0
6874,29,9644.948421258265,Rent,1,77.89197783602879,0,0.0,0,0,0.0,0,0.0
6875,45,525.5206015037594,Rent,0,0.0,0,0.0,0,0,0.0,0,0.0
6876,42,21875.71135618703,Mortgage,1,767.0717066718989,1,3777.873867401391,1,0,0.0,1,1.2573008808987907
6877,40,6998.319735619567,Rent,1,469.6142489853567,1,281.2437794251614,0,0,0.0,0,0.0
6878,70,22806.666472964374,Rent,1,1244.6572119331117,1,3284.117498484485,0,0,0.0,1,0.0
6879,44,12364.567794183637,Mortgage,1,2141.9581583454533,1,3903.8715719086877,0,0,0.0,0,0.0
6880,29,525.5206015037594,Rent,0,0.0,0,0.0,0,0,0.0,0,0.0
6881,28,525.5206015037594,Rent,1,118.85553883320392,1,0.0,0,0,0.0,0,0.0
6882,56,38646.55210204176,Mortgage,1,2671.038102978136,1,9399.776813988965,1,0,0.0,1,0.0
6883,74,78315.73306564374,Own,1,6845.929585490675,1,96758.46639356414,1,1,10654.563386830938,1,0.0
6884,69,45213.04585213159,Own,1,2162.594171014135,1,40366.99567058726,0,0,0.0,1,0.0
6885,57,36411.01983694272,Mortgage,1,2137.5696989349744,1,8786.681230160755,1,0,0.0,1,5866.774433815246
6886,79,22412.414975451316,Own,1,606.5150893633186,1,8169.7345730987345,0,0,0.0,1,5450.969779338854
6887,33,18936.64015003686,Rent,1,505.98485834918205,0,0.0,0,0,0.0,0,0.0
6888,51,37796.105762986546,Mortgage,1,646.6183806492428,1,3355.3610607354717,0,0,0.0,1,0.0
6889,36,13906.046360239945,Rent,1,822.4580430402012,0,0.0,0,0,0.0,0,0.0
6890,61,30066.247500440757,Mortgage,1,1518.592254371061,1,38695.8955495143,0,0,0.0,1,1.7613202908345966
6891,61,21555.436316383653,Mortgage,1,1391.695206638869,1,8718.38692365565,0,0,0.0,1,0.0
6892,45,23130.986639270068,Rent,1,2423.7603142117355,1,2265.005546703437,0,0,0.0,1,9.838953371633762
6893,64,33584.97086636269,Mortgage,1,1808.5404454009333,0,0.0,1,0,0.0,1,0.0
6894,64,40016.07681371831,Mortgage,1,1393.0226016658416,0,0.0,1,0,0.0,1,0.0
6895,29,525.5206015037594,Rent,0,0.0,0,0.0,0,0,0.0,0,0.0
6896,43,36446.59625782274,Mortgage,1,1622.0422806204933,1,3512.584626787311,1,0,0.0,1,0.0
6897,88,531252.3011158702,Own,1,33122.45589256003,1,41918.86618405199,1,1,4600.767417259008,1,0.0
6898,44,13770.738570973152,Mortgage,1,2031.0753490421423,1,1488.96295925979,1,0,0.0,1,0.0
6899,31,525.5206015037594,Rent,0,0.0,0,0.0,0,0,0.0,0,0.0
6900,54,28663.84849332499,Mortgage,1,1278.0967313378164,1,5414.121529941931,0,0,0.0,1,0.0
6901,90,97622.12608857818,Own,1,2098.7300630248005,1,45848.851736235636,1,1,6380.448166208462,1,0.0
6902,73,36572.9046521689,Own,1,1987.09439540619,1,8052.02937924852,0,0,0.0,1,0.0
6903,43,43210.4311056352,Mortgage,1,916.701497888954,1,3282.0425897090986,0,0,0.0,0,0.0
6904,68,47482.797010691516,Mortgage,1,1589.4977118669262,1,8406.945884183326,1,0,0.0,1,0.0
6905,30,5948.696194556538,Rent,1,1078.874159207763,1,4027.024601651068,0,0,0.0,0,0.0
6906,69,35206.75836773209,Own,1,5823.014556885214,0,0.0,0,0,0.0,1,0.0
6907,54,32725.7080283681,Mortgage,1,2380.1098371407143,1,9463.236192655822,1,0,0.0,1,0.0
6908,72,127470.5083533657,Own,1,7369.129336373184,1,41898.81090987487,0,1,7246.313463782943,1,0.0
6909,90,91393.25998241127,Own,1,12935.371178874298,1,74706.20609799252,0,1,6039.494133750508,1,7.248745341520414
6910,65,27488.09539371211,Mortgage,1,6156.507405868263,1,74867.91890198323,1,1,7498.364673270449,1,3.78697702489722
6911,89,98906.57537808135,Own,1,25685.737597943255,1,94973.44783639676,1,1,18482.757430438756,1,17.39515203200328
6912,39,9552.296832348591,Rent,1,0.0,1,0.0,0,0,0.0,0,0.0
6913,70,78563.70258494176,Own,1,8637.884691101848,1,90778.23925198156,1,1,10029.507184600583,1,11.231822797030814
6914,27,6614.1674151251445,Rent,0,0.0,0,0.0,0,0,0.0,0,0.0
6915,29,9431.85586436659,Rent,1,498.3605054444553,1,2767.878521335575,0,0,0.0,0,0.0
6916,61,25181.512009426056,Mortgage,1,1655.2961036557044,1,9100.510491702029,1,0,0.0,1,3673.4217773033274
6917,48,21587.521066987912,Mortgage,1,1382.0801108378719,1,4113.389586974627,0,0,0.0,1,0.0
6918,47,43729.739319901884,Mortgage,1,1103.123005229179,1,5204.267012621249,0,0,0.0,1,0.0
6919,59,59880.773790779866,Mortgage,1,1004.6867901704378,1,2192.149184559894,1,0,0.0,1,11.700208056198543
6920,38,44377.609882738616,Rent,1,2618.4470891052356,0,0.0,0,0,0.0,0,0.0
6921,32,15000.524722209855,Mortgage,1,1327.4871007175943,1,2541.9308791327326,0,0,0.0,0,0.0
6922,29,12536.910653203522,Rent,1,772.4408677223223,1,0.0,0,0,0.0,0,0.0
6923,36,7858.920562513211,Mortgage,1,631.0733286875616,1,1790.1536352194225,0,0,0.0,0,0.0
6924,31,4582.986977118948,Rent,0,0.0,0,0.0,0,0,0.0,0,0.0
6925,85,81204.56089882608,Own,1,7030.577244849242,1,78806.70456087042,1,1,33866.45930875812,1,5872.979550688651
6926,60,11312.023707285196,Rent,1,611.1223441017421,0,0.0,0,0,0.0,0,0.0
6927,38,38950.35989150413,Own,1,1548.3705688742639,1,40796.41232474545,0,0,0.0,1,0.0
6928,32,8758.659854956739,Rent,1,147.98180278846291,1,333.7169633014064,0,0,0.0,0,0.0
6929,78,22445.865712104052,Own,1,1322.3054088865792,1,41051.586351515725,0,0,0.0,0,0.0
6930,62,23114.51057565487,Mortgage,1,1742.8983277877262,1,4998.47461543646,0,0,0.0,1,0.0
6931,29,1798.5136100128111,Rent,1,0.0,0,0.0,0,0,0.0,0,0.0
6932,31,8675.136083744155,Rent,1,615.7496645598867,1,1130.1764125963678,0,0,0.0,0,0.0
6933,31,18991.235016774637,Rent,1,1576.6897713443743,1,1426.0509912788023,0,0,0.0,0,0.0
6934,29,11135.77633740378,Rent,1,129.60887328400406,1,1425.4866245530295,0,0,0.0,0,0.0
6935,89,86590.91309315227,Own,1,4746.947810241221,1,77298.27348318546,1,1,12651.690793812675,1,25.767153057957362
6936,56,80211.79065877375,Own,1,1968.6956992656435,1,7431.91113226886,1,0,0.0,1,0.0
6937,29,3079.235051376236,Rent,1,431.78011281230465,1,1308.576721461936,0,0,0.0,0,0.0
6938,32,7935.451837677272,Rent,1,0.0,1,92.73250934966336,0,0,0.0,0,0.0
6939,29,10226.909807987025,Rent,1,1641.0450050413488,0,0.0,0,0,0.0,0,0.0
6940,33,21725.420310500678,Rent,1,554.5868980449377,0,0.0,0,0,0.0,0,0.0
6941,45,35312.05360192069,Mortgage,1,2350.6847248099134,1,8402.131641580623,1,0,0.0,1,4.000535371425167
6942,50,22959.457687084792,Mortgage,1,1341.4707908137616,0,0.0,0,0,0.0,1,0.0
6943,82,102401.66997828483,Own,1,7378.8475315677715,1,93300.92420902081,1,1,16062.649330466093,1,16071.99171434428
6944,36,525.5206015037594,Rent,0,0.0,0,0.0,0,0,0.0,0,0.0
6945,31,4414.187971519432,Rent,0,0.0,0,0.0,0,0,0.0,0,0.0
6946,30,3380.656288732671,Rent,1,639.2465632494884,1,1806.5593800118247,0,0,0.0,0,0.0
6947,38,29354.027944254045,Rent,1,1394.604844378263,1,8790.78714470622,0,0,0.0,0,0.0
6948,47,14141.58041013877,Mortgage,1,1528.1254619868482,0,0.0,0,0,0.0,0,0.0
6949,60,43106.00216624481,Mortgage,1,1165.526743420484,1,3645.3788803808875,0,0,0.0,1,0.0
6950,71,54826.3184115646,Mortgage,1,2088.469952629603,1,3126.8354402567165,0,0,0.0,1,0.0
6951,42,20901.031971967277,Rent,1,0.0,1,119.43271616020843,0,0,0.0,0,0.0
6952,29,6406.782793094437,Rent,0,0.0,0,0.0,0,0,0.0,0,0.0
6953,63,51455.69680638873,Mortgage,1,1822.5239283489132,1,3379.0747637268983,0,0,0.0,1,3966.2716235257794
6954,42,14617.091337859281,Rent,1,825.9513437334557,1,1737.1860206527022,0,0,0.0,0,0.0
6955,90,51653.557168601976,Own,1,3015.38200292851,1,93415.77095913548,1,1,7364.630506885188,1,0.0
6956,51,11402.631148192977,Rent,1,780.6752303273167,1,767.0704118750937,0,0,0.0,0,0.0
6957,51,24925.068557287355,Rent,1,1350.7920855632476,1,4327.658751227692,0,0,0.0,0,0.0
6958,59,26563.36325509774,Own,1,2288.674532401127,1,36486.54555780136,0,0,0.0,1,0.0
6959,68,38237.07471819757,Mortgage,1,2486.6395895822952,1,9321.469774765435,1,0,0.0,1,0.0
6960,49,94949.45358950419,Mortgage,1,1540.5009221687396,1,2804.3019821073626,0,0,0.0,1,3132.1075545499843
6961,67,34786.847173388654,Mortgage,1,1631.3496887959595,1,7943.728740581009,1,0,0.0,1,0.0
6962,89,152706.04870470345,Own,1,4965.699788701955,1,96758.46639356414,1,1,4440.108123333797,1,1.702814561453503
6963,91,87698.02755942036,Own,1,8286.742369263107,1,95481.49522441342,1,1,4826.307279992668,1,14440.763892603683
6964,51,10242.71885374144,Mortgage,1,645.6264119821881,0,0.0,0,0,0.0,1,0.0
6965,31,33651.76950670955,Rent,1,1904.860871738512,0,0.0,0,0,0.0,1,3813.5147422935884
6966,67,33847.65724768498,Own,1,7576.583325841209,1,93422.82682087566,1,1,21109.80359877023,1,11.012561824928714
6967,55,18127.40573867912,Mortgage,1,4200.234420598757,1,78693.65076525287,1,1,40.66037182107494,1,4.751868430989559
6968,47,31707.978459609178,Rent,1,1089.3008863914688,1,2732.1733704656162,0,0,0.0,1,0.0
6969,36,22062.80337944952,Rent,1,493.6257343870388,1,235.26745764327688,0,0,0.0,0,0.0
6970,47,91591.26625826741,Mortgage,1,1088.5690047793755,1,2130.0703205372056,0,0,0.0,1,4360.56291928172
6971,90,79932.00552540825,Own,1,32744.379162561432,1,74786.4129707664,1,1,7419.803292028119,1,0.0
6972,39,8901.506891790174,Rent,0,0.0,0,0.0,0,0,0.0,0,0.0
6973,36,9685.191423597807,Rent,1,485.19145338158353,1,1320.8164851816782,0,0,0.0,0,0.0
6974,69,85013.58149266038,Own,1,6410.301623578678,1,46733.892080710895,0,0,0.0,1,5222.792066025952
6975,86,115185.4715200783,Own,1,5107.14051779042,1,94414.26067756706,0,1,6668.847322743089,1,6144.8139061027005
6976,77,157465.12422810114,Own,1,5361.459741278521,1,36308.003514707125,0,0,0.0,1,0.0
6977,49,15724.259242166228,Rent,1,747.1919642566501,1,1732.1518140996695,0,0,0.0,0,0.0
6978,67,34693.59198762747,Own,1,2002.3249117593236,1,8604.378890661981,0,0,0.0,1,0.0
6979,77,52687.341025533206,Own,1,3811.6399631903214,1,35762.62430545709,0,0,0.0,1,4301.505186825673
6980,86,209309.21726821014,Own,1,4252.234579043351,1,94085.47503791361,1,1,4558.780179757562,1,6361.651741668378
6981,43,31101.300060147747,Rent,1,660.7883102207628,0,0.0,0,0,0.0,0,0.0
6982,33,14904.316199632114,Rent,1,427.0091998178942,1,1682.1259268015965,0,0,0.0,0,0.0
6983,79,25021.863104438242,Own,1,1295.2217624424425,1,2412.506478434246,0,0,0.0,1,6.535945680407037
6984,81,686239.6991659533,Own,1,3806.7146646403576,1,95022.70955415715,1,1,19055.6670753194,1,10.480904505729805
6985,72,51298.18302006008,Own,1,2520.853144681443,1,34445.70682887831,0,0,0.0,1,0.0
6986,86,780567.1547501817,Own,1,4444.961172811603,1,89240.35449724393,1,1,7298.951579724299,1,6407.958291891853
6987,73,106833.73446285514,Own,1,6421.138465725257,1,79697.258321219,1,1,4577.717548273721,1,8732.048984266037
6988,70,122802.19606756658,Own,1,4238.845530841192,1,41176.169103195796,0,1,6867.938674216806,1,6303.603099784753
6989,73,57843.14626209828,Mortgage,1,1861.5129537261246,1,9749.956838581915,0,0,0.0,1,3788.832675660304
6990,62,115835.55500075046,Mortgage,1,3875.382199204787,1,9615.073202654145,1,0,0.0,1,0.0
6991,67,44958.905016855264,Mortgage,1,1136.1823670427373,1,8019.606625862613,1,0,0.0,1,0.0
6992,40,4670.473027256792,Rent,1,892.7583262036544,0,0.0,0,0,0.0,0,0.0
6993,37,20567.557390565813,Rent,1,1649.6617151905975,1,2713.543888338554,0,0,0.0,0,0.0
6994,52,38533.18669086382,Mortgage,1,3181.7564112045175,1,3892.235084288952,1,0,0.0,1,0.0
6995,57,46675.01017914842,Mortgage,1,2164.8275081860156,1,9571.286980547013,0,0,0.0,1,8.371247436134157
6996,77,41995.87191820882,Own,1,1535.4455353163555,1,35110.82242489885,0,0,0.0,1,0.0
6997,34,1328.3735069501145,Rent,1,719.582612563749,0,0.0,0,0,0.0,0,0.0
6998,65,34082.26680235659,Own,1,3047.7893086237955,1,94963.84996039925,1,1,15222.077260402959,1,0.0
6999,28,525.5206015037594,Rent,0,0.0,0,0.0,0,0,0.0,0,0.0
7000,27,3095.0075115272066,Rent,1,698.6149709933338,1,930.926218139168,0,0,0.0,0,0.0
7001,33,8711.69090882233,Rent,1,653.0384505242021,1,2400.0852832049677,0,0,0.0,0,0.0
7002,90,72622.74631048144,Own,1,6585.7894932603385,1,78297.14712278235,1,1,13095.69156092908,1,19638.207762416914
7003,74,55061.54278913495,Own,1,1392.043236703672,1,31310.62003702383,0,0,0.0,1,0.0
7004,54,57492.289599927295,Own,1,2014.9895983092142,1,36315.50399361818,0,0,0.0,1,9.766320615176845
7005,38,25976.44975403259,Rent,1,305.48883703765694,1,1433.510904977323,0,0,0.0,0,0.0
7006,77,98052.71827748262,Own,1,2272.6177771367184,1,48822.64780192892,0,0,0.0,1,0.0
7007,80,56276.590616516776,Own,1,1558.037829074759,1,33131.65806584437,0,0,0.0,1,0.0
7008,77,61136.02489196513,Own,1,1645.7638671295072,0,0.0,0,0,0.0,1,0.0
7009,37,7779.1488481870565,Rent,1,138.91422520919036,0,0.0,0,0,0.0,0,0.0
7010,69,87837.13442307313,Own,1,3400.1857914467514,1,43186.99326909833,1,1,6984.794061214612,1,0.0
7011,39,19909.979078397133,Rent,1,0.0,1,1691.9857611111988,0,0,0.0,0,0.0
7012,70,41729.09401974638,Mortgage,1,1337.446806659186,1,7698.051521701366,1,0,0.0,1,5430.169301868826
7013,91,88477.30560101221,Own,1,10264.1867507322,1,95549.91973048342,1,1,8686.071128739686,1,8.745097571285555
7014,58,39348.88815824727,Mortgage,1,2036.256829766725,1,1933.025718251894,1,0,0.0,1,0.0
7015,54,28293.96919159616,Rent,1,531.4606684605806,1,1920.4297362610525,0,0,0.0,0,0.0
7016,49,32415.20953325055,Mortgage,1,1738.135027795503,1,3025.6487582778095,1,0,0.0,1,0.0
7017,47,38550.7701890987,Mortgage,1,1317.7791596673235,1,4255.930237335705,0,0,0.0,1,3386.3014235594687
7018,87,87491.08970966717,Own,1,10953.697362031362,1,94492.0758118033,1,1,5621.983168878919,1,4.8589707580423225
7019,45,36653.47700856024,Mortgage,1,650.7464518158301,0,0.0,1,0,0.0,1,0.0
7020,42,17288.229182689294,Rent,1,1458.9336609577044,1,285.2622654865836,0,0,0.0,1,9.906163352195739
7021,63,30134.068748572052,Mortgage,1,2226.9964526321255,1,8428.902469472576,1,0,0.0,1,2.4850064298760906
7022,48,36968.65665228841,Mortgage,1,2506.4093692260435,1,2974.663170228074,1,0,0.0,1,0.0
7023,91,81412.88724028463,Own,1,5145.877383365706,1,96723.46697122816,1,1,11832.992316965468,1,0.0
7024,61,31595.713216034503,Mortgage,1,1468.9552210840511,1,1967.3135144893154,0,0,0.0,1,4.876289898744447
7025,89,81653.5207302497,Own,1,8728.574966112019,1,92197.69449714577,1,1,4811.592302448938,1,9042.211067342216
7026,88,61823.51686325195,Own,1,7373.105452638029,1,93312.49754727345,1,1,12164.584141181937,1,9.635118675051107
7027,51,48463.35358179796,Mortgage,1,1963.0575214400712,1,9120.794903886966,1,0,0.0,1,0.0
7028,91,92998.0172742047,Own,1,6619.439894438109,1,95738.13499512454,1,1,6514.5062618270385,1,0.0
7029,58,42515.47896743889,Mortgage,1,1945.2504510769177,1,2053.8237013514113,1,0,0.0,1,4.106857223254499
7030,89,166731.39107876626,Own,1,9525.904653215244,1,93091.70170178301,1,1,4795.284747862316,1,10.019861420793537
7031,33,14011.613538250785,Rent,1,685.1765819647767,1,212.6193974859625,0,0,0.0,0,0.0
7032,91,95091.66595770753,Own,1,32323.64765957765,1,94187.1591436752,1,1,12310.815062489179,1,15.414899656829638
7033,37,7279.494616175432,Rent,1,518.0453015613687,1,1758.736737981712,0,0,0.0,1,0.0
7034,51,37026.20340733093,Mortgage,1,952.0982844811041,1,9601.300115388232,1,0,0.0,1,2412.967983681837
7035,72,48541.0397985496,Own,1,2071.975235960099,1,36911.14517704127,0,0,0.0,1,2445.7381280486948
7036,71,88965.54583478512,Own,1,1702.5842612202657,1,36280.545793503705,0,1,4940.522202473245,1,3954.7085344835878
7037,41,10440.367640189266,Rent,1,1036.9802455409513,1,263.479632020302,0,0,0.0,0,0.0
7038,47,42144.462074326104,Own,1,412.35247706801647,1,949.7068050540481,0,0,0.0,0,0.0
7039,39,35314.90161751265,Own,1,1710.2408698693202,1,37246.9553736123,0,0,0.0,1,0.0
7040,63,42480.56426606116,Mortgage,1,1970.925468738813,1,9177.941030125234,0,0,0.0,1,0.0
7041,30,25097.958762509978,Rent,1,844.8832523996907,1,1177.6648858823928,0,0,0.0,0,0.0
7042,29,4542.221323301646,Rent,1,321.7021158834799,1,843.0752004592111,0,0,0.0,0,0.0
7043,56,44453.27510399482,Mortgage,1,2372.21487877392,1,9685.224940576561,1,0,0.0,1,7.041251072209547
7044,73,32526.695475660723,Own,1,4793.067620660794,1,8949.058294257542,1,1,7187.251376814786,1,0.0
7045,62,19395.12080758425,Mortgage,1,1653.0012289587175,1,8529.996395783959,1,0,0.0,1,0.0
7046,28,21686.380735107134,Rent,1,654.1974305372798,1,2100.4450231799324,0,0,0.0,0,0.0
7047,28,21539.801799623085,Rent,1,790.0588208282932,1,2416.334313110917,0,0,0.0,0,0.0
7048,58,60817.182313619436,Rent,1,2592.459053320713,1,4102.149892313151,0,0,0.0,1,2.858003749412917
7049,30,525.5206015037594,Rent,1,123.4269176014634,1,649.5477664536063,0,0,0.0,0,0.0
7050,48,51354.29704108075,Mortgage,1,2144.778371399993,1,9528.03143845416,1,0,0.0,1,2372.325328642726
7051,30,3424.0410071773986,Rent,0,0.0,0,0.0,0,0,0.0,0,0.0
7052,30,525.5206015037594,Rent,0,0.0,0,0.0,0,0,0.0,0,0.0
7053,43,25282.816525125505,Mortgage,1,901.143348907893,1,4358.559726320873,0,0,0.0,1,0.0
7054,31,9883.625929433863,Rent,1,256.12994439966917,0,0.0,0,0,0.0,0,0.0
7055,63,41501.81934079298,Own,1,2616.800807196809,1,37003.86273843447,0,0,0.0,1,0.0
7056,63,23490.766656247175,Mortgage,1,2294.550553289001,1,9576.98183333781,1,0,0.0,1,0.0
7057,89,98849.87387529395,Own,1,8532.605852651586,1,95058.60737046719,1,1,4127.52642516109,1,9454.505887415271
7058,64,55809.81856859986,Mortgage,1,1810.487878492298,1,8477.132931229877,1,0,0.0,1,4436.490958782135
7059,67,23049.819785905634,Own,1,1177.0173176220228,0,0.0,0,0,0.0,1,0.0
7060,40,1742.7559889179884,Rent,1,0.0,0,0.0,0,0,0.0,0,0.0
7061,52,32331.896108104804,Mortgage,1,1536.1446648262122,1,3972.064396671857,0,0,0.0,1,5.445054584531673
7062,90,74533.62528871477,Own,1,9743.849116111223,1,92837.64253401048,1,1,20965.819424770078,1,6257.662708509482
7063,73,75984.11197511389,Own,1,3012.2929360853595,1,8359.762778925488,0,0,0.0,1,0.0
7064,36,9279.46172720613,Rent,1,822.7531532003029,1,429.5775469463342,0,0,0.0,0,0.0
7065,67,28547.435128818324,Mortgage,1,1362.4271152726442,1,9708.503041750777,0,0,0.0,1,5310.063111516061
7066,58,62352.037693337494,Own,1,2332.5558754668523,1,37352.28517202835,0,0,0.0,1,4.895380753247549
7067,32,12452.475945048252,Rent,1,0.0,1,720.3623860811097,0,0,0.0,0,0.0
7068,68,33876.41794411191,Mortgage,1,954.9407975874927,1,8096.647783989426,0,0,0.0,1,0.0
7069,60,40378.23498749292,Mortgage,1,2160.341369829168,1,8891.42734719196,1,0,0.0,1,0.0
7070,48,32087.331678090064,Mortgage,1,1152.2558556136378,1,7806.355637543142,1,0,0.0,1,2.833358955122292
7071,57,19315.292680889972,Rent,1,349.05709985546946,1,0.0,0,0,0.0,1,0.0
7072,91,145390.7207554992,Own,1,8305.79062774146,1,92740.41792817852,1,1,8587.706152804283,1,0.0
7073,34,525.5206015037594,Rent,0,0.0,0,0.0,0,0,0.0,0,0.0
7074,57,22042.976960423195,Mortgage,1,1234.0842152584923,0,0.0,0,0,0.0,1,7.756194411903253
7075,89,198752.74591406266,Own,1,3873.599544734038,1,92193.07232312976,1,1,13449.790296088706,1,0.5090238899690607
7076,49,39295.80894818332,Mortgage,1,391.5525115852809,1,4117.945538879024,0,0,0.0,1,0.0
7077,30,34324.23518780952,Rent,1,1142.6457648051473,1,2596.008275312026,0,0,0.0,0,0.0
7078,81,47979.28648475165,Own,1,8767.603255599304,1,80884.05176012681,0,1,9153.695189352875,1,0.0
7079,38,23674.516301391646,Rent,1,1360.686760879711,1,3637.765240782892,0,0,0.0,1,0.0
7080,33,80985.3029371843,Rent,1,1242.1746002856037,1,39638.6575202635,0,0,0.0,1,0.0
7081,41,30700.047268298622,Mortgage,1,849.5689821288641,1,3595.035878546906,0,0,0.0,1,0.0
7082,29,1102.8424256116905,Rent,1,0.0,1,0.0,0,0,0.0,0,0.0
7083,89,196651.1789849487,Own,1,9737.307339183855,1,92782.63406644922,1,1,4598.754806827546,1,0.4208777804371011
7084,65,97824.98016525456,Mortgage,1,2361.6404731218513,1,8473.359533327559,0,0,0.0,1,0.0
7085,31,18417.84758235751,Rent,1,594.2303179060622,1,638.1324113266819,0,0,0.0,0,0.0
7086,28,525.5206015037594,Rent,0,0.0,0,0.0,0,0,0.0,0,0.0
7087,30,8674.80565186544,Rent,1,506.82738216250596,1,0.0,0,0,0.0,0,0.0
7088,65,39216.8484195692,Mortgage,1,1921.205117020512,1,7466.490049806169,1,0,0.0,1,3714.8569629117674
7089,80,154556.35235938506,Own,1,4085.377414524619,1,42501.593491041924,0,0,0.0,1,5043.291461111937
7090,34,525.5206015037594,Rent,0,0.0,0,0.0,0,0,0.0,0,0.0
7091,63,25998.063850072795,Mortgage,1,1134.1166518489044,1,1822.6243113121657,0,0,0.0,1,0.0
7092,42,3640.713726691707,Rent,1,644.0653221343146,1,644.2722504226799,0,0,0.0,0,0.0
7093,88,63562.68861845501,Own,1,9059.475356473431,1,94959.85494317953,1,1,7395.402040328866,1,5857.8983705617475
7094,31,14224.08530133166,Rent,1,629.6152541983474,1,711.2082685793096,0,0,0.0,0,0.0
7095,32,11067.641748591814,Rent,1,0.0,1,0.0,0,0,0.0,0,0.0
7096,38,721.9537732339268,Rent,0,0.0,0,0.0,0,0,0.0,0,0.0
7097,61,25013.207504856713,Mortgage,1,2057.7535022505194,1,7523.042938504055,1,0,0.0,1,5784.723728208943
7098,65,91019.54696438712,Own,1,4327.689394164062,1,95268.67550208235,1,1,19526.37228692364,1,4072.1001882596415
7099,32,15909.290496036176,Rent,1,933.6998406308953,1,0.0,0,0,0.0,0,0.0
7100,30,6659.179321837286,Rent,1,409.2034889059621,1,2135.290603537618,0,0,0.0,0,0.0
7101,71,23019.549794802086,Rent,1,681.7965425072305,1,2113.175182296713,0,0,0.0,1,0.0
7102,48,44334.1044562331,Mortgage,1,2603.5057462838195,1,4350.443293128842,0,0,0.0,1,0.0
7103,46,11776.436130875543,Mortgage,1,543.140454035467,0,0.0,0,0,0.0,0,0.0
7104,75,46971.01764122639,Own,1,2013.2257196221744,1,35529.088761908715,0,0,0.0,1,0.5694523343309058
7105,70,56270.6416778741,Mortgage,1,1950.3899638426972,1,8664.023848672854,1,0,0.0,1,3741.051211976014
7106,27,525.5206015037594,Rent,0,0.0,0,0.0,0,0,0.0,0,0.0
7107,44,18593.652005111526,Rent,1,565.7604600869502,0,0.0,0,0,0.0,0,0.0
7108,51,41645.972101600266,Mortgage,1,1918.10102914604,1,7492.063591766461,1,0,0.0,1,20.64366513086555
7109,51,34784.03947193964,Mortgage,1,1036.597239228699,1,1413.989831027071,1,0,0.0,1,0.0
7110,64,38577.949065720735,Mortgage,1,1858.1715102799499,1,2909.4969082686325,1,0,0.0,1,5793.975330608918
7111,59,31089.813383649514,Mortgage,1,1720.113515518103,1,8403.948907683833,1,0,0.0,1,2600.964848542993
7112,86,79870.54811909005,Own,1,4276.5498531196,1,91020.24084798704,1,1,19860.407961429824,1,0.0
7113,53,48023.06123088779,Mortgage,1,2299.386832774978,1,3170.933206715431,0,0,0.0,1,5.441333434861521
7114,29,525.5206015037594,Rent,0,0.0,0,0.0,0,0,0.0,0,0.0
7115,38,32970.798727909154,Rent,1,2355.135186450645,1,37995.078712117196,0,0,0.0,0,0.0
7116,61,25772.957024280237,Mortgage,1,1579.615545318033,1,9566.369244593898,0,0,0.0,1,0.0
7117,72,41858.89609545659,Own,1,6209.359716458041,1,44341.616771310284,1,1,11194.467631213836,1,7.507098159868103
7118,44,22797.78122337965,Mortgage,1,1418.3971301834508,1,2835.8361292567097,0,0,0.0,1,0.0
7119,35,35404.6065051057,Mortgage,1,1094.211298988152,1,3649.8172041516154,0,0,0.0,1,1.997247713085552
7120,90,67098.67158694952,Own,1,3419.0588898464475,1,96758.46639356414,1,1,17814.540845910964,1,4422.782679054474
7121,30,2284.455209419688,Rent,0,0.0,0,0.0,0,0,0.0,0,0.0
7122,49,22887.48500078047,Mortgage,1,946.8507958673839,1,2291.166701208688,0,0,0.0,1,2355.804258272041
7123,27,525.5206015037594,Rent,1,381.1144660353701,1,106.06725396031288,0,0,0.0,0,0.0
7124,41,26292.685730366982,Rent,1,1759.2729671183613,1,36032.921977017526,0,0,0.0,0,0.0
7125,66,209054.3493611081,Own,1,3920.377386525738,1,90350.75746996625,1,1,4641.719506011264,1,15052.267204937853
7126,34,2623.678085990681,Rent,1,0.0,1,0.0,0,0,0.0,0,0.0
7127,35,7209.217737028528,Rent,1,1155.235229241338,1,1463.8994757337257,0,0,0.0,0,0.0
7128,32,1929.6526730206297,Rent,1,78.13767208309912,0,0.0,0,0,0.0,0,0.0
7129,27,525.5206015037594,Rent,0,0.0,0,0.0,0,0,0.0,0,0.0
7130,71,43388.379977929944,Own,1,4332.468774350172,1,36663.882158180604,0,0,0.0,1,0.0
7131,90,129219.12665404424,Own,1,6994.486973017738,1,95316.11804779511,1,1,8408.685780265427,1,5.942551219095513
7132,61,41817.72463909412,Mortgage,1,1745.6683686925278,1,3377.604182133953,1,0,0.0,1,3.169970810105559
7133,27,22298.52374537606,Rent,1,780.3096982683796,1,0.0,0,0,0.0,0,0.0
7134,91,78698.92156941988,Own,1,3338.3484978677143,1,93215.05731660026,1,1,7903.4153367008885,1,18063.407691783726
7135,33,12799.404446572975,Rent,1,66.58891949973406,1,1183.0980364880725,0,0,0.0,0,0.0
7136,30,525.5206015037594,Rent,0,0.0,0,0.0,0,0,0.0,0,0.0
7137,65,40763.93213005685,Own,1,1997.8409794646966,1,2520.8023739703794,0,0,0.0,1,0.7950463447237155
7138,28,17277.21662682525,Rent,1,197.9266499045492,1,2605.4454728728056,0,0,0.0,0,0.0
7139,35,525.5206015037594,Rent,0,0.0,0,0.0,0,0,0.0,0,0.0
7140,55,45748.261721020186,Mortgage,1,1850.977244542861,1,2216.3266403769885,1,0,0.0,1,0.0
7141,78,800689.8526394439,Own,1,3099.9360532513992,1,84342.81440243,1,1,7985.81795365927,1,1.210585634022281
7142,44,6093.871353361448,Rent,1,429.44569239456666,1,738.7435523669615,0,0,0.0,0,0.0
7143,44,23533.706627720825,Mortgage,1,2510.6851611334378,1,2804.8207909233265,0,0,0.0,1,0.0
7144,68,42974.609495076256,Mortgage,1,2148.3526144105335,1,8840.349174543184,1,0,0.0,1,0.0
7145,85,94989.19435351288,Own,1,3543.463425745787,1,93879.13043146757,1,1,7386.9841323363025,1,3643.389638186528
7146,47,58903.58683839937,Mortgage,1,818.489415294144,1,3279.70556976799,0,0,0.0,1,2090.64902666674
7147,49,13285.763876800123,Mortgage,1,1598.6673788460844,1,3623.475491840714,0,0,0.0,1,0.0
7148,30,26648.13767197831,Rent,1,1442.917860341222,1,1049.4065400830282,0,0,0.0,0,0.0
7149,29,17966.22298861821,Rent,1,733.8502553933804,1,1065.0455586365065,0,0,0.0,0,0.0
7150,53,15149.443477522873,Mortgage,1,1699.0596704426753,1,9536.433555906775,1,0,0.0,1,0.0
7151,31,39773.358729065854,Rent,1,0.0,1,0.0,0,0,0.0,0,0.0
7152,55,24401.55876965932,Mortgage,1,725.371410167985,1,3398.4278566090134,1,0,0.0,1,0.43530975104754344
7153,47,18659.97473546727,Mortgage,1,972.2449393860737,1,4258.574341200443,0,0,0.0,1,0.0
7154,54,31245.711950671302,Mortgage,1,1490.994135785566,1,3239.1199089922893,1,0,0.0,1,5284.345047734794
7155,51,47352.491902832335,Mortgage,1,1668.301159340882,1,3284.89031256363,0,0,0.0,1,0.0
7156,57,29887.935698798403,Mortgage,1,1520.17027495483,1,9536.309009846718,0,0,0.0,1,0.0
7157,87,75411.87192992686,Own,1,5391.3433382018975,1,94262.96445328242,1,1,5337.699333260254,1,16356.3724817679
7158,49,2699.3731187903322,Rent,1,483.7356396104234,0,0.0,0,0,0.0,0,0.0
7159,77,122977.18251002795,Own,1,5998.6218315186925,1,46435.29106411585,0,1,18085.52883732942,1,3.0093961680496264
7160,38,31203.5700971668,Mortgage,1,1369.0849295000423,1,5728.5213492179355,0,0,0.0,1,2410.3251172590867
7161,82,206895.38806270197,Own,1,5991.979442119828,1,94600.55065128708,1,1,4855.654944306671,1,0.0
7162,30,7023.297830465426,Rent,0,0.0,0,0.0,0,0,0.0,0,0.0
7163,73,71053.67009086811,Own,1,5330.568242192192,1,38707.796510688466,0,0,0.0,1,5528.751185146754
7164,88,100190.51091797603,Own,1,42699.57899891327,1,93743.91301590846,1,1,13007.373666610096,1,6.382279670861275
7165,88,192345.87241838395,Own,1,7228.240911062825,1,91099.64812822838,1,1,8168.972947369273,1,15.79508070261318
7166,63,53553.047581711544,Mortgage,1,5915.147492919544,1,9001.477154665758,0,0,0.0,1,0.0
7167,66,31215.598204443027,Mortgage,1,8045.419386472895,1,7681.257022884078,0,0,0.0,1,3328.2770284297626
7168,31,2438.146102968849,Rent,1,512.0413663436286,0,0.0,0,0,0.0,0,0.0
7169,73,81342.31055961251,Own,1,4452.33461878777,1,43474.74697591877,1,0,0.0,1,0.0
7170,72,71304.47881846993,Mortgage,1,1469.4634809312058,1,42111.943880401726,0,1,6460.258064534485,1,4.619718306083076
7171,53,25434.964882824686,Rent,1,1069.662250295475,1,2914.7150357495902,0,0,0.0,0,0.0
7172,71,40633.47207861635,Own,1,1120.360699901684,1,816.985390773893,0,0,0.0,1,0.0
7173,62,30050.075711636724,Mortgage,1,2165.8570742578604,1,9524.97380106907,0,0,0.0,1,3289.023260793695
7174,89,70655.47390418335,Own,1,3597.61382229025,1,95044.01371185778,1,1,6969.142799107396,1,10175.985420104962
7175,60,36394.43588052187,Mortgage,1,1545.7277696656904,1,8683.68907095312,0,0,0.0,1,2069.4129670498733
7176,72,73517.89869936259,Own,1,2391.0114155420442,1,44651.33999525641,0,0,0.0,1,3480.6361031070683
7177,73,37979.8198639055,Mortgage,1,1872.7482399402197,1,36336.862666963425,0,0,0.0,1,0.0
7178,46,24251.00959221534,Rent,1,870.98443918375,1,1411.1270712688224,0,0,0.0,0,0.0
7179,91,68461.79720917228,Own,1,13619.610137560378,1,96321.56573489378,1,1,41698.55577441334,1,0.0
7180,32,525.5206015037594,Rent,0,0.0,0,0.0,0,0,0.0,0,0.0
7181,85,142234.09554880322,Own,1,5316.249700845734,1,43284.44804092466,1,1,23174.10324923209,1,6407.3010440138405
7182,69,10318.22598084556,Own,1,1578.1925190770871,1,38930.1991457009,0,0,0.0,1,0.0
7183,53,22523.497483466348,Mortgage,1,1932.1216470349314,1,3919.7440649912014,0,0,0.0,1,0.0
7184,54,16060.828062683882,Mortgage,1,1951.6031819555924,1,8703.679266779178,1,0,0.0,1,0.0
7185,31,20571.224661768072,Rent,1,367.29793250108736,1,264.83672407693075,0,0,0.0,0,0.0
7186,36,27166.748604663764,Rent,1,468.3254657358823,1,48.112359936106714,0,0,0.0,1,0.0
7187,32,16617.69651923574,Rent,1,0.0,0,0.0,0,0,0.0,0,0.0
7188,59,47640.27824860313,Mortgage,1,334.0179759079624,1,10281.510824804074,0,0,0.0,1,2.769711676245722
7189,63,47103.91428507952,Mortgage,1,2249.2908541034712,1,7778.764639073967,0,0,0.0,1,3373.923296799871
7190,86,86209.16792382779,Own,1,4351.59833958954,1,73182.55252039786,1,1,6278.701319521991,1,4953.194138911991
7191,64,31481.767077075947,Own,1,1476.1088581020877,1,8421.837357135744,0,0,0.0,1,0.0
7192,71,38952.73138372039,Mortgage,1,1815.4121524170482,1,8744.368498186335,0,0,0.0,1,2.192195680476457
7193,49,10933.981763289614,Rent,1,1120.0431057013466,0,0.0,0,0,0.0,0,0.0
7194,33,7142.075605300433,Rent,1,204.34324743478498,1,1864.7693955706666,0,0,0.0,0,0.0
7195,40,11765.997038693147,Rent,1,340.29562054552036,1,1013.1551812364648,0,0,0.0,0,0.0
7196,36,9257.70026184393,Rent,0,0.0,0,0.0,0,0,0.0,0,0.0
7197,47,34802.29606326999,Mortgage,1,1891.2468497252862,1,3915.2990274958784,1,0,0.0,1,0.0
7198,87,71440.99437581265,Own,1,3473.4502952634916,1,94091.62671842691,1,1,7939.529064246386,1,0.0
7199,55,29206.637297419576,Rent,1,752.2404579658466,1,919.4930210592083,0,0,0.0,1,0.0
7200,65,33354.14545387839,Mortgage,1,2755.8236817543293,1,8412.11419795829,1,0,0.0,1,0.0
7201,27,5841.302930354803,Rent,1,342.9762706720238,0,0.0,0,0,0.0,0,0.0
7202,64,16000.574770607653,Rent,1,1213.8167154142257,0,0.0,0,0,0.0,0,0.0
7203,64,41646.092941967974,Mortgage,1,2661.025240436813,1,1775.2059412668677,1,0,0.0,1,0.0
7204,38,35954.30995017341,Rent,1,1418.650212398018,1,2217.970445261385,0,0,0.0,0,0.0
7205,46,38003.050199863785,Mortgage,1,1250.8673132614008,1,3259.369330092343,0,0,0.0,1,3512.5746465913207
7206,27,525.5206015037594,Rent,0,0.0,0,0.0,0,0,0.0,0,0.0
7207,91,116789.56273675252,Own,1,7254.5512711387055,1,95768.82485155956,1,1,15620.775887974542,1,9592.124716942842
7208,74,504768.54088062886,Own,1,3442.199217277341,1,96758.46639356414,1,1,3885.4624861444067,1,12915.883098826294
7209,78,105067.16573666089,Own,1,3277.067310387166,1,73497.34755226673,1,1,4893.447158728599,1,0.0
7210,91,94424.41549301487,Own,1,3055.486986865756,1,94814.48448570105,1,1,12574.358512309433,1,12.636517999033318
7211,77,25595.07428759214,Own,1,3520.8837530056435,1,39135.14154498602,0,1,2.100460226743241,1,2.530059975414964
7212,74,71683.97086318048,Own,1,2085.7963741031554,1,92825.72298633534,1,0,0.0,1,11.915952634478076
7213,59,17474.765401735094,Rent,1,1479.6416398092633,1,2466.8895560125106,0,0,0.0,1,0.0
7214,31,44512.042182413126,Rent,1,991.1320660638742,1,1958.489903442187,0,0,0.0,1,0.0
7215,61,63069.20368633192,Mortgage,1,1458.2416209679657,1,3260.51121508659,1,0,0.0,1,0.0
7216,48,26420.836123831716,Mortgage,1,704.8931315659909,1,4095.2812922076155,0,0,0.0,1,2278.5038646004778
7217,77,66887.98173472818,Own,1,11099.175543441348,1,45487.94261032257,1,1,6938.056666167008,1,2.7067968125403397
7218,87,123675.2378213481,Own,1,5766.281396884074,1,44659.11450300008,0,1,14348.504640394936,1,5856.176301644992
7219,33,709.5506729428962,Rent,1,193.71479918654927,0,0.0,0,0,0.0,0,0.0
7220,74,35664.940339307395,Own,1,1776.899150934732,1,34879.15417118152,0,0,0.0,1,0.0
7221,63,60630.937318669385,Own,1,1657.356185778341,1,92588.89783813129,1,0,0.0,1,3987.5308040207974
7222,45,24144.996127914885,Mortgage,1,1447.1879213106197,1,3429.49998569497,0,0,0.0,1,0.0
7223,75,45527.279797509094,Mortgage,1,1546.1356201350927,1,8555.194813862347,1,0,0.0,1,0.0
7224,37,13491.853291989224,Mortgage,1,408.5201905681271,1,2675.219741094468,0,0,0.0,1,0.0
7225,66,76334.15151675098,Mortgage,1,2031.1040806276208,1,8552.872598834425,1,0,0.0,1,19.44834755147125
7226,87,776530.1898931784,Own,1,11823.37938272044,1,94906.4373212211,1,1,6279.727235630111,1,0.0
7227,88,256235.63395597917,Own,1,8562.4431324773,1,90572.96053216248,1,1,11153.402256092639,1,9.388294261735606
7228,76,129508.28374331442,Own,1,3886.6430059193362,1,36781.62497293963,0,1,0.0,1,0.0
7229,73,51408.7421586447,Rent,1,1360.5333639082621,1,2887.048420472587,0,0,0.0,1,4.243251901837611
7230,31,6839.230433029043,Rent,1,170.4899254601761,0,0.0,0,0,0.0,0,0.0
7231,55,27710.6057845769,Rent,1,1596.8543066092755,1,2059.4900906582207,0,0,0.0,1,0.0
7232,43,8787.131003845607,Rent,0,0.0,0,0.0,0,0,0.0,0,0.0
7233,43,525.5206015037594,Rent,0,0.0,0,0.0,0,0,0.0,0,0.0
7234,36,29273.014160195857,Rent,1,1295.157853333561,0,0.0,0,0,0.0,0,0.0
7235,63,27932.75487907203,Rent,1,1122.52191655584,1,34400.921104547684,0,0,0.0,0,0.0
7236,68,44730.722973859905,Own,1,3629.2589502697824,1,96268.02472592944,1,1,10511.118709781678,1,0.0
7237,88,149035.60761051302,Own,1,30644.169580068905,1,92562.02777727082,1,1,13667.029237895387,1,9931.27583447566
7238,46,32184.327361565116,Mortgage,1,1874.6115444793584,1,3353.7300855028707,0,0,0.0,1,0.0
7239,30,525.5206015037594,Rent,0,0.0,0,0.0,0,0,0.0,0,0.0
7240,69,65343.20580374234,Own,1,2288.7304756057692,1,35744.4994196104,0,0,0.0,1,0.0
7241,31,16266.88211833825,Rent,1,1568.943481830238,1,1127.1853675581108,0,0,0.0,0,0.0
7242,32,7586.072100721873,Rent,1,0.0,0,0.0,0,0,0.0,0,0.0
7243,56,27092.674387636947,Mortgage,1,1435.8900641034427,1,3812.162974194641,1,0,0.0,1,0.0
7244,45,2590.0715959709196,Mortgage,1,1441.2196779760106,0,0.0,0,0,0.0,0,0.0
7245,88,113810.03579479929,Own,1,2973.9681838756296,1,41505.99827029041,1,1,9223.746980725358,1,5673.970175430634
7246,29,17458.547072689784,Rent,1,1062.148066762059,1,666.4606503672651,0,0,0.0,0,0.0
7247,29,27748.390608735153,Rent,1,1155.8161467021687,1,985.2772215879429,0,0,0.0,0,0.0
7248,61,12504.92024613603,Mortgage,1,1357.808190969684,0,0.0,1,0,0.0,1,0.0
7249,60,36694.68030799258,Mortgage,1,1974.3131886608198,1,9955.836533565136,1,0,0.0,1,0.0
7250,50,3745.529738384239,Rent,1,1058.9463765095866,0,0.0,0,0,0.0,0,0.0
7251,88,95658.87265707093,Own,1,9910.637870469074,1,95575.89088071545,1,1,10107.653898063369,1,1.926694680295692
7252,63,53897.67488253468,Own,1,1518.2887255422527,1,36409.70495905992,0,0,0.0,0,0.0
7253,62,50126.32375634988,Own,1,2051.9737458959166,1,8868.6278790554,1,0,0.0,1,3880.7270695814627
7254,31,11260.956592841309,Rent,1,0.0,0,0.0,0,0,0.0,0,0.0
7255,45,4215.772048847031,Rent,1,1032.3250109315818,0,0.0,0,0,0.0,0,0.0
7256,32,3729.193976085018,Rent,1,1199.135107451846,0,0.0,0,0,0.0,0,0.0
7257,46,21327.967387998004,Rent,1,0.0,0,0.0,0,0,0.0,0,0.0
7258,54,35600.87759403184,Mortgage,1,2311.2871134877046,1,9128.681830556126,1,0,0.0,1,3681.477973408901
7259,57,12911.622655000201,Rent,1,1196.3203238803987,1,2665.3317123286465,0,0,0.0,1,4.777045890859228
7260,44,9031.84978238021,Mortgage,1,1049.4189238358108,0,0.0,0,0,0.0,1,9.632828813811866
7261,61,17808.53250296841,Mortgage,1,1508.9977836685302,1,9886.591832355229,0,0,0.0,1,33.70630122336993
7262,65,27804.263601461906,Own,1,3484.4303752585856,1,43830.596266223074,0,0,0.0,1,0.0
7263,51,16449.2593046036,Mortgage,1,1379.975041934446,1,2902.621778376162,0,0,0.0,1,0.0
7264,85,84705.44736672113,Own,1,3162.7579756382397,1,44833.23708441686,1,1,6518.465726589482,1,0.0
7265,30,28451.53441672999,Rent,1,613.2417451134561,1,1764.4818698512233,0,0,0.0,0,0.0
7266,30,14469.517499133399,Rent,1,424.16814214110235,1,915.5710103005379,0,0,0.0,0,0.0
7267,73,44476.97287988901,Own,1,1814.7108621255745,1,36580.779609575904,0,0,0.0,1,1.4455551092943804
7268,39,15597.22038000141,Rent,1,1530.6440883917594,1,897.6823370997529,0,0,0.0,0,0.0
7269,61,54450.335628464156,Mortgage,1,1285.3667573214013,1,3492.971446053736,0,0,0.0,1,0.0
7270,29,11087.864295713953,Rent,1,276.42469111311027,1,0.0,0,0,0.0,0,0.0
7271,72,70220.36940086239,Mortgage,1,1867.378130340438,1,8180.835041002781,1,0,0.0,1,2462.113195610091
7272,44,24978.427167596954,Mortgage,0,0.0,0,0.0,0,0,0.0,0,0.0
7273,56,42338.61112654174,Mortgage,1,2323.342726313547,1,1311.677542536841,0,0,0.0,1,1.338121743600504
7274,60,56877.88738729499,Mortgage,1,1610.0169826783742,1,1719.2630263460676,0,0,0.0,1,0.0
7275,44,15040.854107224197,Rent,1,923.4882732245959,1,2063.11204736071,0,0,0.0,0,0.0
7276,39,18952.897317069295,Rent,1,716.5745424937267,1,0.0,0,0,0.0,0,0.0
7277,32,5621.323569157885,Mortgage,1,375.77849173494195,1,2129.6394048949146,0,0,0.0,0,0.0
7278,75,102250.88665622112,Own,1,4472.96614638905,1,42992.712234879116,0,0,0.0,1,0.0
7279,43,29223.47697420188,Rent,1,964.1670760965619,1,2419.375469407309,0,0,0.0,0,0.0
7280,39,1275.9794384765883,Rent,0,0.0,0,0.0,0,0,0.0,0,0.0
7281,29,13279.080616209276,Rent,1,518.2152543656628,1,459.7094781289147,0,0,0.0,0,0.0
7282,40,11077.365388973547,Rent,1,1693.5215570661608,1,2782.143484678047,0,0,0.0,0,0.0
7283,58,32207.6684338401,Mortgage,1,1485.329607086967,1,8176.57986480063,1,0,0.0,1,0.0
7284,30,4228.387694072351,Rent,0,0.0,0,0.0,0,0,0.0,0,0.0
7285,30,12753.85537028647,Rent,0,0.0,0,0.0,0,0,0.0,0,0.0
7286,61,31297.625952425165,Mortgage,1,2473.116322615653,1,8027.639657072277,1,0,0.0,1,0.0
7287,64,31575.798641787427,Mortgage,1,1382.166773994583,1,3199.615341814154,1,0,0.0,1,0.0
7288,72,96824.58627257582,Own,1,6912.045188916363,1,83294.72389091823,1,1,10021.314086735976,1,0.0
7289,78,13952.571890675179,Own,1,2079.4087578864915,1,8453.087069977824,0,0,0.0,1,3609.569835717137
7290,60,66824.60056817322,Mortgage,1,1948.7260651621423,1,8277.0257248556,1,0,0.0,1,0.0
7291,90,110868.35681746925,Own,1,3885.903688516516,1,92100.46360099586,1,1,10319.221149206323,1,9.17270988363022
7292,29,20456.930515992564,Rent,0,0.0,0,0.0,0,0,0.0,0,0.0
7293,78,41153.91665620748,Own,1,2539.776471972994,1,35656.744988827915,0,0,0.0,1,0.0
7294,46,29241.008625387105,Mortgage,1,2422.687133550913,1,4488.715486148347,0,0,0.0,1,0.0
7295,28,3055.284837769963,Rent,0,0.0,0,0.0,0,0,0.0,0,0.0
7296,51,17710.90981564025,Mortgage,1,1035.3714456393077,0,0.0,0,0,0.0,0,0.0
7297,67,79887.3451573753,Mortgage,1,1958.9821645351199,1,8513.19947875002,1,0,0.0,1,5295.067490124563
7298,41,12604.89315790659,Rent,1,968.2366419485429,0,0.0,0,0,0.0,0,0.0
7299,31,44780.52796601486,Rent,1,1631.8311803474592,1,34671.56441585665,0,0,0.0,1,4.040129595404374
7300,90,96294.62374102553,Own,1,1617.6651365148027,1,9549.14395549578,1,0,0.0,1,0.0
7301,49,21802.322985477535,Rent,1,1726.8791600236434,1,1894.3973611101178,0,0,0.0,1,0.22922475828818956
7302,91,72482.86200694353,Own,1,7027.971253335745,1,94819.71083265929,1,1,5139.990339029617,1,6863.01092795355
7303,45,14541.650662112139,Mortgage,1,1409.1659534519315,1,3905.341194388028,0,0,0.0,1,0.0
7304,32,25976.416267503115,Rent,1,718.4412454651834,0,0.0,0,0,0.0,0,0.0
7305,33,14282.869074482693,Rent,1,744.1864504233816,1,2798.1665701607026,0,0,0.0,0,0.0
7306,49,17498.08511255346,Mortgage,1,1307.61202118526,1,1256.5272379858593,0,0,0.0,1,0.0
7307,65,39167.967266098094,Own,1,2289.387565487915,1,42136.45440962771,0,0,0.0,1,0.0
7308,63,746839.1662460295,Mortgage,1,3318.967538407318,1,9139.013179123305,1,0,0.0,1,0.0
7309,64,47459.1171975547,Own,1,2297.384530482947,1,7988.431103275091,0,0,0.0,1,0.0
7310,32,10273.220213259461,Rent,1,146.08333155677042,1,0.0,0,0,0.0,0,0.0
7311,89,89731.83094504796,Own,1,6487.874551599699,1,92412.34784715899,1,1,7712.782883478295,1,3839.192774276701
7312,51,45779.15154084203,Mortgage,1,971.3274055387558,0,0.0,0,0,0.0,1,3.0509165488102012
7313,30,5884.523884669832,Rent,1,361.3361382499485,1,313.48106161937426,0,0,0.0,0,0.0
7314,52,27515.38817054559,Mortgage,1,767.1793493583259,1,4946.594998389538,0,0,0.0,1,0.0
7315,84,69232.47938593102,Own,1,11300.816242371617,1,96758.46639356414,1,1,8062.866461952726,1,0.0
7316,42,15558.81420724425,Rent,1,1643.5395230916558,1,1068.6491733054474,0,0,0.0,0,0.0
7317,49,29116.38056534325,Mortgage,1,1904.1801221029316,1,2780.403894257124,0,0,0.0,1,0.0
7318,37,27953.529216205563,Rent,1,532.9309626480342,0,0.0,0,0,0.0,0,0.0
7319,32,12143.520977001885,Rent,1,719.1319613223851,1,2478.8083944996965,0,0,0.0,0,0.0
7320,41,22821.49227969972,Mortgage,1,1224.9216315314466,1,2235.3625327641644,0,0,0.0,1,0.0
7321,64,46372.254435725175,Mortgage,1,2496.247296658151,1,8294.23283781551,1,0,0.0,1,0.0
7322,62,38710.499926494645,Mortgage,1,2690.241188514183,1,8756.62051804299,1,0,0.0,1,0.0
7323,48,55721.84960717956,Rent,1,654.8188472593624,1,2641.400423487635,0,0,0.0,0,0.0
7324,69,20592.834194561037,Own,1,781.9850430848071,1,39949.21534315804,0,0,0.0,1,1.8143191392293232
7325,63,32779.739390146,Mortgage,1,2062.56242234283,1,2825.8761348813523,1,0,0.0,1,3611.4273907749985
7326,69,66486.44970068391,Own,1,1668.183211942994,1,39165.96464383505,0,0,0.0,1,0.0
7327,88,80044.19504915651,Own,1,37241.35227027232,1,96758.46639356414,1,1,10460.637304625123,1,8158.841655874882
7328,53,21791.324919674214,Mortgage,1,1510.8758064603317,1,3767.8748322576657,0,0,0.0,1,3178.164221185333
7329,78,30360.808096828543,Own,1,1514.5985851002085,1,33418.86606573366,0,0,0.0,1,5.030237259846059
7330,89,83340.43398500705,Own,1,4441.506568126675,1,83404.87423447278,1,1,17114.951423228973,1,0.0
7331,87,50490.44307118366,Own,1,43425.47677335633,1,95525.25696638478,1,1,11088.949673842992,1,0.0
7332,72,50150.34159592069,Mortgage,1,2723.698518150431,1,7972.828137246587,1,0,0.0,1,0.0
7333,61,28459.159607230125,Rent,1,1639.466836683077,1,8179.022484890166,1,0,0.0,1,8.383278469212737
7334,37,22598.81124263999,Own,1,4927.8609639149845,1,34789.270169104544,0,0,0.0,0,0.0
7335,87,134514.95484560213,Own,1,7700.081991338527,1,93430.3894161137,1,1,10822.544354208198,1,0.0
7336,41,16866.140496178054,Rent,1,1200.1980283400435,0,0.0,0,0,0.0,0,0.0
7337,75,70396.8031643349,Own,1,1847.5656959822732,1,37277.58296827272,0,0,0.0,1,0.0
7338,59,25156.158393898688,Mortgage,1,2180.8942910059736,1,4028.6660613302975,0,0,0.0,1,2335.386167145658
7339,42,10480.05547051466,Mortgage,1,1662.2763605029313,0,0.0,0,0,0.0,0,0.0
7340,30,48629.52800983035,Mortgage,1,1155.1322277750637,1,2631.978480350269,0,0,0.0,0,0.0
7341,39,16222.412085217511,Rent,1,721.7248867228327,1,584.034138222961,0,0,0.0,0,0.0
7342,31,716.7888151859624,Rent,0,0.0,0,0.0,0,0,0.0,0,0.0
7343,50,11370.696562178171,Mortgage,1,867.4449720051047,0,0.0,1,0,0.0,1,0.0
7344,88,83906.04866821152,Own,1,5927.140682852986,1,76758.95962331921,1,1,6522.601693705788,1,0.0
7345,37,3406.9770171525033,Rent,0,0.0,0,0.0,0,0,0.0,0,0.0
7346,50,14815.707029540958,Rent,1,137.20683636883257,0,0.0,0,0,0.0,0,0.0
7347,72,49922.77142290264,Own,1,2132.785731622999,1,44938.6155262097,0,0,0.0,1,0.0
7348,32,3401.587899692966,Rent,1,513.8107110340143,0,0.0,0,0,0.0,0,0.0
7349,30,6681.74973554228,Rent,1,656.529191286719,0,0.0,0,0,0.0,0,0.0
7350,45,18154.431092387123,Mortgage,1,1302.3573094516173,1,3810.323413655424,0,0,0.0,1,0.0
7351,86,62473.47575892398,Own,1,2848.384250081036,1,95815.63425257723,1,1,7107.028032431222,1,4590.959288306996
7352,88,113978.38987860102,Own,1,8877.063468206003,1,77546.76964331744,1,1,17799.99470905275,1,10.990931797665352
7353,39,525.5206015037594,Rent,0,0.0,0,0.0,0,0,0.0,0,0.0
7354,88,82860.22370948258,Own,1,10817.970457907884,1,40713.92805860527,0,1,4196.510914917383,1,7.445195811325895
7355,38,18854.317704667126,Rent,0,0.0,1,823.9078846138536,0,0,0.0,0,0.0
7356,53,14593.443971748176,Mortgage,1,485.76452324436775,1,3571.1722663624523,0,0,0.0,0,0.0
7357,31,10623.446064884964,Rent,1,72.04005743750088,1,2682.9757484414245,0,0,0.0,0,0.0
7358,31,19647.636346851603,Rent,1,277.44482166505486,1,0.0,0,0,0.0,0,0.0
7359,87,84051.29173243901,Own,1,8679.956455673793,1,81046.52198639482,1,1,4874.8267698042,1,0.0
7360,66,33126.53129251702,Mortgage,1,1890.708528713332,1,9059.771759953268,1,0,0.0,1,0.0
7361,51,19002.07930903326,Mortgage,1,991.1477856351687,0,0.0,0,0,0.0,0,0.0
7362,91,106919.13180157072,Own,1,6645.451161260676,1,42631.28557595866,0,0,0.0,1,0.0
7363,64,54933.75882225624,Mortgage,1,1365.296811674988,1,8104.541222457665,1,0,0.0,1,6754.519917241881
7364,85,34261.011384951664,Own,1,2728.832670051359,1,8487.556424915092,1,1,4722.178002403436,1,0.0
7365,63,43403.1069894998,Own,1,1679.3900185799146,1,8737.948863981892,0,0,0.0,1,11.217010288428575
7366,45,11999.19367503867,Rent,1,1067.284713699426,1,3283.637329222649,0,0,0.0,0,0.0
7367,58,44791.37803160128,Mortgage,1,1700.8868177275688,1,8173.325861901562,1,0,0.0,1,3467.8428693291085
7368,27,6740.82212845381,Rent,1,808.6597134578303,1,0.0,0,0,0.0,0,0.0
7369,91,52521.823764182525,Own,1,4947.020819361672,1,92713.98722183325,1,1,20271.226992203836,1,10349.665385534692
7370,59,14628.605162924541,Mortgage,1,1497.62759120809,0,0.0,1,0,0.0,1,0.0
7371,66,33318.2832019254,Rent,1,704.2736504913923,1,1850.5748343676191,0,0,0.0,1,0.0
7372,86,86775.52862112079,Own,1,8804.88935309182,1,91226.2535995237,1,1,7292.744050059302,1,0.0
7373,52,24212.669041254834,Mortgage,1,591.1325135828249,1,2922.523189423201,0,0,0.0,1,0.0
7374,69,66193.17899800446,Rent,1,1718.6771051293297,1,888.0882407148604,0,0,0.0,1,0.11829816834771392
7375,63,108686.88969035776,Own,1,1621.1187110884625,1,45788.788188721766,0,0,0.0,1,0.0
7376,52,20555.998662773287,Rent,1,459.1282703023273,1,1597.3268427535586,0,0,0.0,0,0.0
7377,80,90713.00911450796,Mortgage,1,3731.154044861605,1,96371.19852092935,1,1,12122.515413747065,1,11.118952763083147
7378,81,150337.6627162836,Own,1,4968.845201630579,1,44408.048863013326,0,1,6614.477195054955,1,0.0
7379,66,13430.964443466171,Mortgage,1,771.2984090859372,0,0.0,1,0,0.0,1,0.0
7380,46,28090.961939106975,Mortgage,1,1741.3815153285013,1,2992.9367329827346,0,0,0.0,1,0.0
7381,63,39847.90498860676,Mortgage,1,1399.9609101226151,1,2434.6209584316566,1,0,0.0,1,2662.75835978102
7382,31,9788.691515014121,Rent,1,512.9566764127301,0,0.0,0,0,0.0,0,0.0
7383,29,13278.19936774539,Rent,1,951.065742143765,1,2406.978990801114,0,0,0.0,1,0.0
7384,75,38276.52297458675,Own,1,2372.910896682239,1,79345.65927471202,1,1,6822.239308783757,1,4959.772078312834
7385,41,8089.886057772575,Rent,1,252.8797706347799,1,0.0,0,0,0.0,0,0.0
7386,62,37114.96433161239,Rent,1,2866.000881392709,1,0.0,0,1,3.059737494372912,0,0.0
7387,30,15054.52500166665,Rent,1,287.6136792312558,1,0.0,0,0,0.0,0,0.0
7388,37,5802.09245504576,Rent,1,1029.42609380209,1,1860.179208269273,0,0,0.0,0,0.0
7389,41,20489.22325816542,Rent,1,407.27297876928037,0,0.0,0,0,0.0,0,0.0
7390,78,34145.3865491942,Own,1,1536.3907854790154,1,45837.17980066551,0,1,0.0,1,0.0
7391,78,140257.81137715766,Own,1,5307.81909856291,1,40388.385339233515,0,1,9.859609429218697,1,0.0
7392,74,868934.5214845621,Own,1,34471.057032751276,1,95141.91132122646,1,1,4732.698819685247,1,0.0
7393,36,35079.664000690216,Own,1,2102.6740589520596,1,8413.57739288924,0,0,0.0,1,0.0
7394,57,32404.719065611298,Mortgage,1,1692.1132449435681,1,2523.431027071665,0,0,0.0,1,0.0
7395,35,9070.395909588638,Rent,1,1468.3344415083145,0,0.0,0,0,0.0,0,0.0
7396,71,70294.93895746273,Own,1,9500.129223321703,1,92993.75987873721,1,1,10942.602117210365,1,25.103631971663262
7397,45,18078.26779942664,Rent,1,59.610127194869165,0,0.0,0,0,0.0,0,0.0
7398,45,42795.10521129177,Own,1,2240.7547655008366,1,3033.088078174388,0,0,0.0,0,0.0
7399,41,12836.274895071325,Rent,1,289.3297563213898,1,0.0,0,0,0.0,0,0.0
7400,29,22019.202706147767,Rent,1,737.0163984159622,0,0.0,0,0,0.0,0,0.0
7401,62,60263.18612529613,Mortgage,1,1565.3032680595065,1,7752.378007327685,1,0,0.0,1,0.8292882558533318
7402,31,20553.21488373243,Rent,1,424.5368903747978,1,563.2264663243348,0,0,0.0,0,0.0
7403,30,5979.991403596887,Rent,1,80.3820775048573,1,0.0,0,0,0.0,0,0.0
7404,36,525.5206015037594,Rent,0,0.0,0,0.0,0,0,0.0,0,0.0
7405,60,65080.7340926192,Mortgage,1,3624.3290138970583,1,9278.246949721353,1,1,17.771470005460174,1,10679.001322344433
7406,60,30068.05275755563,Mortgage,1,1597.8189785637358,1,7777.793053362818,1,0,0.0,1,3.1279029953123847
7407,62,35339.75963946521,Mortgage,1,1140.1001962763537,0,0.0,0,0,0.0,1,4950.640887558289
7408,90,121640.2992528158,Own,1,4187.231616671733,1,93292.39804594386,1,1,15246.070733288552,1,14644.550057188915
7409,31,811.1343756074311,Rent,1,213.42938358840922,1,743.6602979917543,0,0,0.0,0,0.0
7410,54,43945.15360511975,Mortgage,1,2434.4387531137954,1,8972.466346917265,0,0,0.0,1,3618.116222632341
7411,50,52492.80109734782,Mortgage,1,830.5070080275398,1,9227.40070459609,0,0,0.0,1,0.0
7412,30,4823.431047289365,Rent,1,133.54293642412802,1,0.0,0,0,0.0,0,0.0
7413,64,45144.55630777753,Mortgage,1,2521.9736976257436,1,9018.015006411573,1,0,0.0,1,0.0
7414,54,16988.36385088017,Mortgage,1,1317.632730151539,1,3145.699075025157,1,0,0.0,1,0.0
7415,44,24571.38572691549,Rent,1,957.824624208123,1,2177.4767878040734,0,0,0.0,0,0.0
7416,40,27097.420117892012,Rent,1,1354.8953866338009,1,2276.7746599352563,0,0,0.0,0,0.0
7417,47,24295.26713862792,Mortgage,1,599.0895023361231,0,0.0,0,0,0.0,0,0.0
7418,90,158830.69698657215,Own,1,26866.525518538736,1,93886.74856597923,1,1,5583.908215698141,1,6388.012158268193
7419,52,27739.466220234695,Mortgage,1,1314.890553031723,1,2914.5675177461453,0,0,0.0,1,0.0
7420,82,35601.145198292084,Rent,1,1929.4724038025026,1,8233.769771823969,0,0,0.0,0,0.0
7421,40,26295.083920415505,Rent,1,0.0,0,0.0,0,0,0.0,0,0.0
7422,72,43236.86983500502,Own,1,1863.5330430545182,1,38776.85127531287,0,1,0.0,1,0.0
7423,73,106188.35292740873,Own,1,4698.099768967647,1,89535.979602153,1,1,7777.080947379755,1,10.56172248983464
7424,31,525.5206015037594,Rent,0,0.0,0,0.0,0,0,0.0,0,0.0
7425,35,17297.510018779394,Rent,1,596.1313305985736,1,2346.419309587028,0,0,0.0,1,0.0
7426,51,9117.690641810848,Rent,1,574.585475917371,0,0.0,0,0,0.0,0,0.0
7427,85,84824.51527950611,Own,1,2586.68748650795,1,94719.49155161298,1,1,6538.039684684558,1,0.0
7428,48,43372.24288990718,Mortgage,1,1419.5960883049304,1,38207.408450136325,0,0,0.0,1,0.0
7429,48,39691.483256276806,Mortgage,1,2511.983592357856,1,8947.1445523738,0,0,0.0,1,0.0
7430,88,103156.64909631156,Own,1,21490.923373207013,1,92042.65860323566,1,1,8322.878839743546,1,10561.309285315067
7431,61,20530.978175085344,Mortgage,1,1101.7031413078578,1,3275.8174035387883,0,0,0.0,1,2334.3347313441586
7432,70,38446.6711112526,Own,1,1458.8510338999804,1,43072.2378882422,0,1,8935.774271752878,1,0.0
7433,29,525.5206015037594,Rent,0,0.0,0,0.0,0,0,0.0,0,0.0
7434,42,17456.842829624642,Rent,1,666.2607846086601,1,1186.9266988842141,0,0,0.0,0,0.0
7435,42,6925.920891472968,Rent,1,485.67515838952767,1,324.92658252256433,0,0,0.0,0,0.0
7436,90,98323.5667209983,Own,1,9495.160332650095,1,47578.40046092211,1,1,17953.73198271257,1,0.0
7437,62,35815.602558435945,Mortgage,1,2108.5488132013375,1,9451.204663926157,0,0,0.0,1,0.0
7438,42,14991.442346155138,Mortgage,1,1004.354553272111,1,3890.9903781426783,0,0,0.0,1,0.0
7439,37,17063.620491605234,Rent,1,396.1477091607498,1,1537.6165396696563,0,0,0.0,0,0.0
7440,74,45967.73232344596,Own,1,6979.754941701373,1,40615.00000444247,0,0,0.0,1,0.0
7441,87,60671.79176562208,Own,1,9913.22490268449,1,95647.32784424478,1,1,6495.0207078572075,1,7020.907370973019
7442,42,11693.454684473498,Rent,1,966.6241737145826,0,0.0,0,0,0.0,0,0.0
7443,59,42745.94685981501,Own,1,2397.609673757167,1,9251.661044278979,0,0,0.0,1,3600.530054758887
7444,29,525.5206015037594,Rent,0,0.0,0,0.0,0,0,0.0,0,0.0
7445,77,101607.72115826828,Own,1,2267.3406651981627,1,38235.019075169024,0,0,0.0,1,1.9162615187978616
7446,68,36202.38685606476,Own,1,4785.6626804207835,1,9694.61236277334,0,1,19633.156014564578,1,6307.005066488017
7447,52,32431.759547352744,Mortgage,1,1176.6930061506098,1,3248.596009368192,1,0,0.0,1,0.0
7448,89,705670.8626160488,Own,1,10106.890792353095,1,90661.39054769579,1,1,8052.093077264413,1,0.0
7449,70,30650.40132450242,Mortgage,1,1191.620039855257,1,8121.073036564527,1,0,0.0,1,4761.447303955033
7450,37,2761.5094108092435,Rent,0,0.0,0,0.0,0,0,0.0,0,0.0
7451,30,525.5206015037594,Rent,0,0.0,0,0.0,0,0,0.0,0,0.0
7452,68,27673.115468740165,Mortgage,1,2147.89763782697,1,8104.530221942716,1,0,0.0,1,0.0
7453,50,37821.665133734605,Mortgage,1,2814.410783358325,1,8029.363829737196,1,0,0.0,1,0.0
7454,66,26860.200269970243,Mortgage,1,1443.762792727105,1,8353.869347873453,1,0,0.0,1,0.0
7455,44,22783.07613369103,Mortgage,1,1603.352414106313,1,3650.9489725745534,0,0,0.0,1,9.878885267542541
7456,74,39751.50704754282,Mortgage,1,2797.115593317645,1,94961.26191795002,1,1,17292.405748268637,1,5285.347963716956
7457,67,22843.911433865327,Mortgage,1,2366.3222226991566,1,8421.648925901227,1,0,0.0,1,3323.7985237263706
7458,28,1433.259205506345,Rent,0,0.0,0,0.0,0,0,0.0,0,0.0
7459,48,34190.11085072738,Mortgage,1,1515.5041261428944,1,3353.521040352104,0,0,0.0,1,0.0
7460,33,16895.276525085883,Rent,1,364.349298924453,1,1481.378611734174,0,0,0.0,0,0.0
7461,61,14019.814656370523,Rent,1,972.6662486330789,0,0.0,1,0,0.0,1,6.4546676214270695
7462,53,32022.600798329484,Mortgage,1,2202.896378721936,1,2729.2218607863424,1,0,0.0,1,15.347769776354735
7463,67,44627.84289546067,Own,1,1641.0696411620345,1,9057.668322408,0,0,0.0,1,2989.505112437065
7464,31,525.5206015037594,Rent,1,835.2514021799307,1,1530.331872576849,0,0,0.0,0,0.0
7465,29,3709.9453028830994,Rent,0,0.0,0,0.0,0,0,0.0,0,0.0
7466,30,3834.201626652726,Rent,1,0.0,0,0.0,0,0,0.0,0,0.0
7467,57,11156.55405654007,Mortgage,1,1361.6574216012978,0,0.0,0,0,0.0,1,0.0
7468,49,42960.136411576386,Mortgage,1,1100.2605815503866,1,3365.9169671453187,0,0,0.0,1,3391.9258529850526
7469,57,25825.10045943495,Mortgage,1,975.6650577296077,1,3413.414269439031,0,0,0.0,1,2.2357036698039523
7470,38,525.5206015037594,Rent,0,0.0,0,0.0,0,0,0.0,0,0.0
7471,37,36200.85664943166,Rent,1,1242.8683904045913,1,2677.6183801517286,0,0,0.0,0,0.0
7472,40,9916.815459719148,Rent,1,985.9418877542678,0,0.0,0,0,0.0,0,0.0
7473,41,14210.446868340721,Rent,0,0.0,0,0.0,0,0,0.0,0,0.0
7474,38,6540.248235902138,Rent,1,434.6642571155372,1,3837.4911899980843,0,0,0.0,0,0.0
7475,63,47551.26287686542,Own,1,1835.8169256965236,1,35271.36855459903,0,0,0.0,1,2531.50752246038
7476,48,15644.218217148064,Rent,1,1578.8271894560896,1,2159.0739053782195,0,0,0.0,0,0.0
7477,86,37975.51470177515,Own,1,4074.7144370080905,1,95444.71476762425,1,1,16929.31433544101,1,7427.8336914427455
7478,87,217384.4958468361,Own,1,10317.074399813453,1,92232.11052019203,1,1,13142.869216747122,1,0.0
7479,30,11135.990043785798,Rent,1,600.7716538795123,1,1338.29957584182,0,0,0.0,0,0.0
7480,42,22317.991291911516,Mortgage,1,2039.015695291948,1,2666.764218825939,0,0,0.0,1,0.0
7481,41,13122.967813784577,Rent,1,1159.8181791432621,0,0.0,0,0,0.0,0,0.0
7482,38,24192.118385149435,Rent,1,913.4224962748926,1,877.5549586372126,0,0,0.0,0,0.0
7483,74,22145.36429472972,Own,1,3158.763529648964,1,9358.16527988887,0,1,0.0,1,0.0
7484,64,14567.762910664731,Mortgage,1,870.6033022520586,1,8139.008933639826,0,0,0.0,1,0.0
7485,78,80632.40553042716,Own,1,9669.26505356335,1,79655.46354721024,1,1,12349.92612819868,1,0.0
7486,29,15005.447663587427,Rent,1,446.73297485132014,1,1797.5715421548052,0,0,0.0,0,0.0
7487,30,20493.980241864614,Rent,1,631.8403326971343,1,0.0,0,0,0.0,0,0.0
7488,66,14208.106684208906,Mortgage,1,1913.1765177265531,0,0.0,0,0,0.0,1,0.0
7489,71,99896.88419965492,Own,1,1967.4096283228544,1,36468.12249342625,0,0,0.0,1,0.0
7490,61,113518.63782918165,Own,1,1827.3082215564443,1,92211.14174530895,0,0,0.0,1,0.0
7491,87,60525.76880278899,Own,1,7038.35418769653,1,38896.26887087368,0,0,0.0,1,9880.209336229169
7492,71,22721.845190176366,Rent,1,1086.5887782993643,1,1858.1242337378058,0,0,0.0,1,7.281254462485116
7493,59,26580.941446154313,Mortgage,1,1630.876852608197,1,10404.46282173563,1,0,0.0,1,3291.550996346824
7494,90,683710.449396648,Own,1,4605.820109634384,1,91716.2062226379,1,1,18274.648373112934,1,5366.097024463939
7495,33,28539.444151259187,Rent,1,659.5809685724518,1,2529.303926638362,0,0,0.0,0,0.0
7496,65,46600.63701526937,Rent,1,649.1052739401778,1,1186.2590009744943,0,0,0.0,1,0.0
7497,31,12439.375395396348,Rent,1,314.1058077033706,1,203.12730961590023,0,0,0.0,0,0.0
7498,68,48546.855235561125,Mortgage,1,2222.9344270983934,1,1261.6724341845656,0,0,0.0,1,0.0
7499,39,26708.000193864824,Rent,0,0.0,1,819.1086751539005,0,0,0.0,0,0.0
7500,41,20902.22158480304,Rent,1,1276.008037142192,1,8727.863711206719,0,0,0.0,0,0.0
7501,63,44345.99580160669,Mortgage,1,4592.29864120924,1,37596.80154342637,0,0,0.0,1,3598.357333565239
7502,87,115385.58418955826,Own,1,3139.7690323448287,1,94482.54588938478,1,1,20572.598377203758,1,6464.99717850104
7503,67,113187.18000486541,Own,1,8101.331098677696,1,43723.13905792605,0,0,0.0,1,6.497359465961108
7504,44,4765.801172456444,Mortgage,0,0.0,0,0.0,0,0,0.0,0,0.0
7505,80,40117.941569495284,Own,1,2580.054692668197,1,34644.09231976592,0,0,0.0,1,3307.7780643142587
7506,31,6910.777935990762,Rent,1,226.89729371245767,0,0.0,0,0,0.0,0,0.0
7507,38,18360.328770963613,Rent,1,677.5859181918349,1,353.28885003027654,0,0,0.0,0,0.0
7508,44,23553.215862090663,Rent,1,263.82046394129634,1,3926.0511034202814,0,0,0.0,1,0.0
7509,36,21817.570917010882,Mortgage,1,857.7496249751982,1,2550.4412148239876,0,0,0.0,1,15.44244207177018
7510,61,28886.65077899691,Mortgage,1,2205.5876426455834,1,38370.58550544096,0,0,0.0,1,0.0
7511,43,11978.533262122943,Rent,1,684.5629226085656,1,1809.1409450721103,0,0,0.0,0,0.0
7512,26,24616.166881018733,Rent,1,997.0122951303109,1,3364.80791502341,0,0,0.0,0,0.0
7513,54,37661.47448831453,Mortgage,1,560.9828683699227,1,2973.236457767076,0,0,0.0,0,0.0
7514,29,4575.327229350491,Rent,0,0.0,0,0.0,0,0,0.0,0,0.0
7515,29,525.5206015037594,Rent,0,0.0,0,0.0,0,0,0.0,0,0.0
7516,48,39975.400325329756,Own,1,2675.9363633127277,1,8534.572041010693,0,0,0.0,1,0.0
7517,48,27406.91684646662,Mortgage,1,845.1578631515432,1,3811.48847479485,0,0,0.0,1,0.0
7518,63,11894.490904499653,Mortgage,1,1585.3589702555835,1,2347.530224077746,0,0,0.0,1,3699.5904965972495
7519,39,26203.12995407226,Rent,1,1190.5790481806864,1,1086.284656317028,0,0,0.0,0,0.0
7520,34,525.5206015037594,Rent,0,0.0,0,0.0,0,0,0.0,0,0.0
7521,90,19819.283562060773,Own,1,7059.914389392958,1,8434.451502218943,0,1,7672.62300006622,1,1.650189430027533
7522,77,41042.376914368695,Own,1,1770.7792651735665,1,35964.95333386591,0,0,0.0,1,0.0
7523,41,26237.599668960796,Rent,1,705.2150253098222,1,2945.4125757906395,0,0,0.0,0,0.0
7524,59,27644.509562463943,Mortgage,1,1683.037790347204,1,3243.0005337774246,0,0,0.0,1,0.0
7525,31,14948.52961103102,Rent,1,366.5708382919319,1,1959.6126536791983,0,0,0.0,0,0.0
7526,88,192897.40598865168,Own,1,5978.623349435478,1,76371.40125408614,1,1,6318.432397042133,1,6057.82591616173
7527,58,125309.1156137357,Own,1,2113.87270632536,1,8179.044485920064,1,0,0.0,1,2818.075139021592
7528,56,17293.69019988804,Mortgage,1,1194.4973872283927,1,2248.8015585320186,0,0,0.0,1,3904.3395108580858
7529,89,85393.14674241058,Own,1,6116.35550754993,1,94561.89767571537,1,1,5312.743149118841,1,11132.574566471667
7530,85,130579.00764032647,Own,1,10263.929716688197,1,95929.59691060093,1,1,7532.5164104391,1,0.0
7531,60,16058.749074063235,Rent,1,422.11786295328756,1,1734.050418627797,0,0,0.0,0,0.0
7532,32,4086.793278613939,Rent,1,0.0,0,0.0,0,0,0.0,0,0.0
7533,75,94813.8455731675,Own,1,8704.421894773812,1,96758.46639356414,1,1,10113.072342972417,1,0.0
7534,56,34573.51192424375,Mortgage,1,1759.6885441628897,1,2846.0400709538485,0,0,0.0,1,0.0
7535,90,571752.3290358157,Own,1,31148.949364803313,1,92346.32733125439,1,1,19421.365506532253,1,16.164200927622833
7536,79,91587.39256871509,Own,1,5514.654887534413,1,84458.78402416325,1,1,17962.50118468239,1,0.0
7537,66,125307.58224182072,Own,1,3495.557697473658,1,41202.048163186,0,1,14025.471860030946,1,0.0
7538,28,10016.744099370788,Rent,1,319.9066624705613,1,1318.1463541380276,0,0,0.0,0,0.0
7539,40,18879.90081524965,Mortgage,1,1569.9645825341354,0,0.0,0,0,0.0,1,0.0
7540,65,34318.81512989781,Own,1,1172.1074129328867,1,8740.7060695591,0,0,0.0,1,0.0
7541,41,11702.271886181854,Rent,1,540.0689804283879,1,2211.2408215542014,0,0,0.0,0,0.0
7542,91,115700.03616079823,Own,1,6454.8629920369885,1,78638.69659325828,1,1,3811.7460771794363,1,5154.725645119325
7543,86,83270.70997487775,Own,1,6088.427945371763,1,93669.36086314064,1,1,11381.537462313088,1,2.0200598424151917
7544,67,34112.16983416732,Mortgage,1,1046.3317729617038,1,3192.367186346887,1,0,0.0,1,0.0
7545,64,48901.60173070151,Mortgage,1,1699.699164603663,1,8587.1171860661,1,0,0.0,1,0.0
7546,37,525.5206015037594,Rent,0,0.0,0,0.0,0,0,0.0,0,0.0
7547,58,22407.22292208475,Mortgage,1,3214.31055979329,1,77813.95778692407,1,1,5624.705728154329,1,0.0
7548,87,75498.5126943966,Own,1,4532.976753945117,1,91871.94481764351,1,1,11765.839655968497,1,0.0
7549,74,38766.05220310327,Own,1,1999.6013643402766,1,1219.59292370191,0,0,0.0,1,3734.020290806024
7550,72,702138.0543348538,Own,1,9987.616382667864,1,42453.88808556374,1,1,8309.450222529169,1,0.0
7551,30,1512.2237136612966,Rent,0,0.0,0,0.0,0,0,0.0,0,0.0
7552,28,1395.4668578736164,Rent,1,0.0,1,493.06786036177664,0,0,0.0,0,0.0
7553,38,17260.21680678735,Rent,1,482.36679699263436,1,2497.1226994460817,0,0,0.0,1,0.0
7554,31,14951.30401929211,Rent,1,501.0121356346317,0,0.0,0,0,0.0,0,0.0
7555,70,40857.324588026284,Mortgage,1,1080.9521954875527,1,7872.852928533799,1,0,0.0,1,7056.632698027503
7556,57,35561.80594318053,Mortgage,1,1502.1392734432839,1,8193.20480395646,1,0,0.0,1,12.223013314524637
7557,91,65488.28624258803,Own,1,10417.496751744235,1,92732.08132141361,1,1,4483.865958405346,1,0.0
7558,30,525.5206015037594,Rent,0,0.0,0,0.0,0,0,0.0,0,0.0
7559,32,21772.985720260676,Rent,1,312.2991245798571,1,480.734472373015,0,0,0.0,0,0.0
7560,30,3471.540734923663,Rent,1,165.6321890717444,0,0.0,0,0,0.0,0,0.0
7561,57,46610.81944922666,Mortgage,1,1188.3757764643651,1,9753.401327409387,1,0,0.0,1,21.15636376070503
7562,89,112954.15520340865,Own,1,5456.289405361488,1,80030.44759948792,1,1,20967.15103025049,1,10.99109900659712
7563,36,5731.443912625784,Rent,0,0.0,0,0.0,0,0,0.0,0,0.0
7564,40,16533.790729978893,Own,1,1882.8070234082963,1,2535.8831928044724,0,0,0.0,1,0.0
7565,76,45257.78046636348,Own,1,2245.2559768569727,1,38501.59204478324,0,0,0.0,1,0.0
7566,86,752324.9646516503,Own,1,11598.978049037756,1,92041.80505547703,1,1,20158.321096987056,1,13.633211392509153
7567,64,45703.49526371842,Own,1,2180.3683826610527,1,39074.78850803273,0,0,0.0,1,0.0
7568,54,37941.52408169887,Mortgage,1,1181.914762473539,1,2218.454373749151,1,0,0.0,1,0.0
7569,41,525.5206015037594,Rent,1,482.4317224509954,1,366.9384959151125,0,0,0.0,0,0.0
7570,91,44863.47426408937,Own,1,35618.04223478847,1,95933.14682734193,1,1,8262.494111393156,1,15.051991193572608
7571,28,24966.35900067891,Rent,1,1835.4973547579596,1,1941.7402362420257,0,0,0.0,0,0.0
7572,39,525.5206015037594,Rent,0,0.0,0,0.0,0,0,0.0,0,0.0
7573,75,92332.75360586905,Own,1,3494.489029759964,1,95433.88683204858,1,1,7653.819350857621,1,0.0
7574,30,525.5206015037594,Rent,1,210.07300040278744,0,0.0,0,0,0.0,0,0.0
7575,30,525.5206015037594,Rent,1,0.0,0,0.0,0,0,0.0,0,0.0
7576,63,33903.49987542628,Mortgage,1,1451.9480646600261,1,7866.8388711454245,1,0,0.0,1,0.0
7577,38,9688.199573214231,Rent,0,0.0,1,2064.8481700456173,0,0,0.0,0,0.0
7578,32,508915.5013350514,Own,1,7244.298709459821,1,96238.04603832561,1,1,4424.674971767168,1,1.9611775174684618
7579,63,34444.72727194024,Mortgage,1,1808.630806870582,1,8212.631397250083,1,0,0.0,1,2446.8138845866138
7580,59,51186.683286180865,Mortgage,1,1831.5484248775458,1,7034.598453055597,1,0,0.0,1,0.0
7581,42,9473.44382317556,Rent,1,511.8218550533666,1,1553.9074843699136,0,0,0.0,0,0.0
7582,75,104844.63601271251,Own,1,3714.9596503541734,1,93648.93290439161,0,1,6605.603562156747,1,0.0
7583,72,28895.610112475653,Own,1,1426.059618394761,1,34094.51243115573,0,0,0.0,1,0.0
7584,45,5464.352747223869,Mortgage,1,993.8191934143338,1,4005.532589687832,0,0,0.0,1,10.055238625501048
7585,47,20702.051876060832,Mortgage,1,1195.4662157340401,1,4873.983031915823,0,0,0.0,1,0.0
7586,57,43385.13933320406,Mortgage,1,2266.7917884733733,1,3001.2066621521662,0,0,0.0,1,3671.6280306551103
7587,49,2207.584791518948,Rent,1,137.90709748003997,1,2077.862807307809,0,0,0.0,0,0.0
7588,40,23344.39452921999,Rent,1,1104.3142466311865,1,0.0,0,0,0.0,0,0.0
7589,71,97864.96248785261,Own,1,2822.6122843307126,1,38066.74619034663,1,1,5105.571514880171,1,0.0
7590,75,50290.696838594,Mortgage,1,2085.6829466169133,1,8960.626979481785,0,0,0.0,1,5.976706897475139
7591,69,64589.33995573607,Own,1,1213.8028668322463,0,0.0,1,0,0.0,1,0.0
7592,32,17401.224055976218,Rent,1,616.4714098805745,1,434.89683958688784,0,0,0.0,0,0.0
7593,91,71322.71561675322,Own,1,10294.946412293219,1,86999.17617136972,1,1,33088.17908753012,1,1.5204425580460554
7594,30,5458.293474425076,Rent,1,657.6474635988898,0,0.0,0,0,0.0,0,0.0
7595,90,89514.4216505451,Own,1,3959.801718057017,1,94444.41691544338,1,1,4693.2646888378595,1,9916.624857313775
7596,52,18401.98024644523,Mortgage,1,1320.6298993522305,1,3002.896681373677,0,0,0.0,1,0.0
7597,38,3246.1629646853817,Rent,1,858.4015142793363,0,0.0,0,0,0.0,0,0.0
7598,41,17326.2874666908,Mortgage,1,912.7252790062939,1,3882.0879793288013,0,0,0.0,1,0.0
7599,59,71763.19545022336,Mortgage,1,1638.464904443261,1,8756.786600530182,0,0,0.0,1,0.0
7600,91,32398.786864992526,Mortgage,1,2028.4581570438447,1,39101.14273579179,0,0,0.0,1,5.616976905798331
7601,57,12613.772579046505,Rent,1,561.0602056136781,1,141.22840920036106,0,0,0.0,0,0.0
7602,78,821479.9889648433,Own,1,9448.88257837724,1,92455.34071872874,1,1,7223.030055784571,1,2.206349991644439
7603,69,22106.198951768987,Own,1,3543.463849725853,1,40504.51862160156,1,1,4130.194556412933,1,2458.37610182422
7604,30,525.5206015037594,Rent,0,0.0,0,0.0,0,0,0.0,0,0.0
7605,45,39896.6865304234,Mortgage,1,2180.464436087891,1,3114.3446016308617,1,0,0.0,1,0.0
7606,65,47905.16838836568,Mortgage,1,2375.525745399135,1,8082.726885206552,1,0,0.0,1,3848.6941812105947
7607,71,80299.7747380729,Own,1,2178.287527665447,1,42290.54818922955,0,0,0.0,1,0.0
7608,31,56273.913192201384,Mortgage,1,1773.085893221189,1,8410.595589513816,1,0,0.0,1,0.0
7609,64,34323.830746916035,Mortgage,1,2518.2893414999535,1,8983.270986317999,0,0,0.0,1,3960.2914780323945
7610,59,57487.110163933095,Own,1,4382.715984451349,1,41195.77083318538,1,1,7996.543117662262,1,0.0
7611,31,4751.2354564952275,Rent,1,1212.0648697938445,1,1312.7813524354356,0,0,0.0,0,0.0
7612,78,77298.19201397062,Own,1,1478.0184846702023,1,41179.49357673575,0,0,0.0,1,0.0
7613,29,10352.807838120672,Rent,1,263.38664248988994,1,0.0,0,0,0.0,0,0.0
7614,82,105877.3812521179,Own,1,6702.481960729339,1,43873.309907880976,0,1,6672.633466476592,1,0.0
7615,70,55069.119126392885,Own,1,1993.6845788002656,1,34607.076744020036,0,0,0.0,1,1.4390070523324319
7616,57,21669.356123572896,Rent,1,3486.176792412695,1,1721.193590042647,0,0,0.0,1,0.0
7617,53,53950.12732400868,Mortgage,1,1933.2377878547902,1,8394.073764380297,1,0,0.0,1,0.0
7618,80,41539.40151163896,Mortgage,1,1795.9152331151108,1,1842.6970143052247,0,0,0.0,0,0.0
7619,28,525.5206015037594,Rent,0,0.0,0,0.0,0,0,0.0,0,0.0
7620,91,684054.5454309809,Own,1,26342.695566926603,1,93375.33860987394,1,1,34891.136049411834,1,0.0
7621,47,25497.484585860686,Rent,1,1542.5979066752318,1,2846.7023844836544,0,0,0.0,0,0.0
7622,74,82006.6347520462,Own,1,7393.561485403842,1,93789.75437328407,1,1,11911.822787149906,1,2.832249068290767
7623,29,14884.566216554449,Mortgage,1,848.0395601905425,1,3207.624171474994,0,0,0.0,1,0.0
7624,33,628.4533037640431,Rent,1,230.70067848349993,0,0.0,0,0,0.0,0,0.0
7625,48,26556.58902473022,Mortgage,1,2388.5847893204646,1,8288.52006177191,1,0,0.0,1,0.3706942780130098
7626,42,7641.775133773463,Rent,0,0.0,0,0.0,0,0,0.0,0,0.0
7627,40,13838.634120728577,Rent,1,966.5176471194177,1,0.0,0,0,0.0,0,0.0
7628,76,88536.10323721077,Mortgage,1,2282.64849928224,1,9955.487678154273,0,0,0.0,1,5.960811035195218
7629,27,525.5206015037594,Rent,1,320.5235282046659,1,3295.771696663122,0,0,0.0,0,0.0
7630,55,37665.63000893242,Mortgage,1,1230.049823519763,1,4985.536440421107,0,0,0.0,1,2558.2627038429932
7631,37,17986.28648999205,Rent,1,617.8026920716102,1,377.38210838343434,0,0,0.0,0,0.0
7632,49,32154.457439355807,Mortgage,1,1651.354113239555,1,4666.670206032188,0,0,0.0,1,2337.6953828532205
7633,87,69330.94251788218,Own,1,31943.84958045859,1,95658.03832022952,1,1,21547.482095053703,1,3.3598187799211576
7634,45,13504.998169279306,Rent,1,734.3781995506947,0,0.0,0,0,0.0,0,0.0
7635,29,749.9806683667011,Rent,0,0.0,0,0.0,0,0,0.0,0,0.0
7636,88,447834.72281516774,Own,1,29171.712563933608,1,83819.50616261893,1,1,7998.562647194676,1,9403.766267763962
7637,29,16385.020937377347,Rent,0,0.0,0,0.0,0,0,0.0,0,0.0
7638,51,55205.48609948717,Mortgage,1,2223.90011236373,1,8684.328689256601,1,0,0.0,1,0.0
7639,37,26090.327103795342,Own,1,1144.6965850189533,1,1464.9529326978527,0,0,0.0,1,1.2848933583937547
7640,62,41896.884877810124,Mortgage,1,1622.7099680455563,1,8932.972348723551,1,0,0.0,1,5.989851822389596
7641,76,65510.91923215495,Own,1,2104.2974251975534,1,35166.45725412431,0,0,0.0,1,4269.056400290608
7642,39,23925.396560125137,Mortgage,1,1696.5816487771185,1,3626.483884241391,0,0,0.0,1,1.4683530959523958
7643,30,16655.536921768227,Rent,1,0.0,1,791.5863589712894,0,0,0.0,0,0.0
7644,56,41832.97828605027,Own,1,2558.3363375331433,1,8404.281325543621,1,1,8187.891430171702,1,6560.504651220068
7645,69,39111.888354103176,Own,1,1183.9867009456764,1,35539.41507062257,0,0,0.0,1,0.0
7646,41,22361.79510871648,Rent,1,1323.4309861639756,1,790.550973882273,0,0,0.0,0,0.0
7647,30,525.5206015037594,Rent,0,0.0,0,0.0,0,0,0.0,0,0.0
7648,57,52057.524294998104,Mortgage,1,2988.8397532528143,1,2204.8203395732207,1,0,0.0,1,0.0
7649,67,51200.725835656725,Mortgage,1,1631.790375994553,0,0.0,1,0,0.0,1,0.0
7650,36,20263.146006032744,Rent,1,393.79948801972796,1,1059.1009693667638,0,0,0.0,0,0.0
7651,63,29869.08623441399,Own,1,2719.470705650884,1,8591.9896081164,0,0,0.0,1,3389.852784382972
7652,91,102638.68096462199,Own,1,10544.970393058378,1,92731.17587853191,1,1,9125.585034322683,1,0.0
7653,89,105042.18717818292,Own,1,5359.823231411983,1,92146.7988088143,1,1,4990.821243884423,1,17168.20872982008
7654,62,38820.90842286412,Mortgage,1,1863.2423428997365,1,7287.936392613087,1,0,0.0,1,0.0
7655,28,9678.19660465383,Rent,1,1011.3209341976421,1,2067.7887026065328,0,0,0.0,0,0.0
7656,42,20981.640509381705,Rent,1,1074.5629846547372,0,0.0,0,0,0.0,0,0.0
7657,83,143952.68918735732,Own,1,1838.6069218339194,1,7275.275811448106,0,0,0.0,1,0.0
7658,69,54276.57492553736,Mortgage,1,2279.5086288674406,1,8675.723338870832,0,0,0.0,1,0.0
7659,46,35958.6904135028,Rent,1,1596.7186496156794,1,1234.317501272696,0,0,0.0,1,13.303364240192096
7660,44,25332.0701262108,Rent,1,421.50155870471264,1,1448.1478822374602,0,0,0.0,0,0.0
7661,32,525.5206015037594,Rent,1,96.28624379061819,1,37.98732749517467,0,0,0.0,0,0.0
7662,87,79658.79575916051,Own,1,7666.717882310877,1,88365.87594758239,1,1,6519.917879057866,1,5.499176210865688
7663,46,9813.836653056915,Rent,1,504.38630904598557,1,2018.072399372909,0,0,0.0,0,0.0
7664,67,48018.022339168885,Mortgage,1,1576.304742024748,1,9060.079774371847,1,0,0.0,1,0.0
7665,38,8728.42737058783,Rent,1,101.97125522746057,0,0.0,0,0,0.0,0,0.0
7666,44,16526.04072657216,Rent,1,605.3743576299578,1,1627.964649039472,0,0,0.0,0,0.0
7667,91,781575.1114719462,Own,1,3681.0203402808884,1,89069.84381634094,1,1,16257.143906268326,1,6488.3723656693155
7668,72,127767.1773095729,Own,1,5257.29604183936,1,94244.57380150104,0,1,6702.842960862907,1,0.0
7669,73,36652.38515868378,Own,1,6862.364252188791,1,36988.39214742245,0,1,6978.021265172313,1,0.0
7670,29,11501.727610547256,Rent,1,741.9398138354395,0,0.0,0,0,0.0,0,0.0
7671,66,26526.448972230042,Mortgage,1,1229.2857081489585,1,3702.4982375838363,1,0,0.0,1,0.0
7672,31,14646.788685187354,Rent,1,0.0,0,0.0,0,0,0.0,0,0.0
7673,32,10073.055731032033,Rent,1,253.03219918017192,1,2063.0817896156145,0,0,0.0,0,0.0
7674,46,14638.925103342572,Rent,1,1166.0506094197403,1,1938.0044048837442,0,0,0.0,0,0.0
7675,41,24841.313714770877,Mortgage,1,1173.3267127458269,1,10075.509112614809,0,0,0.0,1,2187.749321851771
7676,46,16899.178094582374,Rent,1,720.4013175698635,1,867.6956241463754,0,0,0.0,0,0.0
7677,43,24087.22107211592,Mortgage,1,1625.1400030840077,1,4306.912238601068,0,0,0.0,1,0.0
7678,53,35106.30950589194,Mortgage,1,2432.930482095361,1,9076.283943830867,0,0,0.0,1,4075.784846921437
7679,38,22076.04395797314,Rent,1,1031.1024975067667,1,0.0,0,0,0.0,0,0.0
7680,87,220470.0360576678,Own,1,3497.650134277348,1,96547.05742370083,1,1,19743.250723012367,1,9676.293403490543
7681,67,12670.08327032885,Mortgage,1,123.43341901286055,0,0.0,1,0,0.0,1,0.0
7682,64,73203.6562085165,Own,1,3771.2237333198427,1,81834.37032253863,1,1,11668.758060752285,1,0.0
7683,48,14093.205531529193,Rent,1,719.4296430359345,0,0.0,0,0,0.0,0,0.0
7684,70,24333.43961205402,Mortgage,1,1808.2412732811279,1,8425.630511710027,1,0,0.0,1,0.0
7685,63,69434.59215780604,Own,1,2933.67813696601,1,43021.423670288445,1,1,14767.75334202816,1,6503.689190502864
7686,39,6355.418928755957,Rent,0,0.0,0,0.0,0,0,0.0,0,0.0
7687,89,101970.41962974565,Own,1,7711.104255660193,1,93072.48732076945,1,1,23603.508536532365,1,17.724020962006943
7688,28,2171.483511778695,Rent,1,366.7304183898607,1,1207.9258498870622,0,0,0.0,0,0.0
7689,62,46071.489292413215,Mortgage,1,2478.5014788264198,1,9021.604793707333,0,0,0.0,1,0.0
7690,53,23465.89150325681,Mortgage,1,1944.7342641832183,1,3807.8496360639892,0,0,0.0,1,0.0
7691,42,19250.608216840712,Rent,1,1253.7115034364112,0,0.0,0,0,0.0,0,0.0
7692,41,4924.675607217225,Rent,0,0.0,0,0.0,0,0,0.0,0,0.0
7693,58,15374.086091231402,Rent,1,193.49966157304527,0,0.0,0,0,0.0,1,0.0
7694,32,9983.599284823045,Rent,1,501.1362830404463,1,3194.9751649641157,0,0,0.0,0,0.0
7695,27,3973.359324777064,Rent,0,0.0,0,0.0,0,0,0.0,0,0.0
7696,59,63060.99418860445,Mortgage,1,2009.766751279161,1,8244.792667131218,1,0,0.0,1,4243.823408285194
7697,65,41480.237904311616,Mortgage,1,1773.5500107132848,1,3384.3154235712254,0,0,0.0,1,0.0
7698,61,28915.710846208116,Own,1,597.8368133082452,0,0.0,0,0,0.0,1,0.0
7699,41,8263.494037691318,Rent,1,531.9891741034246,1,310.75400186990555,0,0,0.0,0,0.0
7700,66,40606.54081707384,Mortgage,1,2126.615702806427,1,8884.152727202962,0,1,0.0,1,3965.234930564584
7701,61,6229.763602149458,Own,1,1707.5928668871832,1,8011.0195227390695,0,0,0.0,1,0.0
7702,29,19465.945997372248,Rent,1,628.0513396867756,0,0.0,0,0,0.0,0,0.0
7703,31,5952.498774419151,Rent,1,487.2180910734089,1,2059.3205806082833,0,0,0.0,0,0.0
7704,43,16420.616769584318,Rent,1,458.63371975809804,1,281.2938104687239,0,0,0.0,0,0.0
7705,63,180891.61325138647,Own,1,2014.6520589267043,1,46861.83196967996,1,0,0.0,1,0.22847582247404363
7706,66,111921.83181632232,Own,1,3808.021596172023,1,89653.23983839381,0,1,16.93978501698531,1,0.0
7707,37,2040.517504482399,Rent,0,0.0,0,0.0,0,0,0.0,0,0.0
7708,75,61510.46966500566,Own,1,2427.2451747587083,1,41515.98614863526,0,0,0.0,1,3959.7875133190764
7709,79,36408.69606452256,Own,1,1816.9615522462157,1,39043.13548801358,0,0,0.0,1,0.0
7710,42,33233.916687440826,Mortgage,1,1160.9222074540994,1,2737.318520679907,1,0,0.0,1,0.0
7711,36,12204.940655772407,Rent,1,697.6084626308275,1,300.91241736327333,0,0,0.0,0,0.0
7712,65,53660.15165820529,Mortgage,1,1399.2858767592415,1,8976.477393875297,1,0,0.0,1,0.0
7713,29,43300.973292296934,Own,1,2069.613651630407,1,3482.361176017301,0,0,0.0,1,0.0
7714,81,113376.8022152331,Own,1,3327.0347022976002,1,43380.89887100528,0,1,15186.127801879566,1,3542.704676521309
7715,66,26479.49677395292,Mortgage,1,872.8772346671318,1,2444.893853759146,0,0,0.0,1,0.0
7716,46,37121.60871473611,Mortgage,1,1415.3233785514524,1,3026.0429366835233,0,0,0.0,1,0.0
7717,82,27590.781945638388,Own,1,2573.768280875327,1,9205.738952073885,0,0,0.0,1,0.0
7718,36,525.5206015037594,Rent,0,0.0,0,0.0,0,0,0.0,0,0.0
7719,75,66548.28236000852,Own,1,2732.54320514436,1,41075.53530522023,0,1,9178.060650678568,1,6.043089844638072
7720,90,46540.68255548129,Own,1,5812.509983825026,1,95953.00439336577,1,1,14012.006591867084,1,9546.626615892474
7721,44,29460.92217307965,Mortgage,1,2492.4593294952347,1,3728.0543521482127,0,0,0.0,1,0.0
7722,42,45745.86777535723,Mortgage,1,1178.079018404861,1,3751.611984034997,0,0,0.0,1,0.0
7723,35,21615.920186377094,Rent,1,1194.6237510244562,0,0.0,0,0,0.0,0,0.0
7724,41,16016.57560041821,Mortgage,0,0.0,0,0.0,0,0,0.0,0,0.0
7725,29,5231.551003105986,Rent,1,0.0,0,0.0,0,0,0.0,0,0.0
7726,37,9235.125202348021,Rent,1,644.7761761780051,1,1246.4034011397184,0,0,0.0,0,0.0
7727,79,44261.37451441018,Own,1,2737.1818585592573,0,0.0,0,0,0.0,1,4.4870445268573445
7728,72,57957.32826437816,Own,1,1643.9768722880965,1,33952.39667373426,0,0,0.0,1,0.0
7729,83,133198.77972921188,Own,1,1908.4996235971978,1,35494.891788368666,0,0,0.0,1,0.0
7730,65,35545.998512579805,Mortgage,1,1721.1880578154157,1,9741.281478453377,1,0,0.0,1,0.0
7731,71,43358.09150306188,Mortgage,1,2538.5049779293763,1,1621.4489333349457,1,0,0.0,1,0.0
7732,89,65465.401191884404,Own,1,19401.23275873319,1,96758.46639356414,1,1,12370.1480233699,1,10.756315638871081
7733,73,90584.35748505608,Own,1,1709.0500501489253,1,1598.7422673001063,0,0,0.0,1,0.0
7734,64,30012.81482920084,Mortgage,1,2119.4286687507515,1,8661.869920976716,1,0,0.0,1,0.0
7735,62,33946.75863481254,Mortgage,1,2011.1452762841125,1,8532.52986495385,0,0,0.0,1,3451.4950074295607
7736,40,525.5206015037594,Rent,1,1062.3416434865592,1,750.9120402433937,0,0,0.0,0,0.0
7737,89,90634.9012321644,Own,1,10906.872783267369,1,39986.114134680094,0,1,5930.921020291313,1,13.361318655692621
7738,70,46691.59143717141,Mortgage,1,2012.7608315915995,1,8340.698064640885,0,0,0.0,1,0.6933634143434668
7739,41,31714.784456264002,Mortgage,1,431.5929017159382,1,4185.8385846814435,0,0,0.0,1,3.9773121033673404
7740,88,181424.804974013,Own,1,4750.588066916813,1,96758.46639356414,1,1,7530.568001872497,1,5605.2554004292315
7741,75,41179.818135834386,Own,1,980.8333654127955,1,43208.20770476303,0,0,0.0,1,7.997540479888407
7742,79,20363.29383365597,Own,1,559.5079071904877,1,887.6193836191233,0,0,0.0,0,0.0
7743,64,36375.62909443399,Own,1,1570.3892442339761,1,1332.9451206723954,0,0,0.0,1,0.0
7744,86,75745.35143942854,Own,1,39834.63991804252,1,95771.71029298338,1,1,7280.718878922852,1,14396.71240288653
7745,51,41918.605117416555,Mortgage,1,2089.244101028632,1,9509.687637226834,1,0,0.0,1,0.0
7746,31,6503.64985653415,Rent,1,37.32523934903645,1,493.93273523982884,0,0,0.0,0,0.0
7747,80,19483.014212334027,Mortgage,1,3638.3780346611616,1,8861.901585740074,0,0,0.0,1,0.0
7748,85,227373.0093687861,Own,1,3882.6438528860654,1,41876.37198522451,1,1,6870.467552223079,1,7272.650083691608
7749,60,10514.820195281969,Mortgage,1,1452.1524156867938,1,1597.3846451632623,0,0,0.0,1,0.0
7750,60,52000.70972644031,Mortgage,1,1565.9069902354881,1,3677.311837716373,0,0,0.0,1,4159.591167622325
7751,88,150934.60510008552,Own,1,23740.17847995883,1,92066.31564226837,1,1,11476.442642107413,1,14556.52219932181
7752,86,85842.24480267371,Own,1,41038.68681403315,1,79347.92912643278,1,1,17056.02847739733,1,0.0
7753,59,3731.5761053758615,Mortgage,1,1581.6861405410134,0,0.0,0,0,0.0,1,0.0
7754,30,16063.81804529567,Rent,1,1951.1322999622519,1,275.1499247442023,0,0,0.0,0,0.0
7755,76,35156.77250468323,Own,1,3635.084072961745,1,37136.15283876901,1,0,0.0,1,0.0
7756,80,150884.27799790972,Own,1,4204.200094947377,1,8708.222906197332,0,1,10713.507890774037,1,6340.033820090949
7757,42,18120.84616174082,Rent,1,47.85699387867544,1,0.0,0,0,0.0,0,0.0
7758,55,18547.57096315365,Mortgage,1,1342.0618043824998,0,0.0,1,0,0.0,1,0.0
7759,58,89580.80125072737,Mortgage,1,941.9052547967142,1,1438.3152646917606,1,0,0.0,1,9.171126905659412
7760,30,984.9543197365983,Rent,0,0.0,0,0.0,0,0,0.0,0,0.0
7761,34,13281.832085877733,Rent,1,1281.7279237125063,1,971.8120651762429,0,0,0.0,0,0.0
7762,64,41711.164663489435,Own,1,6428.93715271014,1,38335.199993732174,1,1,21553.76779622877,1,11.384101072568013
7763,30,11742.777150233422,Rent,1,0.0,1,1741.615291753644,0,0,0.0,0,0.0
7764,49,75825.39451089752,Mortgage,1,2428.489520515092,1,3985.6962006036583,0,0,0.0,1,0.0
7765,72,40148.22759489644,Mortgage,1,950.3120195987311,1,1893.1787511193786,0,0,0.0,1,0.0
7766,76,123242.1337731994,Own,1,2182.1461521513584,1,37286.05635011107,0,1,8656.854001271862,1,0.0
7767,42,9976.980194219188,Rent,1,0.0,1,0.0,0,0,0.0,0,0.0
7768,66,39851.12767057528,Mortgage,1,1272.0812413389117,1,8425.556416287494,1,0,0.0,1,0.0
7769,91,92831.02327028645,Own,1,20715.56115051306,1,91092.34506908956,1,1,5291.167496098163,1,10660.8026874152
7770,79,76189.83469791066,Own,1,5513.7400904198685,1,35648.40080843033,0,0,0.0,1,0.0
7771,54,37596.26722962388,Mortgage,1,867.9180341841218,1,8978.679741223083,1,0,0.0,1,0.0
7772,72,19180.666713396276,Mortgage,1,2396.297732419658,1,95516.04201349242,1,0,0.0,1,0.0
7773,47,14142.626003456215,Rent,1,573.5538314629885,0,0.0,0,0,0.0,0,0.0
7774,64,48662.18756867019,Mortgage,1,1946.9427013513723,1,9394.157763597159,1,0,0.0,1,0.0
7775,26,4888.319970424462,Rent,1,154.68913161562898,1,1395.5666809702884,0,0,0.0,0,0.0
7776,62,12714.524685137543,Own,1,1454.8544513603579,1,39904.950608490995,0,0,0.0,1,3954.958338141019
7777,91,69597.86650953327,Own,1,25819.25678344016,1,95600.58969317464,1,1,19672.254157847157,1,24.497388455133912
7778,31,24063.2278849437,Rent,1,806.6011154186142,1,430.16743446896385,0,0,0.0,0,0.0
7779,34,12415.834011390452,Rent,1,0.0,0,0.0,0,0,0.0,0,0.0
7780,29,19805.08089427782,Rent,1,834.632438263057,1,723.3402448302008,0,0,0.0,0,0.0
7781,28,525.5206015037594,Rent,0,0.0,0,0.0,0,0,0.0,0,0.0
7782,76,407912.07763039105,Own,1,38676.48356848002,1,94438.54242380107,1,1,19080.619297079167,1,6258.601110772198
7783,64,37488.96179958868,Mortgage,1,1753.1250622559276,1,8281.555913931481,1,0,0.0,1,0.0
7784,73,84693.70290680783,Own,1,5415.900128760056,1,91548.63021699345,0,1,14178.626291103463,1,0.0
7785,48,15896.677173706314,Rent,1,937.1106899418213,1,1569.3738365396928,0,0,0.0,0,0.0
7786,87,107597.80703647353,Own,1,7789.207600775417,1,93880.30560197325,1,1,3977.6377396910707,1,3577.0270342813155
7787,48,59501.80371098741,Mortgage,1,2177.155849412148,0,0.0,1,0,0.0,1,0.0
7788,61,16033.618684383995,Rent,1,739.9484167485733,1,1116.884966724716,0,0,0.0,0,0.0
7789,31,6209.831456007483,Rent,0,0.0,0,0.0,0,0,0.0,0,0.0
7790,45,10470.866096087968,Rent,0,0.0,0,0.0,0,0,0.0,0,0.0
7791,41,32443.52780701395,Mortgage,1,977.869857095298,1,3952.7548050463693,0,0,0.0,1,0.0
7792,32,525.5206015037594,Rent,0,0.0,0,0.0,0,0,0.0,0,0.0
7793,33,12112.201377559242,Rent,1,1081.374306512387,0,0.0,0,0,0.0,0,0.0
7794,91,77214.112558239,Own,1,7610.815244963952,1,95192.96329976544,1,1,14268.180293685813,1,5.093337605315574
7795,78,67558.3723360184,Own,1,4485.555066333243,1,35023.251575079456,0,0,0.0,1,3.2021978285760953
7796,63,26787.63481267297,Own,1,1644.328575604827,0,0.0,1,0,0.0,0,0.0
7797,85,78265.13835654169,Own,1,28426.516325940713,1,94973.38390499222,1,1,12174.035602650252,1,3494.4528980907344
7798,76,48550.052606371544,Own,1,2006.4961320953237,1,35727.33708906712,0,0,0.0,1,0.0
7799,50,31128.713980061402,Mortgage,1,855.4257527280537,1,4659.056290527701,0,0,0.0,1,4.165841425499477
7800,46,24894.441761414673,Mortgage,1,1855.2424471343375,1,3236.3302184695376,0,0,0.0,1,2.338194484656178
7801,28,4529.7891868174065,Rent,0,0.0,0,0.0,0,0,0.0,0,0.0
7802,87,78097.0017629916,Own,1,3737.0378844663474,1,93570.81208489658,1,1,4240.026373973233,1,8.193387195287563
7803,57,70192.21815779056,Own,1,1931.731749286881,1,46996.66658705371,0,0,0.0,1,0.0
7804,60,26765.33312132696,Mortgage,1,1568.0061270481579,1,817.5177063623837,0,0,0.0,1,0.0
7805,49,40292.81105363592,Mortgage,1,2753.247507735888,1,8703.641499925052,1,0,0.0,1,0.0
7806,52,41541.476210114255,Mortgage,1,2760.5594745783833,1,9508.566090472814,1,0,0.0,1,9.146360959987087
7807,77,118826.37974468357,Own,1,6096.822100441307,1,42355.5835877249,0,1,5915.771183935313,1,0.0
7808,42,20754.94971273023,Mortgage,1,880.500047122917,1,4124.410027945197,0,0,0.0,1,0.0
7809,90,60882.85270785023,Own,1,3345.8113344165195,1,80443.86730464853,1,1,35953.17975426956,1,17.56605558028746
7810,45,42768.46317616817,Rent,1,1126.4145568483893,0,0.0,0,0,0.0,0,0.0
7811,36,19043.85582141619,Rent,1,763.180006137401,0,0.0,0,0,0.0,0,0.0
7812,62,21053.33900054811,Own,1,1188.0408733201152,0,0.0,0,0,0.0,1,0.0
7813,49,8426.46025279907,Rent,1,1482.4513819847457,1,5184.477251889137,0,0,0.0,0,0.0
7814,36,35519.1764416381,Rent,1,653.2477220915137,1,787.9234244069485,0,0,0.0,0,0.0
7815,75,62090.15365562017,Own,1,3634.5849013292286,1,79950.69813248597,0,1,8432.846234307923,1,3942.079676630384
7816,73,111879.60632465003,Own,1,7814.304810605515,1,94974.95969012228,1,1,7135.612776000993,1,3.9366895945203155
7817,72,96363.93404269438,Own,1,3666.214541057379,1,90985.49288970132,1,1,37203.099110225216,1,1.6211427604830098
7818,42,13208.133581723112,Rent,1,393.9663378776735,0,0.0,0,0,0.0,0,0.0
7819,29,16181.9286631982,Rent,1,936.314327814482,1,0.0,0,0,0.0,0,0.0
7820,52,36753.942302240925,Mortgage,1,1437.8126734813848,1,2545.082604955086,0,0,0.0,1,12.429837746857345
7821,91,100022.37563724436,Own,1,27475.055495225995,1,96758.46639356414,1,1,15916.749868631092,1,6314.022964314998
7822,47,15256.131782835793,Rent,1,544.3197214072907,0,0.0,0,0,0.0,0,0.0
7823,27,12893.751749166036,Rent,1,0.0,1,518.9488088339881,0,0,0.0,0,0.0
7824,49,18357.90918498353,Mortgage,1,1171.7097038666043,1,4615.734005244203,0,0,0.0,1,5.449660840163997
7825,30,525.5206015037594,Rent,0,0.0,0,0.0,0,0,0.0,0,0.0
7826,30,9046.338262067493,Rent,1,1396.1934202836624,0,0.0,0,0,0.0,0,0.0
7827,27,24048.976487536966,Rent,1,758.9707559839599,0,0.0,0,0,0.0,1,2545.6444551449913
7828,45,4389.320214207764,Mortgage,1,521.2533048077867,0,0.0,0,0,0.0,0,0.0
7829,60,59613.27425844463,Mortgage,1,2234.4134660354875,1,8302.045036848636,1,0,0.0,1,4106.147188067137
7830,60,31139.80945281051,Mortgage,1,1940.9484080846282,1,9297.801408195923,0,0,0.0,1,0.0
7831,30,7636.452218834442,Rent,1,12.316437439039532,0,0.0,0,0,0.0,0,0.0
7832,91,72198.39379265286,Own,1,9339.254422871576,1,95590.68498272564,1,1,9149.374451618976,1,0.0
7833,77,141805.44925229988,Own,1,5729.7531230452205,1,36543.754447071165,0,1,6162.23026104653,1,5472.335674347504
7834,54,26142.77508933624,Rent,1,1212.26855200431,0,0.0,1,0,0.0,1,0.0
7835,37,14847.723352439643,Rent,1,515.3664540989344,1,2464.9727186638206,0,0,0.0,0,0.0
7836,40,14272.699253445338,Mortgage,1,579.2669058494614,1,3812.2696580375314,0,0,0.0,1,1.1991380800154843
7837,33,525.5206015037594,Rent,0,0.0,0,0.0,0,0,0.0,0,0.0
7838,34,6339.082005009008,Rent,1,204.7495265433637,1,855.1097878580715,0,0,0.0,0,0.0
7839,35,3669.985693789273,Rent,0,0.0,0,0.0,0,0,0.0,0,0.0
7840,50,43054.108576715225,Mortgage,1,1528.6790350151846,1,4595.03642003518,0,0,0.0,1,0.0
7841,37,4577.313304965966,Rent,1,142.12154876259876,0,0.0,0,0,0.0,0,0.0
7842,36,7807.559601794052,Rent,0,0.0,0,0.0,0,0,0.0,0,0.0
7843,85,168196.44302549004,Own,1,9991.75710077314,1,93653.2678709578,1,1,11836.950062899901,1,8.257103310176463
7844,37,6955.55406881405,Rent,1,227.5970228900053,1,0.0,0,0,0.0,0,0.0
7845,43,28783.444531840592,Mortgage,1,1117.7850177637845,1,4500.026732559623,0,0,0.0,1,2496.036164440711
7846,32,16011.670080756565,Rent,1,364.93360559092275,1,1318.2638903028671,0,0,0.0,0,0.0
7847,77,50524.064927724976,Own,1,4580.810754232534,1,41077.139309486796,0,0,0.0,1,3238.599626042494
7848,30,9996.3310748212,Rent,0,0.0,0,0.0,0,0,0.0,0,0.0
7849,36,26395.45066523448,Rent,1,1028.3459581781372,1,1211.0359598138054,0,0,0.0,0,0.0
7850,73,36498.72070960888,Mortgage,1,1074.3482312155431,1,3786.8498412793306,0,0,0.0,1,2.6906473834222737
7851,62,33890.26959020138,Mortgage,1,1871.2591215528842,1,9030.935237662166,1,0,0.0,1,3460.3423060918512
7852,43,23546.62058116524,Rent,1,685.8713759800366,1,3233.894424004925,0,0,0.0,0,0.0
7853,64,46238.02773133829,Own,1,2766.3340799360303,1,9015.417035659055,0,0,0.0,1,0.0
7854,35,32427.330401743595,Mortgage,1,1098.4351182134965,1,2784.1245852467546,0,0,0.0,1,0.0
7855,60,43167.180868352574,Mortgage,1,2119.0948250382203,1,9465.509253083897,1,0,0.0,1,0.0
7856,55,33252.91562033749,Mortgage,1,1398.8768788786242,1,4810.6280960647655,1,0,0.0,1,3.242148247630011
7857,62,27681.957636051564,Mortgage,1,2191.407222464866,1,7853.2574710135705,1,0,0.0,1,7.6646164829766015
7858,57,11994.998758263788,Rent,1,1426.3066551422025,1,9242.991974674791,0,0,0.0,1,2448.608063135852
7859,41,17793.121000661373,Rent,1,888.0637365030323,1,317.9119359148656,0,0,0.0,0,0.0
7860,63,25718.176329749203,Mortgage,1,1148.200334287868,0,0.0,1,0,0.0,1,0.0
7861,72,61820.39949686322,Own,1,1948.3423792208712,1,37167.713320451105,0,0,0.0,1,5063.772573368669
7862,89,70586.66296428659,Mortgage,1,6938.52599141721,1,7947.862152462515,1,0,0.0,1,0.0
7863,67,55487.46933425372,Own,1,3302.353092139232,1,93822.67331577941,1,1,3.2979074494427465,1,6752.142107419233
7864,49,53023.88808132571,Mortgage,1,1097.8537142526989,1,8516.837314271996,0,0,0.0,1,0.0
7865,51,22111.11677574994,Mortgage,1,1327.3587233941175,0,0.0,0,0,0.0,1,12.831005015454387
7866,78,36202.33909145995,Own,1,1952.8304492015775,1,34584.32651733777,0,0,0.0,1,0.0
7867,88,189412.671203079,Own,1,29652.139472132796,1,96758.46639356414,1,1,18888.843003282258,1,10659.085515181392
7868,89,37144.77209859878,Own,1,5382.42494287572,1,94372.99688738545,1,1,4784.766018717961,1,8.644712137159525
7869,76,72651.55654832226,Own,1,3816.578517606831,1,96356.92699917953,1,1,10095.024798461178,1,0.0
7870,29,5482.513143904325,Rent,0,0.0,0,0.0,0,0,0.0,0,0.0
7871,65,48048.20745821652,Mortgage,1,1088.7353518876362,1,8881.631799568431,0,0,0.0,1,3654.1262039174967
7872,41,27039.685366263915,Mortgage,1,1024.3761077234592,1,3305.4698097948326,0,0,0.0,1,7.4235993259739965
7873,46,41426.51048055317,Mortgage,1,1770.7628710254864,1,4230.169400155575,0,0,0.0,1,0.0
7874,70,48900.42272062739,Mortgage,1,1981.0885651729036,1,8769.715666223603,0,0,0.0,1,0.0
7875,28,1209.752527558434,Rent,0,0.0,0,0.0,0,0,0.0,0,0.0
7876,48,32001.279005340893,Mortgage,1,1179.001380318276,1,2876.2899527144937,0,0,0.0,1,0.0
7877,32,21511.269674728475,Rent,1,1079.9020619015141,1,0.0,0,0,0.0,0,0.0
7878,91,103676.25562538973,Own,1,4115.175287315628,1,92748.44691420218,0,1,7312.628202629136,1,4.457026017975114
7879,88,24274.733238550434,Mortgage,1,3872.3327961294203,1,94859.36040023914,1,0,0.0,1,10.141561488090073
7880,49,36864.4057074937,Mortgage,1,2669.7929127960224,1,8124.530865096908,1,0,0.0,1,0.0
7881,73,87543.42849804067,Own,1,6504.54392876456,1,94120.15364865714,1,1,11648.01694117872,1,6391.69134608728
7882,49,20956.268132352823,Rent,1,775.3230265598104,0,0.0,1,0,0.0,0,0.0
7883,29,6127.01326428987,Rent,0,0.0,0,0.0,0,0,0.0,0,0.0
7884,32,948.7984519531128,Rent,1,0.0,1,0.0,0,0,0.0,0,0.0
7885,56,33388.25777623515,Mortgage,1,1217.6560943178652,1,4432.088622030465,1,0,0.0,1,3885.1951220814008
7886,48,7190.773947102354,Rent,1,1102.0376093723685,0,0.0,0,0,0.0,0,0.0
7887,90,672497.5109061648,Own,1,2986.865553643986,1,96677.5101502279,1,1,16822.504575019004,1,10053.032445516037
7888,32,1197.5921698426264,Rent,1,515.2067262416557,1,989.2874304546579,0,0,0.0,0,0.0
7889,36,10724.357289314787,Rent,1,288.06635477571376,1,636.5890823891452,0,0,0.0,0,0.0
7890,40,15660.05252439057,Rent,1,894.2969656034959,1,1614.5129200769636,0,0,0.0,0,0.0
7891,28,10627.034357641696,Rent,1,1089.06324502897,1,249.7486856896769,0,0,0.0,0,0.0
7892,28,525.5206015037594,Rent,0,0.0,0,0.0,0,0,0.0,0,0.0
7893,59,33569.18808352277,Own,1,2130.1677163096138,1,8097.452402114478,0,0,0.0,1,4129.551874001898
7894,36,8870.967204497118,Rent,1,179.90337812577422,0,0.0,0,0,0.0,0,0.0
7895,31,525.5206015037594,Rent,0,0.0,0,0.0,0,0,0.0,0,0.0
7896,29,2772.4769617080365,Rent,0,0.0,0,0.0,0,0,0.0,0,0.0
7897,67,43264.594534504155,Own,1,1589.6551223674269,1,3803.224267136883,0,0,0.0,1,0.0
7898,30,17222.143416025792,Rent,1,871.2729268033613,1,2712.358810233929,0,0,0.0,0,0.0
7899,62,9395.098651303688,Mortgage,1,1283.8996178060645,1,9502.54571094941,1,0,0.0,1,0.0
7900,26,14975.710536674658,Rent,1,759.9268771855131,1,1820.9531916852359,0,0,0.0,0,0.0
7901,36,525.5206015037594,Rent,0,0.0,0,0.0,0,0,0.0,0,0.0
7902,63,39973.96190434985,Own,1,1641.6609713904218,1,2353.4163901481816,0,0,0.0,1,0.0
7903,65,37025.71616753749,Mortgage,1,1515.705817228611,1,708.9087719208728,1,0,0.0,1,0.0
7904,59,33542.7021126114,Mortgage,1,1358.5124420288748,1,1217.2809192825825,1,0,0.0,1,0.0
7905,37,27602.91347352087,Rent,1,1214.2050860445456,1,2664.3308615353244,0,0,0.0,0,0.0
7906,37,3493.411957096192,Rent,0,0.0,0,0.0,0,0,0.0,0,0.0
7907,72,33914.97634234148,Own,1,2135.9967449055885,1,36290.128141569236,0,0,0.0,1,0.0
7908,77,115438.80610268597,Own,1,6765.671170418221,1,90625.11718730743,1,1,7267.449022057963,1,6035.370216338466
7909,61,51738.61350079473,Mortgage,1,508.1972295438745,0,0.0,0,0,0.0,1,0.0
7910,33,2322.314921020661,Rent,1,0.0,0,0.0,0,0,0.0,0,0.0
7911,43,21715.355479220867,Rent,1,961.8090141828345,1,3798.7064628529683,0,0,0.0,0,0.0
7912,32,4448.669031678639,Rent,1,423.35697286183444,1,2836.0377428412553,0,0,0.0,0,0.0
7913,77,133675.80543043197,Own,1,2283.3839096508846,1,41777.46454670659,0,1,0.0,1,5028.207064084712
7914,46,10988.961795130308,Rent,1,391.91224649863034,1,1816.645555622049,0,0,0.0,0,0.0
7915,38,7914.272838350838,Rent,1,383.5131322184594,1,625.724436616727,0,0,0.0,0,0.0
7916,49,30024.0480844638,Mortgage,1,376.1418024245598,1,1685.8369550542682,0,0,0.0,1,0.0
7917,60,7770.036129310434,Mortgage,1,1812.9621250474138,1,1472.9803400623687,0,0,0.0,0,0.0
7918,78,42595.895782681255,Own,1,1676.4655295029866,1,41275.01549798599,0,1,6486.834975294124,1,5877.895744811936
7919,45,25899.091506475575,Mortgage,1,1878.3318573082836,1,9193.312289904952,1,0,0.0,1,0.0
7920,28,525.5206015037594,Rent,0,0.0,0,0.0,0,0,0.0,0,0.0
7921,76,67675.02291093218,Own,1,4094.1092580208406,1,8233.95987842427,0,0,0.0,1,3985.6102373576045
7922,47,24841.381021945075,Mortgage,1,1929.081281417038,1,3681.4314894908807,0,0,0.0,1,0.0
7923,66,60462.75243250432,Mortgage,1,2886.945771407516,1,1653.763561315254,1,0,0.0,1,19.06789817039601
7924,64,15727.210669134925,Own,1,2286.1638398848127,1,81815.62797449867,0,1,7299.898589797447,1,0.0
7925,77,76469.37342389103,Own,1,3092.473900262292,1,96758.46639356414,0,1,15971.923453114281,1,8054.555706686983
7926,30,20351.58270113624,Rent,1,1514.559978987847,1,2552.299720942201,0,0,0.0,0,0.0
7927,32,525.5206015037594,Rent,0,0.0,1,0.0,0,0,0.0,0,0.0
7928,74,46832.60969681904,Own,1,1913.2493072245175,1,41231.20912674815,0,0,0.0,1,3527.448092181879
7929,59,46154.91813546958,Mortgage,1,2329.6260981737873,1,8020.805492328031,1,0,0.0,1,3.3660092650881506
7930,68,78247.9115532298,Own,1,4785.887809697613,1,1165.847220009366,0,0,0.0,1,0.0
7931,59,45300.71635539227,Rent,1,9.859908694516093,1,1262.231788609099,0,0,0.0,0,0.0
7932,70,29813.015487308785,Own,1,2447.1821506970846,1,34396.61024448703,0,0,0.0,1,0.0
7933,65,86388.61911477492,Own,1,2061.552088066996,1,35546.33316583095,0,0,0.0,1,0.34002104478623496
7934,63,85796.6291580424,Mortgage,1,1421.3567581741945,1,8776.512592604699,1,0,0.0,1,6.9643665030056106
7935,90,83360.41638916208,Own,1,5029.509012554404,1,77718.17882011615,1,1,7814.966917624282,1,11029.55928321741
7936,81,24918.30209282403,Own,1,1081.960439809704,1,91293.72451758616,1,1,39.409807740869894,1,0.0
7937,44,26021.03212053989,Mortgage,1,1635.3544887374683,1,4487.309834549436,0,0,0.0,1,0.0
7938,27,8667.390969567663,Rent,1,1035.7762882804655,1,1468.5398090397193,0,0,0.0,0,0.0
7939,91,100188.67647303666,Own,1,6601.2931781095485,1,92462.69325363757,1,1,10421.511792897036,1,4305.4403911094005
7940,31,32628.94479774303,Rent,1,960.5377296758395,1,2812.9524449567357,0,0,0.0,0,0.0
7941,44,21808.42113987357,Rent,1,546.384392355789,0,0.0,0,0,0.0,0,0.0
7942,67,30372.68805859011,Mortgage,1,1752.8028293971897,1,8432.359065188624,1,0,0.0,1,0.0
7943,28,21034.58902040664,Own,1,3053.885242093267,1,3804.8738925979897,1,1,10731.95917432804,1,1.8435375233355122
7944,59,24954.50603028696,Mortgage,1,2417.92778124898,1,9411.749483641517,0,0,0.0,1,0.0
7945,39,23078.333567953123,Rent,1,221.41855432812315,1,0.0,0,0,0.0,0,0.0
7946,52,33625.90404827967,Mortgage,1,1244.4257739528962,1,4782.918439375286,0,0,0.0,1,0.0
7947,65,39237.7023643774,Own,1,2267.446345078328,1,36543.59129426239,0,0,0.0,1,0.0
7948,30,17144.342515166056,Rent,1,247.45871650065965,1,866.313148692645,0,0,0.0,0,0.0
7949,49,33884.11330163299,Mortgage,1,2027.271126683915,1,8259.028755955927,1,0,0.0,1,0.0
7950,48,16831.538355093166,Rent,1,883.9254957991858,1,3461.7052627363155,0,0,0.0,0,0.0
7951,26,525.5206015037594,Rent,1,50.07161101548684,0,0.0,0,0,0.0,0,0.0
7952,71,33866.004494806395,Own,1,1675.5188754825497,1,45497.83115874205,0,1,7626.232583562787,1,4.1041005286952785
7953,66,51579.486202901,Own,1,25417.62220605743,1,46497.33759570588,0,1,9379.187723372119,1,13.097563086471762
7954,47,22318.879158654294,Mortgage,1,1554.6420077033158,0,0.0,0,0,0.0,1,0.0
7955,91,409103.97905627685,Own,1,9506.210818615109,1,94720.18572448895,1,1,37681.33104521533,1,15.666548097889196
7956,59,27153.922772732243,Mortgage,1,1833.955490109021,1,8979.496497847389,0,0,0.0,1,2441.7563766693784
7957,70,26296.79103691315,Rent,1,2473.35571134818,1,0.0,0,0,0.0,0,0.0
7958,57,39724.967060732866,Own,1,1956.3953613077967,1,37127.630096572895,0,0,0.0,1,3954.416592290571
7959,43,17943.653262778535,Mortgage,1,2150.4339338402906,1,4938.566855274381,0,0,0.0,1,4407.528753398779
7960,41,16652.76476381211,Rent,1,201.06281255502927,0,0.0,0,0,0.0,0,0.0
7961,65,16525.996526261766,Mortgage,1,494.5760043183346,0,0.0,0,0,0.0,1,0.0
7962,69,29682.046573916174,Rent,1,418.79567128124046,1,2521.104905436921,0,0,0.0,1,0.0
7963,52,5775.483687589298,Rent,1,348.58308786088105,1,423.488290153389,0,0,0.0,0,0.0
7964,30,60210.7861078849,Rent,1,641.4618896311795,0,0.0,0,0,0.0,0,0.0
7965,69,53055.9378120179,Own,1,4351.167536442272,1,44307.50527103426,1,1,11243.229241862877,1,7522.846973983829
7966,63,47098.794899231376,Mortgage,1,2282.3819563004254,1,8418.438261237778,1,0,0.0,1,0.0
7967,39,19139.456217428105,Rent,1,487.14687106674074,1,290.9326956738644,0,0,0.0,0,0.0
7968,80,888423.8771518541,Own,1,3733.5948894474914,1,96092.82884686331,1,1,42148.7600447508,1,8987.857212953799
7969,67,22126.7055346667,Own,1,1058.1333634163143,1,33704.499734389174,0,0,0.0,0,0.0
7970,87,480654.03039904125,Own,1,6972.213004826115,1,93927.31375284457,1,1,11605.338927916817,1,10507.759668827799
7971,52,21992.03528233397,Mortgage,1,863.6098309792736,0,0.0,1,0,0.0,1,2552.4302933645904
7972,26,525.5206015037594,Rent,0,0.0,0,0.0,0,0,0.0,0,0.0
7973,29,24800.510837832222,Rent,1,432.0673569885764,1,1739.763821156789,0,0,0.0,0,0.0
7974,44,12256.27606464154,Rent,1,647.8915638638846,1,3367.0602316720165,0,0,0.0,0,0.0
7975,73,38812.05319172918,Own,1,2379.275586740321,1,41422.13275594272,0,0,0.0,1,0.0
7976,37,8558.921624045613,Rent,1,1099.1933896454882,1,1537.5288933745921,0,0,0.0,0,0.0
7977,35,21849.676343908373,Rent,1,490.4845183667909,1,3670.703141524638,0,0,0.0,0,0.0
7978,70,50056.4274014988,Mortgage,1,2180.422320354585,1,8325.159363114944,1,0,0.0,1,2736.6372021140087
7979,31,8108.685831427487,Rent,1,29.10063086276159,1,112.96785921871515,0,0,0.0,0,0.0
7980,91,88648.2126790354,Own,1,35208.8929373604,1,95237.45193636288,1,1,12456.188758363292,1,5.85740432590985
7981,78,79281.81076002668,Own,1,4010.9669055691297,1,92272.0887568847,1,1,7090.94952832858,1,0.0
7982,91,90350.44892657087,Own,1,10599.19212987478,1,95260.9852254867,1,1,9909.849222757066,1,0.0
7983,35,1826.7542115276028,Rent,0,0.0,0,0.0,0,0,0.0,0,0.0
7984,89,244522.4142862676,Own,1,3695.831919477539,1,73211.76917839995,1,1,4289.382789276864,1,0.0
7985,51,1242.01986834741,Mortgage,1,343.5422480860111,0,0.0,1,0,0.0,1,0.0
7986,44,7911.1601584388645,Rent,1,692.028966145773,1,263.0374458852875,0,0,0.0,0,0.0
7987,49,38511.77140988805,Rent,1,607.1799473342819,1,2578.605519424957,0,0,0.0,0,0.0
7988,42,32832.938749662455,Mortgage,1,1114.7981659364127,1,3101.3943786987675,0,0,0.0,1,0.0
7989,54,39673.00611086317,Mortgage,1,3340.971278271009,1,3169.4938945247122,1,0,0.0,1,12.570530546050316
7990,91,58972.059500420364,Own,1,8992.622652316642,1,95050.58213444076,1,1,17655.275363127526,1,0.0
7991,66,37095.7821479723,Mortgage,1,2085.29691739424,1,8831.268936984763,1,0,0.0,1,5009.655669797502
7992,45,16368.794638720025,Mortgage,1,1360.510479970967,1,3284.7234811058684,0,0,0.0,1,0.0
7993,54,29770.584188464065,Rent,1,1147.2850833225066,1,1675.4286586166963,0,0,0.0,0,0.0
7994,37,24032.0400549329,Own,1,1538.4278147792108,1,1328.9429429761883,0,0,0.0,1,0.0
7995,64,30073.89800209899,Mortgage,1,1627.3274357141315,1,1521.2223599576366,0,0,0.0,1,0.0
7996,76,113976.05831308647,Own,1,4243.518794873702,1,92165.28230326924,1,1,7521.803971735796,1,0.0
7997,33,525.5206015037594,Rent,0,0.0,0,0.0,0,0,0.0,0,0.0
7998,44,32908.69979170052,Mortgage,1,985.9906814158031,0,0.0,0,0,0.0,1,0.0
7999,72,115157.5353769707,Own,1,6691.394515962682,1,94129.27401996592,1,1,7150.437647854779,1,0.0
8000,72,65819.62760848909,Own,1,1804.6880591101058,1,38036.5193711702,0,0,0.0,1,0.0
8001,59,39236.40659638043,Own,1,2937.1429366739617,1,9858.50637970549,0,0,0.0,1,3853.845765335496
8002,62,50518.66303669286,Mortgage,1,1534.9804984599518,1,9643.603354281773,1,0,0.0,1,0.0
8003,29,525.5206015037594,Rent,0,0.0,0,0.0,0,0,0.0,0,0.0
8004,30,8421.008997886065,Rent,1,0.0,0,0.0,0,0,0.0,0,0.0
8005,86,616337.8433483097,Own,1,3957.3472022771734,1,96758.46639356414,1,1,29009.35212964922,1,8932.636987565289
8006,61,52664.154604005715,Mortgage,1,1763.4297002754233,1,8535.243704636101,1,0,0.0,1,4091.1307261126435
8007,64,525.5206015037594,Rent,1,1073.1080574396767,0,0.0,0,0,0.0,0,0.0
8008,34,10993.454274943559,Rent,1,176.84499599709932,0,0.0,0,0,0.0,0,0.0
8009,29,26315.448085922795,Rent,1,1065.4563838311471,1,2364.5436069304724,0,0,0.0,0,0.0
8010,81,127380.68006577133,Own,1,2996.2040520457194,1,35222.564700100025,0,1,3877.0704251308666,1,4910.116978151075
8011,35,46740.592206276764,Rent,1,1673.483999467967,1,3366.250813998501,0,0,0.0,1,6.084706345503136
8012,28,1304.5301465348493,Rent,0,0.0,0,0.0,0,0,0.0,0,0.0
8013,73,118123.07828730029,Own,1,3890.742529743684,1,74634.88422922141,0,1,15604.553708517324,1,0.0
8014,31,23447.447017402013,Rent,1,968.1417311267822,0,0.0,0,0,0.0,0,0.0
8015,83,32335.606438111252,Mortgage,1,1492.1266220083935,1,8941.609633793882,1,0,0.0,1,0.0
8016,74,57479.97615237508,Own,1,2143.797655356654,1,8887.930827193208,0,0,0.0,1,0.0
8017,80,34558.16943308144,Own,1,3625.0263659260236,1,39848.45999319833,0,0,0.0,1,6.173939344380684
8018,40,30560.11269363775,Own,1,926.0074667094264,1,2627.0880378108786,0,0,0.0,1,2587.4850644591747
8019,62,53625.48522022963,Own,1,2353.613108800523,1,8025.505177844021,0,0,0.0,1,3836.764427048383
8020,48,15699.305682903629,Rent,1,997.9752921833993,1,1967.6467635451027,0,0,0.0,0,0.0
8021,57,40235.73153440705,Own,1,2493.5316235090404,1,8890.470800259509,0,0,0.0,1,2685.339399236828
8022,49,17078.78889005174,Mortgage,1,988.5075181390022,1,2886.2417618639743,0,0,0.0,0,0.0
8023,71,25842.96523812034,Rent,1,1120.012593395585,1,4422.5366036890355,0,0,0.0,0,0.0
8024,61,26311.502535192558,Mortgage,1,1450.6953590889111,1,8113.100824293836,1,0,0.0,1,16.392698441015707
8025,69,54599.60535321009,Own,1,1286.5405592780307,1,35978.68183308777,0,0,0.0,1,8.872699012497298
8026,73,62384.21810973634,Own,1,3563.7926815181486,1,91856.33757107076,1,1,9454.743884251595,1,0.0
8027,72,24587.269703357248,Own,1,1091.0174124241632,1,7810.658040093954,1,0,0.0,1,0.0
8028,75,130971.90103619991,Own,1,4629.54554956528,1,95564.69060670426,1,1,14422.053920845821,1,0.0
8029,74,33222.867295288015,Own,1,1877.542094949733,1,8438.912874855041,0,0,0.0,1,0.0
8030,37,525.5206015037594,Rent,1,720.2835533679661,0,0.0,0,0,0.0,0,0.0
8031,64,35389.684978310754,Mortgage,1,1619.5502958473776,1,8644.56889270096,1,0,0.0,1,0.0
8032,43,12396.571400815796,Rent,1,1236.5635284947755,0,0.0,0,0,0.0,0,0.0
8033,30,611.6475981294934,Rent,1,424.056968006212,1,0.0,0,0,0.0,0,0.0
8034,85,69616.4910268567,Own,1,3108.8535134898766,1,95747.7929315617,0,1,6804.852542162434,1,0.0
8035,36,2117.245064312552,Rent,1,0.0,1,0.0,0,0,0.0,0,0.0
8036,60,27834.707617478947,Mortgage,1,1754.421297973447,1,3113.801525689252,0,0,0.0,1,5486.052591378135
8037,32,17320.34714247225,Rent,1,875.0104362289741,1,1252.7864977912725,0,0,0.0,0,0.0
8038,39,12553.494893754882,Rent,1,485.14304741854517,1,0.0,0,0,0.0,0,0.0
8039,86,74778.43091561973,Own,1,8214.498725185726,1,94744.6599605006,1,1,4526.221255100155,1,6071.160153416658
8040,31,25609.47311799963,Rent,1,505.8060695357619,0,0.0,0,0,0.0,0,0.0
8041,88,94045.42669536546,Own,1,5771.536532536253,1,45081.929599288036,1,1,8365.247357982935,1,0.0
8042,75,49196.295380069205,Own,1,2381.2904287544493,1,36808.719668008474,0,0,0.0,1,0.0
8043,68,36094.946297104856,Mortgage,1,1571.8610548922697,1,9424.918490905475,1,0,0.0,1,2700.1598504423755
8044,59,37709.75054818171,Mortgage,1,1543.1897214689789,1,7512.466006601702,1,0,0.0,1,0.0
8045,27,525.5206015037594,Rent,1,517.7176304269549,1,0.0,0,0,0.0,0,0.0
8046,73,130993.69289170337,Own,1,3445.0287126002618,1,73054.09726242008,0,0,0.0,1,3775.7520798126066
8047,70,42802.26582361115,Own,1,667.3473034365302,1,36986.80639257013,0,0,0.0,1,0.0
8048,38,7688.146515051638,Rent,0,0.0,0,0.0,0,0,0.0,0,0.0
8049,77,56423.00198380697,Own,1,1245.6749560447302,1,8485.372222094838,0,0,0.0,1,6324.488649400222
8050,57,47328.99661620295,Mortgage,1,1307.4399946743886,1,8256.584650164661,1,0,0.0,1,2710.4091398671612
8051,64,51709.8010107164,Mortgage,1,1449.2686173747516,1,4216.6306686798125,0,0,0.0,1,0.0
8052,30,15075.3360384692,Rent,1,141.46597007881144,1,0.0,0,0,0.0,0,0.0
8053,41,8982.255383655869,Rent,1,792.3627806560423,1,2606.2569138605822,0,0,0.0,0,0.0
8054,63,46641.585570142764,Mortgage,1,2025.9279831170695,1,1223.4959888815845,1,0,0.0,1,2340.457305258042
8055,37,7656.820527646489,Rent,1,599.5402865609019,1,1987.0492321928655,0,0,0.0,0,0.0
8056,59,43699.97584744217,Mortgage,1,2308.33487447021,1,436.1579161849154,0,0,0.0,1,0.0
8057,49,34256.97042794252,Mortgage,1,1077.6454243271305,1,9739.476761788197,0,0,0.0,1,5330.591639261546
8058,91,156635.98216226485,Own,1,2295.0283112677253,1,95035.04982732896,1,1,7173.287375499871,1,0.0
8059,61,32495.328010617483,Mortgage,1,1174.6881481869648,1,3001.185325383588,0,0,0.0,1,13.001138601651565
8060,26,525.5206015037594,Rent,0,0.0,0,0.0,0,0,0.0,0,0.0
8061,33,6151.221319291837,Rent,1,27.652498576174025,1,0.0,0,0,0.0,0,0.0
8062,91,110234.7831274858,Own,1,7701.28727450706,1,71997.68270396045,1,1,15650.030899721338,1,6938.760334070154
8063,62,39698.66590975466,Own,1,2040.306632238009,1,93996.50903455672,0,1,4862.392946247547,1,0.0
8064,88,557073.1152761311,Own,1,22622.086679476946,1,96754.56581929752,1,1,17571.90345913817,1,6.120113087117755
8065,51,31821.297687875096,Mortgage,1,1337.6707483629,1,8097.240989919132,1,0,0.0,1,2404.0942464963264
8066,29,525.5206015037594,Rent,0,0.0,0,0.0,0,0,0.0,0,0.0
8067,48,9218.861449807959,Rent,1,351.0191076076337,1,422.1506954887366,0,0,0.0,0,0.0
8068,31,2307.7666267753684,Rent,0,0.0,0,0.0,0,0,0.0,0,0.0
8069,66,98085.3348135302,Own,1,11737.261785806162,1,90252.09794583601,1,1,7884.826732821173,1,4.092280509283586
8070,39,23651.944028588696,Rent,1,1853.185396717331,1,1570.666412462022,0,0,0.0,0,0.0
8071,41,23312.73985210772,Mortgage,1,1584.726106868587,1,4649.2108433302055,0,0,0.0,1,0.0
8072,77,43376.672342574835,Own,1,2147.265690720948,1,34776.44600287715,0,0,0.0,1,0.0
8073,73,23136.11079138257,Own,1,2178.8385998971353,1,36500.16299294975,0,0,0.0,1,0.0
8074,67,15002.339925574412,Mortgage,1,1854.021166424331,1,8037.499026648918,1,0,0.0,1,0.0
8075,56,60137.75389653319,Mortgage,1,3332.455751434911,1,2389.9668955120087,1,0,0.0,1,0.0
8076,56,43733.879735473805,Own,1,1927.8419021595867,1,2336.3197295198197,0,0,0.0,1,3372.509581764112
8077,38,16916.06579861925,Rent,1,584.4414087322816,1,463.97591215622674,0,0,0.0,0,0.0
8078,84,196249.6960288982,Own,1,10674.204293043244,1,96406.44510788016,1,1,13205.812810804451,1,2.3331121341313055
8079,47,36770.59173709299,Mortgage,1,1907.1615254740916,1,1850.664412008115,1,0,0.0,1,7.415845637545192
8080,73,102280.81170312833,Own,1,4535.516285624416,1,8301.470165110513,0,0,0.0,1,3737.966642342038
8081,89,486115.6252001674,Own,1,3587.043808892629,1,79371.97904758256,1,1,19962.074236569963,1,8790.711755280352
8082,73,42882.20498876173,Own,1,1960.7261358855644,1,39722.79826685723,0,0,0.0,1,10.203287616440717
8083,76,22850.25147072511,Own,1,7409.146179663963,1,9483.15104443768,1,0,0.0,1,0.0
8084,55,45303.21236217661,Mortgage,1,1033.2805589804045,1,2058.409238478834,1,0,0.0,1,0.0
8085,59,57618.028107591075,Mortgage,1,2318.205535718526,1,9254.72282266251,0,0,0.0,1,3306.541552151066
8086,60,34176.64822335967,Mortgage,1,3745.5320222408063,1,8176.4534853214145,1,0,0.0,1,5075.779775461086
8087,40,40976.20864815918,Mortgage,1,849.7126577797644,1,3551.5431750212742,0,0,0.0,1,2607.6186056641286
8088,46,5374.607681254387,Mortgage,1,737.6006714442315,0,0.0,0,0,0.0,1,0.0
8089,45,11976.843936402061,Mortgage,1,1022.835051583322,1,1715.9555053255622,0,0,0.0,1,0.0
8090,47,34083.20690362838,Mortgage,1,910.7057115993629,0,0.0,0,0,0.0,1,0.0
8091,78,125735.4980315722,Own,1,3947.0309193172693,1,43872.24984205008,0,0,0.0,1,0.0
8092,34,11190.071271097117,Rent,1,0.0,1,1410.8742029705231,0,0,0.0,0,0.0
8093,85,36728.76443596457,Own,1,2180.476553597123,1,40257.368364463146,0,0,0.0,1,0.7420302873259064
8094,49,9999.48208250821,Rent,1,1199.064215008674,1,936.5364087427477,0,0,0.0,0,0.0
8095,50,43384.02482575865,Mortgage,1,1470.5770251419435,1,8975.480235127958,1,0,0.0,1,4507.784887368436
8096,72,489474.7008287623,Own,1,6448.541453404651,1,94126.88953583455,1,1,13534.874676726702,1,11233.951637366732
8097,65,29382.245295834477,Mortgage,1,1824.360295707251,1,7936.019213020744,1,0,0.0,1,5019.330136492998
8098,43,24491.50012029489,Mortgage,1,1198.5740085893328,0,0.0,0,0,0.0,0,0.0
8099,62,34927.09242210299,Mortgage,1,1477.7682391049848,1,9050.013765811806,0,0,0.0,1,3684.9280800241286
8100,38,10131.334921340465,Rent,1,438.43271157625514,1,2210.8861897454212,0,0,0.0,0,0.0
8101,37,24137.34753833477,Mortgage,1,1260.2578927796292,0,0.0,1,0,0.0,1,1.7892734690341678
8102,67,17394.3978647243,Own,1,1286.9454191944926,0,0.0,0,0,0.0,0,0.0
8103,34,20113.673780994875,Rent,1,1070.058068042078,1,1240.5739568452332,0,0,0.0,0,0.0
8104,71,106869.70918842198,Mortgage,1,1423.6977596267068,1,8894.296118695747,1,1,24.724909399304867,1,11.632456398797723
8105,43,22390.951113381772,Mortgage,1,1653.2673075063808,1,2973.0660395249415,0,0,0.0,1,3.2536513710722152
8106,90,53082.01913796895,Own,1,4895.549577057275,1,96709.864642534,1,1,10475.676203042516,1,2.5302717400201673
8107,49,33206.15412326565,Mortgage,1,2543.1254221986514,1,3261.599850128221,1,0,0.0,1,19.453269701821977
8108,76,22650.24673397809,Rent,1,535.5275968081651,1,1478.755771761173,0,0,0.0,1,0.0
8109,63,40935.892704195234,Rent,1,1721.3040713554572,1,8537.35662538391,0,0,0.0,1,0.0
8110,30,4987.1161985409635,Rent,1,514.6394189935189,1,1146.6792074967095,0,0,0.0,0,0.0
8111,65,40985.363122501985,Own,1,1963.2889785327861,1,3122.7487183164085,0,0,0.0,1,0.0
8112,39,10600.056249807618,Rent,1,447.8252710697726,0,0.0,0,0,0.0,0,0.0
8113,46,60888.54816346072,Mortgage,1,2181.036851179916,1,8456.956437889872,1,0,0.0,1,3665.0983994985363
8114,33,6707.788232164125,Rent,1,84.94080807276237,1,0.0,0,0,0.0,0,0.0
8115,48,51520.88528583306,Mortgage,1,847.9431933895074,1,3015.549201202809,0,0,0.0,1,0.0
8116,89,501507.49018649117,Own,1,31996.717296086706,1,95836.32746314707,1,1,19642.64732787067,1,3.0114557415385277
8117,51,22618.598036363102,Mortgage,1,597.302116583711,1,2363.036467727571,1,0,0.0,1,0.0
8118,73,13202.566182037273,Rent,1,1169.745597931671,1,2292.43138600601,0,0,0.0,0,0.0
8119,56,41558.22172331469,Mortgage,1,2055.675032757603,1,7986.403531350164,1,0,0.0,1,0.0
8120,87,170473.04418504075,Own,1,6355.635714219827,1,93050.624836867,1,1,7672.104382924558,1,10663.483801185052
8121,40,39670.326802304844,Rent,1,945.2870954045728,1,0.0,0,0,0.0,0,0.0
8122,63,77075.5827223174,Own,1,2532.22544820621,1,7593.4952939470695,0,0,0.0,1,0.0
8123,67,20183.73898629329,Mortgage,1,2123.7525929247813,1,1977.512064513791,1,0,0.0,1,0.0
8124,56,15066.556783143245,Mortgage,1,1033.4480971530734,1,3363.8841800941077,0,0,0.0,1,0.0
8125,51,36732.53273668796,Mortgage,1,1728.9702027639614,1,9783.392777327457,0,0,0.0,1,4140.921329868117
8126,50,67979.21200900423,Mortgage,1,1703.6745203914863,1,7929.117527874396,1,0,0.0,1,4.05293935151698
8127,57,50561.65444697168,Mortgage,1,1381.9999326147663,1,8285.299344913767,1,0,0.0,1,0.0
8128,37,3167.863966078774,Mortgage,1,253.21831685734878,1,2404.5694534374893,0,0,0.0,1,0.0
8129,33,17500.09666742848,Rent,1,853.6992567567574,0,0.0,0,0,0.0,0,0.0
8130,72,18471.456228299463,Own,1,1431.660060945504,1,36192.379951840245,0,0,0.0,0,0.0
8131,37,9675.937008098328,Mortgage,1,480.2425494742426,1,3329.4406576351566,0,0,0.0,0,0.0
8132,90,133342.90968752123,Own,1,11769.504506785492,1,91549.93545796786,1,1,10375.806127242355,1,8221.75445411748
8133,72,68726.3188874952,Mortgage,1,1378.2478414118923,1,8666.688952596704,1,0,0.0,1,7.115510861685162
8134,57,45443.006704856714,Mortgage,1,1476.648530586415,1,2577.2212505790403,0,0,0.0,1,2446.1950384509996
8135,40,45540.5950996481,Mortgage,1,1060.165476132449,1,4275.264108732334,0,0,0.0,1,3021.572489969303
8136,42,16855.284480556424,Rent,1,720.097805089164,1,1920.25531737481,0,0,0.0,0,0.0
8137,34,525.5206015037594,Rent,1,336.41433704519284,0,0.0,0,0,0.0,0,0.0
8138,46,29190.142178983027,Mortgage,1,2175.9176468529536,1,3607.3333067231074,0,0,0.0,1,2735.2188975084973
8139,91,754377.3011910231,Own,1,11763.7069611263,1,94286.02070646717,1,1,17143.02712568442,1,11.629625861970732
8140,37,525.5206015037594,Rent,0,0.0,0,0.0,0,0,0.0,0,0.0
8141,47,26559.876030702617,Mortgage,1,1475.6109846914173,1,1557.5659124615809,0,0,0.0,1,0.0
8142,91,73858.79198482614,Own,1,10040.013988239547,1,96075.76938361791,1,1,13137.091562303413,1,9.166210762815219
8143,61,49560.97717946143,Mortgage,1,8241.502592559842,1,8631.846488958072,1,0,0.0,1,1.3905228450954377
8144,74,57291.66942661187,Own,1,3510.438311873464,1,93804.20734651318,1,1,8141.37391361969,1,6.422951991949949
8145,31,4923.820781689159,Rent,1,745.725904707718,1,213.50082675342878,0,0,0.0,0,0.0
8146,38,26561.94501375512,Rent,1,734.7468148009752,1,745.591183579239,0,0,0.0,0,0.0
8147,75,45540.92764968983,Own,1,3420.9389959189934,1,43767.67487493658,0,0,0.0,1,3800.373589318164
8148,59,46310.01103199924,Own,1,3414.910214618763,1,41078.36901931759,0,0,0.0,1,2415.8053963982534
8149,55,36624.06033979096,Own,1,1599.2605610601079,1,35268.60359722406,0,0,0.0,1,4.215829136402135
8150,63,34022.79271586556,Mortgage,1,1841.5721344961864,1,9264.253061889578,0,0,0.0,1,5.3283497589153175
8151,29,525.5206015037594,Rent,0,0.0,0,0.0,0,0,0.0,0,0.0
8152,38,14257.076514417327,Rent,1,1136.5437812553678,0,0.0,0,0,0.0,0,0.0
8153,32,7605.190691778216,Rent,1,0.0,1,329.87321801713233,0,0,0.0,0,0.0
8154,89,190749.40430060148,Own,1,10498.538698163447,1,94845.13055184574,1,1,4779.4737160471395,1,4382.10251157832
8155,76,55060.08410289457,Rent,1,1840.6931300268604,1,3600.695824287558,0,0,0.0,1,0.0
8156,40,65812.20270598665,Mortgage,1,1394.4016027915618,1,3508.3938831071528,0,0,0.0,1,0.0
8157,32,22454.39802185096,Rent,1,213.5957015126951,1,1358.3398598222766,0,0,0.0,0,0.0
8158,83,177224.13946952915,Own,1,5891.106394131207,1,93061.85172376182,1,1,4966.918461537217,1,0.0
8159,31,4063.1961451170846,Rent,1,0.0,0,0.0,0,0,0.0,0,0.0
8160,36,4771.7942427347225,Rent,0,0.0,0,0.0,0,0,0.0,0,0.0
8161,44,17947.50248377076,Own,1,1501.5819735718337,1,2303.0824587400666,0,0,0.0,1,11.913802948391217
8162,51,14342.871581568616,Mortgage,1,288.82530590071497,0,0.0,0,0,0.0,0,0.0
8163,49,21799.502382767583,Rent,1,872.9346243986462,1,1933.6128702553187,0,0,0.0,0,0.0
8164,90,59179.197741208496,Own,1,2722.0950211207346,1,96758.46639356414,1,1,20077.32794389241,1,11.614267671525297
8165,55,31708.185796522655,Mortgage,1,2068.2595938609957,1,8744.19487951662,0,0,0.0,1,0.0
8166,53,22147.173630114583,Mortgage,1,2309.9731026085597,1,3628.5334096196757,0,0,0.0,1,0.0
8167,44,19143.478906723292,Rent,1,1601.7036958047174,1,2026.0292034161848,0,0,0.0,0,0.0
8168,31,47885.67716365006,Own,1,1704.3412156163158,1,37453.891473097676,0,0,0.0,1,0.0
8169,43,24062.00778410507,Rent,1,807.0829955985866,1,1770.0687923407934,0,0,0.0,0,0.0
8170,44,26541.166741069348,Mortgage,1,1218.8772071375902,1,4492.763218297733,0,0,0.0,1,0.0
8171,49,35126.83910045642,Mortgage,1,1230.704131473141,1,4722.214964895373,0,0,0.0,1,0.0
8172,50,28977.98078582561,Rent,1,1564.2415504779751,1,2454.9767644759027,0,0,0.0,0,0.0
8173,50,14505.128938294223,Rent,1,303.84143849337227,1,2378.850255145177,0,0,0.0,0,0.0
8174,37,28159.202379754963,Own,1,1957.1461085587703,1,34528.120707951515,0,0,0.0,1,0.0
8175,86,64593.159720167154,Own,1,12042.993553817809,1,68916.98688121751,1,1,7017.153488865492,1,27.97211621490743
8176,64,28899.580290097118,Mortgage,1,2037.0118730336023,1,8865.064605213416,1,0,0.0,1,0.0
8177,42,2435.8487593621758,Mortgage,1,1097.0011876020617,1,2517.821450407482,0,0,0.0,0,0.0
8178,37,29233.878635447883,Mortgage,1,1437.0623867858194,1,3295.2432437654943,0,0,0.0,1,5499.594025746614
8179,76,54971.20400931514,Own,1,1652.534472636214,1,36341.60204321789,0,0,0.0,1,0.0
8180,45,25013.050545605205,Mortgage,1,1564.142461074155,1,4070.019845774809,0,0,0.0,0,0.0
8181,61,12848.726158248945,Own,1,2380.320294568731,0,0.0,1,1,30.746562099665127,1,0.0
8182,40,26129.254031976547,Rent,1,479.97288866061297,1,2598.5181046848506,0,0,0.0,0,0.0
8183,69,21594.99902218898,Mortgage,1,582.7274002730467,1,1563.3361288294961,0,0,0.0,1,0.0
8184,79,117899.54394330959,Own,1,3912.80506794077,1,40621.31240781297,1,1,4304.760033232841,1,13.188657911748246
8185,76,138485.07240438776,Own,1,2619.940635390322,1,36339.65814085895,0,0,0.0,1,3717.6279680266643
8186,88,104236.07640832022,Own,1,41764.313806615784,1,78415.84343215062,1,1,11556.225030460017,1,7331.339453056814
8187,31,16822.37385784359,Rent,1,316.5612725805746,1,1457.8485704964128,0,0,0.0,0,0.0
8188,61,45662.66361808062,Mortgage,1,3015.2527145605454,1,9808.795368756584,1,0,0.0,1,9910.833423214322
8189,50,11961.354869496807,Rent,1,705.6433944412161,0,0.0,0,0,0.0,0,0.0
8190,35,18692.70941378594,Rent,1,489.5530434248067,1,2337.2240130415603,0,0,0.0,0,0.0
8191,29,525.5206015037594,Rent,1,108.89579029902961,1,1252.8619122319365,0,0,0.0,0,0.0
8192,88,114036.79454448576,Own,1,27504.093534772466,1,95585.29841411118,1,1,24462.967588151267,1,5.295714980939017
8193,29,525.5206015037594,Rent,0,0.0,0,0.0,0,0,0.0,0,0.0
8194,70,38390.14476330158,Own,1,1675.7362623315312,1,8921.669540887924,0,0,0.0,1,0.0
8195,88,636991.8520517931,Own,1,3241.716215916158,1,45380.08778112145,1,1,9918.983788416268,1,0.0
8196,77,45829.33662637317,Own,1,1973.3540899161803,1,41050.93120238532,0,0,0.0,1,0.0
8197,56,50518.190715119184,Mortgage,1,2413.46558236159,1,8318.962248306825,1,0,0.0,1,0.0
8198,79,136061.79480850618,Own,1,2916.360714443597,1,46143.342876767616,1,1,4240.2224410014305,1,3919.037991835428
8199,51,25331.70760510768,Mortgage,1,2299.2048168087804,1,9123.43774599285,0,0,0.0,1,12.428070538686265
8200,45,20343.250475133067,Rent,1,381.9920974702384,1,2927.1458187294047,0,0,0.0,0,0.0
8201,45,41312.563729227884,Rent,1,1050.7222609930648,1,1491.9278963882552,0,0,0.0,0,0.0
8202,70,32188.167513317952,Mortgage,1,2001.415771351962,1,7694.055173707275,1,0,0.0,1,3691.3920448956774
8203,55,35557.52692860578,Mortgage,1,1935.931199830582,1,9784.242409053912,1,0,0.0,1,3987.543632970628
8204,27,525.5206015037594,Rent,0,0.0,0,0.0,0,0,0.0,0,0.0
8205,58,32226.154050326815,Own,1,1507.9240752416263,1,516.1597620930468,0,0,0.0,1,0.0
8206,41,22191.56858910941,Mortgage,1,529.4624892195525,1,2611.3005764708823,0,0,0.0,1,0.0
8207,62,11892.500763817126,Mortgage,1,1374.4160184657812,0,0.0,0,0,0.0,1,0.0
8208,75,41059.147597832954,Own,1,1981.0597702554956,1,40489.728368940356,0,0,0.0,1,0.0
8209,31,13998.262406251488,Rent,1,304.1701143913656,1,1749.3054954026798,0,0,0.0,0,0.0
8210,67,52419.53427602447,Mortgage,1,1507.9398281771419,1,9231.023414410009,1,0,0.0,1,0.0
8211,66,32527.387041819155,Mortgage,1,947.4217527714641,1,8726.576411901926,1,0,0.0,1,2383.015967901954
8212,30,5245.634718259938,Rent,1,629.2665923231223,0,0.0,0,0,0.0,0,0.0
8213,62,22498.028742994073,Mortgage,1,1320.2802648785396,0,0.0,1,0,0.0,1,0.0
8214,88,411956.33248663635,Own,1,6741.725251637488,1,9995.946181267906,1,1,10920.74883423963,1,0.13912719474033092
8215,56,25367.971383539843,Mortgage,1,1877.646465970016,1,9981.851992763906,1,0,0.0,1,0.0
8216,46,13632.658115616858,Mortgage,1,1599.016416470793,0,0.0,0,0,0.0,1,3774.453793292989
8217,67,32058.085817253454,Own,1,1788.3142140674236,1,3045.7960939764766,0,0,0.0,1,7.055942429430085
8218,40,11169.790495576191,Rent,1,1391.3728048949852,1,4093.0383563796768,0,0,0.0,1,0.0
8219,51,6034.853548493153,Mortgage,1,636.1435577971334,1,2930.4819880404793,0,0,0.0,0,0.0
8220,30,2064.0983777110578,Rent,0,0.0,0,0.0,0,0,0.0,0,0.0
8221,28,525.5206015037594,Rent,0,0.0,0,0.0,0,0,0.0,0,0.0
8222,59,77173.51706192223,Mortgage,1,1774.128083457704,1,8282.481411278275,1,0,0.0,1,0.0
8223,61,32784.29152028155,Mortgage,1,1520.872689388057,0,0.0,0,0,0.0,1,0.0
8224,78,84758.32497132983,Own,1,6702.682649366024,1,95558.99254638367,1,1,9992.754676570734,1,17957.096737893127
8225,65,41147.35126839171,Mortgage,1,2325.2920831122788,1,8325.711190670889,1,0,0.0,1,3853.8325840299894
8226,61,34896.085641062695,Mortgage,1,2383.806184111877,1,9518.33789847931,1,0,0.0,1,9.816369152083126
8227,29,7943.739347942903,Rent,1,578.1994036499278,1,0.0,0,0,0.0,0,0.0
8228,41,37023.0852359507,Rent,1,1301.4502044089172,1,337.7179752851139,0,0,0.0,1,3535.957930203808
8229,61,46448.75047092882,Mortgage,1,2022.228005115266,1,9184.187773693326,1,0,0.0,1,3360.6059179380727
8230,63,35688.283963110414,Mortgage,1,1076.3812373353508,1,2981.086457258372,1,0,0.0,1,0.0
8231,58,21273.03972545219,Mortgage,1,1942.3637922727135,1,9447.623553760724,0,0,0.0,1,3609.0281048818456
8232,30,525.5206015037594,Rent,1,508.82331546141506,0,0.0,0,0,0.0,0,0.0
8233,26,1358.3911234892785,Rent,0,0.0,0,0.0,0,0,0.0,0,0.0
8234,71,52831.48463228972,Own,1,1752.5962406422366,1,80377.54303354035,0,0,0.0,1,0.0
8235,48,24435.81753114926,Mortgage,1,875.4410878960134,1,3162.0433156624445,1,0,0.0,1,0.0
8236,40,11697.016915934943,Rent,1,540.3194325265263,1,90.60189485540513,0,0,0.0,0,0.0
8237,37,6488.717123090775,Rent,1,0.0,1,1214.9089511860443,0,0,0.0,0,0.0
8238,59,35109.67987030309,Mortgage,1,946.6793950214603,1,1810.3352982839165,1,0,0.0,1,0.0
8239,42,9586.574639155337,Mortgage,1,1209.441235947062,1,4685.046865845365,0,0,0.0,1,2461.6891015439146
8240,79,103433.03413271201,Own,1,4168.712444284578,1,43265.60520762904,1,1,4069.6374081143163,1,6266.593905109224
8241,31,525.5206015037594,Rent,1,0.0,0,0.0,0,0,0.0,0,0.0
8242,70,40553.830738573255,Own,1,2493.2045352023524,1,37645.13991274197,0,0,0.0,1,0.0
8243,30,16402.917395061537,Rent,1,1286.6918803689264,1,1742.4393324711416,0,0,0.0,0,0.0
8244,91,754311.7113731196,Own,1,8807.611668287322,0,0.0,1,1,18189.090245893254,1,15239.410392380518
8245,71,38560.93506854312,Own,1,2013.6340627947743,1,8849.283473517145,0,0,0.0,1,0.0
8246,29,6560.996338121353,Rent,0,0.0,0,0.0,0,0,0.0,0,0.0
8247,33,525.5206015037594,Rent,0,0.0,0,0.0,0,0,0.0,0,0.0
8248,31,525.5206015037594,Rent,1,291.06776089905406,1,0.0,0,0,0.0,0,0.0
8249,30,8760.12211764673,Rent,1,418.58056321960646,1,1228.6745697656088,0,0,0.0,0,0.0
8250,70,57162.97458881773,Own,1,1799.8331125378254,1,1286.7205129315917,0,0,0.0,1,7.604263069868195
8251,71,37173.0520105982,Mortgage,1,2014.7053012764165,1,75385.638411755,1,0,0.0,1,3785.2009777427306
8252,43,41723.50344481913,Mortgage,1,1437.0646918316784,1,3544.063534008702,0,0,0.0,1,3706.1687688532434
8253,44,15501.252245345619,Mortgage,1,2208.708724587881,1,2915.320374589163,0,0,0.0,1,3.8780913745699284
8254,88,117837.36536207247,Own,1,4277.442876275238,1,72974.68710496799,1,1,7123.659345271024,1,0.0
8255,53,18134.810755912134,Mortgage,1,1649.6494287962196,1,8886.867831312216,0,0,0.0,1,0.0
8256,43,19228.853139441017,Rent,0,0.0,0,0.0,0,0,0.0,0,0.0
8257,50,39437.56865836508,Mortgage,1,2011.7979540418164,1,9088.876688486995,1,0,0.0,1,2365.275450711778
8258,72,107832.58448107154,Own,1,4426.229560453544,1,8072.8978618780475,0,0,0.0,1,5339.714390110604
8259,29,4202.730152305407,Rent,0,0.0,0,0.0,0,0,0.0,0,0.0
8260,57,20266.610925133424,Mortgage,1,1111.3911899493735,0,0.0,0,0,0.0,1,3.750926979458285
8261,78,79761.30925753791,Own,1,1943.2229426768329,1,33700.66525327561,0,0,0.0,1,0.0
8262,39,34100.70438985323,Rent,1,968.3037468573154,1,2411.143868247813,0,0,0.0,0,0.0
8263,42,10579.333118714563,Mortgage,1,1468.100243003045,1,4263.268982100598,0,0,0.0,1,8.120524151080309
8264,49,15843.89808531084,Mortgage,1,1829.9508439633803,1,2061.667820585634,0,0,0.0,1,0.0
8265,53,17753.470554434734,Rent,1,636.0491839003306,0,0.0,0,0,0.0,0,0.0
8266,29,6735.4585628442965,Rent,1,748.0169490351368,1,917.8269137335178,0,0,0.0,0,0.0
8267,29,29127.610146405845,Rent,1,722.4823159265296,1,749.7556241739946,0,0,0.0,0,0.0
8268,85,30621.81047856804,Own,1,6259.9552265296325,1,96758.46639356414,1,1,16067.883201210236,1,4095.1545238245694
8269,33,1886.5618008511756,Rent,0,0.0,0,0.0,0,0,0.0,0,0.0
8270,68,31147.124173379423,Mortgage,1,1552.602619528821,1,7229.938516733131,1,0,0.0,1,0.0
8271,49,19483.08548149949,Rent,1,1922.8906374847215,1,2723.18911939297,0,0,0.0,0,0.0
8272,72,98063.72669754343,Own,1,1603.460354651762,1,42404.01710029753,0,1,11523.757107693888,1,0.33928712773841546
8273,44,38868.24314622415,Own,1,1729.9515291566156,1,39583.11054270098,0,0,0.0,1,0.0
8274,34,14825.95054721427,Rent,1,584.7705870120647,1,2877.158598314579,0,0,0.0,0,0.0
8275,72,101757.86382494285,Own,1,3970.016903402875,1,86292.86915189165,0,1,4396.125770361223,1,3774.1048490608314
8276,79,87234.15582858883,Own,1,3634.628424180876,1,82904.12107054816,1,1,15568.207349528777,1,6028.227004700169
8277,31,4346.07370804271,Rent,1,285.82064907167614,0,0.0,0,0,0.0,0,0.0
8278,86,865215.1423509949,Own,1,13154.014139503597,1,72375.85676531061,1,1,18924.51754856587,1,13018.818810244316
8279,76,114198.86285369084,Own,1,4642.404224663146,1,40376.8515552577,0,1,8596.767789769534,1,6262.900200689532
8280,45,34459.77470440065,Mortgage,1,1397.4466747315018,1,3656.7297653579276,0,0,0.0,1,2470.955664677183
8281,72,105364.41583382216,Own,1,1669.8433845950135,1,35906.14542895646,0,0,0.0,1,0.0
8282,30,1859.5163290488545,Rent,0,0.0,1,0.0,0,0,0.0,0,0.0
8283,61,70517.95896178434,Own,1,2491.9020507344276,1,8079.882809542719,0,0,0.0,1,0.0
8284,41,1305.0365377444086,Rent,0,0.0,0,0.0,0,0,0.0,0,0.0
8285,60,44960.96922053458,Mortgage,1,1430.4628341448793,1,8469.526580913274,1,0,0.0,1,2767.1126526634625
8286,41,29733.561312563223,Rent,1,1035.1314598467152,1,585.1432209565701,0,0,0.0,0,0.0
8287,36,43594.49527025714,Rent,1,1331.009472756678,1,3656.972976879947,0,0,0.0,0,0.0
8288,43,12594.5901083651,Rent,1,974.3075786435106,1,8062.903830825305,0,0,0.0,0,0.0
8289,45,16842.45476599667,Rent,1,789.2290117070311,1,645.3659437499659,0,0,0.0,0,0.0
8290,64,29826.14503906849,Mortgage,1,10316.148054521982,1,95501.9258142089,1,1,9.034261214134366,1,3882.056337721861
8291,67,66036.70171278971,Mortgage,1,1317.1891600496733,1,8378.561931928227,1,0,0.0,1,0.0
8292,32,12243.05646659748,Rent,1,827.7685214647984,1,1976.8706968850356,0,0,0.0,0,0.0
8293,57,96307.51523347349,Mortgage,1,1942.4425877486856,1,8581.968123192297,0,0,0.0,1,0.0
8294,63,71890.57515257061,Mortgage,1,2033.101569692988,1,2368.4574554554733,0,0,0.0,1,3320.3157120979668
8295,38,16676.752361517138,Mortgage,1,638.4041871955144,0,0.0,0,0,0.0,0,0.0
8296,29,525.5206015037594,Rent,0,0.0,0,0.0,0,0,0.0,0,0.0
8297,89,427424.66176390264,Own,1,31176.434247055,1,95187.57322308904,1,1,18793.70790650911,1,34.4888970966067
8298,61,38640.28065025553,Mortgage,1,2289.501647404098,1,9680.32370539587,0,0,0.0,1,0.0
8299,89,526448.4606190468,Own,1,6869.372863926168,1,92800.05062620588,1,1,7769.328853875313,1,9008.911310599273
8300,72,52104.79737344083,Own,1,2028.563203604712,1,8446.366924938813,0,0,0.0,1,0.0
8301,31,14407.884694704728,Rent,0,0.0,0,0.0,0,0,0.0,0,0.0
8302,31,9957.546850828461,Rent,0,0.0,0,0.0,0,0,0.0,0,0.0
8303,77,119352.12326227076,Mortgage,1,1164.3631680916235,1,1599.6657020712687,0,0,0.0,0,0.0
8304,29,525.5206015037594,Rent,0,0.0,0,0.0,0,0,0.0,0,0.0
8305,50,26217.29936491485,Mortgage,1,904.6959823681135,1,4244.757128107205,0,0,0.0,1,0.0
8306,56,46356.96241378739,Mortgage,1,1610.745641835873,1,1600.9698660661877,1,0,0.0,1,0.0
8307,55,61520.04307496365,Mortgage,1,2940.5704261361275,1,8287.26935379926,1,0,0.0,1,4554.017300879284
8308,38,13044.247790376441,Rent,0,0.0,0,0.0,0,0,0.0,0,0.0
8309,61,43201.261118001945,Mortgage,1,1374.4900256243695,1,3275.6123130477145,1,0,0.0,1,0.0
8310,62,35812.31129139386,Mortgage,1,2422.9254304920446,1,8717.262614918887,1,0,0.0,1,0.0
8311,68,26692.056903754437,Mortgage,1,1039.332055642813,0,0.0,1,0,0.0,1,0.0
8312,30,4337.676440966752,Rent,1,955.7958891773861,1,448.2610142231622,0,0,0.0,0,0.0
8313,57,38287.69662615483,Mortgage,1,2268.040145251977,1,7699.5986745854925,1,0,0.0,1,4309.718517852141
8314,54,19569.872049742935,Mortgage,1,797.5916663676057,1,2665.4142543536414,1,0,0.0,1,2.001535320558983
8315,59,33444.475695477384,Mortgage,1,1642.8742845012114,1,9115.454343543157,1,0,0.0,1,0.0
8316,64,44805.70685290243,Mortgage,1,1904.4444854108297,1,9175.180627918502,1,0,0.0,1,0.0
8317,88,68727.95101401675,Own,1,37457.24567054126,1,42274.62862760551,1,1,6305.938599920311,1,7.084869074000383
8318,76,117718.30498431821,Own,1,8243.515957031535,1,39906.984328472434,0,1,8736.463552324576,1,6006.982581469574
8319,88,92337.04470719816,Own,1,5989.247698575162,1,92347.29035473886,1,1,12581.109108375074,1,13762.534219233554
8320,90,580892.817919368,Mortgage,1,34953.7284905245,0,0.0,1,1,37604.22397915587,1,0.0
8321,56,36317.162751940086,Mortgage,1,957.4980464928988,1,2686.3375770560906,0,0,0.0,1,2237.379851037641
8322,65,37912.675485131156,Mortgage,1,2089.9234204181316,1,9112.471497015453,1,0,0.0,1,0.0
8323,32,9226.316202052363,Rent,1,271.4927204272717,1,0.0,0,0,0.0,0,0.0
8324,30,525.5206015037594,Rent,1,144.0599150187735,0,0.0,0,0,0.0,0,0.0
8325,29,525.5206015037594,Rent,0,0.0,0,0.0,0,0,0.0,0,0.0
8326,41,50430.425073597326,Rent,1,2054.883235860808,1,1414.4642062526127,0,0,0.0,0,0.0
8327,38,878.2741844400698,Rent,1,0.0,1,0.0,0,0,0.0,0,0.0
8328,42,27895.51318412696,Rent,1,1526.1889944500963,1,3776.0805670697264,0,0,0.0,1,20.82025778783419
8329,56,25198.962828203155,Mortgage,1,975.0228742685738,1,3743.002597913748,0,0,0.0,1,0.0
8330,34,525.5206015037594,Rent,1,549.1210728277874,1,0.0,0,0,0.0,0,0.0
8331,78,53066.32833220887,Own,1,4101.376310958466,0,0.0,1,1,10127.114172868562,1,5.257623885156317
8332,42,19010.92939554231,Rent,1,914.5026265329018,1,0.0,0,0,0.0,0,0.0
8333,50,34479.95433763214,Mortgage,1,1975.9516595715668,1,8337.696504593498,1,0,0.0,1,5562.308020308528
8334,60,62615.395900714284,Mortgage,1,1952.884524114291,1,7919.01349167216,1,0,0.0,1,2293.536960568736
8335,47,41589.94421619044,Mortgage,1,1538.427983664357,0,0.0,0,0,0.0,1,0.0
8336,79,103771.07087255688,Own,1,4333.134682633036,1,45489.10029926408,1,1,4090.8715144781695,1,13665.531699895457
8337,27,726.2035104719544,Rent,1,8.219247976588349,0,0.0,0,0,0.0,0,0.0
8338,37,525.5206015037594,Rent,1,425.55826210528187,0,0.0,0,0,0.0,0,0.0
8339,52,46004.02770767364,Mortgage,1,1325.899008776119,1,2300.938642318744,1,0,0.0,1,0.0
8340,47,28100.399863347535,Rent,1,1132.6340936354063,1,3711.4149835352055,0,0,0.0,0,0.0
8341,63,62587.74740065892,Mortgage,1,1489.8439914844982,1,7504.120661921641,1,0,0.0,1,0.0
8342,29,525.5206015037594,Rent,0,0.0,0,0.0,0,0,0.0,0,0.0
8343,91,566618.1318666996,Own,1,3782.098901181997,1,92132.3586581564,1,1,7551.679151698304,1,10553.073570892075
8344,27,1517.1796111181593,Rent,0,0.0,0,0.0,0,0,0.0,0,0.0
8345,75,175290.14970095357,Own,1,3608.943642576319,1,94375.88750017642,1,1,20543.007812190655,1,19.848609689084352
8346,61,38971.27956367451,Rent,1,1115.070486418341,0,0.0,0,0,0.0,1,0.0
8347,61,74412.6797037089,Mortgage,1,4077.3975213066465,1,8536.123129423875,1,1,7551.765598085135,1,0.0
8348,60,84322.58180260121,Own,1,2503.811409023757,1,33776.01150618975,0,0,0.0,1,0.0
8349,33,29473.21727224939,Rent,1,1613.3600852558486,1,0.0,0,0,0.0,0,0.0
8350,87,69781.69259602502,Own,1,3651.785114995097,1,96702.8112606307,1,1,8492.608152846791,1,10362.42290610792
8351,63,21629.71313456413,Mortgage,1,1433.7736163275208,0,0.0,0,0,0.0,1,0.0
8352,30,525.5206015037594,Rent,0,0.0,1,0.0,0,0,0.0,0,0.0
8353,79,99485.29987105266,Own,1,6519.993626190351,1,42563.67844269743,0,1,8037.635068097249,1,9306.00893786404
8354,38,24814.367945750066,Rent,1,785.9531869189933,1,1558.3950574491478,0,0,0.0,0,0.0
8355,32,525.5206015037594,Rent,0,0.0,0,0.0,0,0,0.0,0,0.0
8356,58,34673.76855396178,Own,1,2061.259114559818,1,35267.26906159648,0,0,0.0,1,3754.4543253801885
8357,43,8438.97020628111,Rent,1,1035.345775097102,1,0.0,0,0,0.0,0,0.0
8358,64,30183.46796429525,Own,1,2456.3365700408376,1,94667.76699292408,1,1,31200.139619298814,1,0.0
8359,40,28543.03098730877,Rent,1,459.16470775802105,1,1599.6411384722928,0,0,0.0,0,0.0
8360,31,2704.007295226442,Rent,1,73.83030972130177,1,652.2774932991474,0,0,0.0,0,0.0
8361,42,15856.83809114819,Mortgage,1,1073.7063941512997,1,3430.9918120876628,0,0,0.0,1,3193.2674026764776
8362,30,3016.799105843409,Rent,1,90.62392818992566,0,0.0,0,0,0.0,0,0.0
8363,70,90061.71945856382,Own,1,2964.8171365788858,1,92807.63578191119,0,1,9549.398197202137,1,3403.7569315418887
8364,73,105246.62451387425,Own,1,7486.99472507957,1,92287.26596345151,1,1,6849.740700329956,1,11.035627646252884
8365,28,525.5206015037594,Rent,0,0.0,0,0.0,0,0,0.0,0,0.0
8366,29,25111.752008233132,Rent,1,666.2703411420928,1,2682.809008952493,0,0,0.0,1,0.0
8367,90,638799.3717208647,Own,1,9497.569206696498,1,94711.20702142264,1,1,18063.991373914603,1,9684.199817354694
8368,73,39023.56915035503,Own,1,2408.1548622789624,1,35959.3804550673,0,0,0.0,1,0.0
8369,66,85334.60241129933,Mortgage,1,1223.058828370085,1,8203.753033365785,1,0,0.0,1,2660.4026093525636
8370,41,56136.164267274224,Mortgage,1,5523.794137894014,1,2189.679028241144,1,0,0.0,1,0.0
8371,58,49272.89404538379,Mortgage,1,955.6029958901572,1,2173.2735018747135,1,0,0.0,1,0.0
8372,28,1048.3356837202991,Rent,1,386.9772024183132,1,1099.5664268815526,0,0,0.0,0,0.0
8373,54,9953.146706109615,Rent,1,530.8466692578645,0,0.0,0,0,0.0,0,0.0
8374,31,13979.435048213028,Rent,1,835.7674221577054,1,1928.4265639895677,0,0,0.0,0,0.0
8375,59,55774.423218797056,Own,1,2044.9268654008515,1,35578.819929314144,0,0,0.0,1,0.0
8376,48,30234.42953166445,Mortgage,1,1858.7430183073416,1,9983.860282176998,0,0,0.0,1,0.0
8377,90,62194.50534544772,Own,1,9469.07528479589,1,76409.08784260455,1,1,8994.09349272636,1,0.0
8378,64,39380.80327400706,Own,1,5202.500265108005,1,92560.66495569363,1,1,34622.64583630807,1,0.0
8379,32,15626.774433715998,Rent,1,489.04696765128256,1,1394.6617076823222,0,0,0.0,0,0.0
8380,35,10272.879328351191,Rent,1,345.47310816720926,1,2223.7408800552716,0,0,0.0,0,0.0
8381,48,9420.043940969284,Rent,1,789.831988062242,1,2461.4431159108844,0,0,0.0,0,0.0
8382,64,53926.452852806404,Mortgage,1,3084.5947600377785,1,1789.7834146939442,1,0,0.0,1,0.0
8383,90,44406.480935517524,Own,1,6282.445778978625,1,93798.240465826,1,1,6412.268022798721,1,6.811363321680389
8384,41,1461.4138598892387,Rent,1,63.1348378319359,1,1035.8150134040293,0,0,0.0,0,0.0
8385,60,31949.47073890877,Mortgage,1,1743.5993594738197,1,37303.38799904519,0,0,0.0,1,0.0
8386,43,14736.699547820057,Rent,0,0.0,0,0.0,0,0,0.0,0,0.0
8387,70,30306.21115954956,Own,1,2028.4523305063046,1,38334.61969800195,0,0,0.0,1,3119.282448599536
8388,50,46268.07125951506,Mortgage,1,2271.811477228003,1,3952.396494484386,1,0,0.0,1,0.0
8389,38,21523.07753305873,Rent,1,1438.245694995957,1,3304.2073235906646,0,0,0.0,1,0.9211626802585444
8390,29,6306.863445024623,Rent,1,185.70636062760389,1,138.63304881556382,0,0,0.0,0,0.0
8391,76,41252.453811183164,Mortgage,1,1703.5636684037222,1,8423.415709756237,1,0,0.0,1,0.0
8392,74,128913.60037120909,Own,1,4124.573177537184,1,39511.55269878023,0,1,6951.259256363588,1,5282.202700252684
8393,76,64615.35020545097,Own,1,1657.3790063837062,1,43741.11369144944,0,0,0.0,1,14.101519555343073
8394,28,5809.7487184710335,Rent,1,0.0,1,11.786511431952476,0,0,0.0,0,0.0
8395,65,25436.56601769681,Mortgage,1,1800.8827279534419,1,8730.30073818242,1,0,0.0,1,3.1968045895882646
8396,39,19569.854047303146,Mortgage,1,976.0398501583974,1,3912.2327867010827,0,0,0.0,1,0.0
8397,71,22637.003330747295,Mortgage,1,4449.2315000338685,1,9451.99145363043,0,0,0.0,1,0.0
8398,89,686763.0188901381,Own,1,7386.575478389981,1,93087.94837793372,1,1,8711.903976543457,1,9795.407825177008
8399,47,13537.878173744986,Rent,1,1052.149073344542,1,2602.3272237046003,1,0,0.0,0,0.0
8400,71,22829.48815619268,Mortgage,1,907.4067846369629,1,8908.955110937839,0,0,0.0,1,0.0
8401,62,37468.40791447731,Own,1,1184.9074212433632,1,8813.424667402696,0,0,0.0,1,0.0
8402,46,19042.15099244475,Mortgage,1,562.7782035753614,1,3435.680566982692,0,0,0.0,0,0.0
8403,69,45385.88229487842,Own,1,1144.0936228261291,0,0.0,0,0,0.0,1,3161.84265783213
8404,59,42757.13112573971,Own,1,3339.5132662875367,1,2846.8924840554255,0,0,0.0,1,0.0
8405,31,9808.274685161803,Rent,1,59.04633661926084,1,0.0,0,0,0.0,0,0.0
8406,64,41033.973609879205,Own,1,3573.043009371514,0,0.0,0,0,0.0,1,0.0
8407,75,97433.88193049579,Own,1,5809.469435158739,1,93342.3726260826,1,1,11806.326583809008,1,0.0
8408,86,69272.42096706698,Own,1,4142.158763124859,1,82178.15754275217,1,1,16068.664361435303,1,0.0
8409,89,525082.8366281983,Own,1,5534.823923403991,0,0.0,1,1,37208.84452230443,1,0.0
8410,75,43532.23798621869,Own,1,1494.678962110593,1,1665.2469273920212,0,0,0.0,1,6355.99824210155
8411,37,3989.7078630012948,Rent,1,0.0,1,1437.7362749220054,0,0,0.0,0,0.0
8412,47,15880.233396768355,Rent,1,1003.3602795090193,1,1657.6309425888583,0,0,0.0,0,0.0
8413,33,525.5206015037594,Rent,0,0.0,0,0.0,0,0,0.0,0,0.0
8414,90,63567.11826878824,Own,1,22569.802749998948,1,77742.91856756686,1,1,11804.274924150048,1,17.314571344406406
8415,31,525.5206015037594,Rent,0,0.0,0,0.0,0,0,0.0,0,0.0
8416,31,571.1595303192662,Rent,0,0.0,0,0.0,0,0,0.0,0,0.0
8417,27,10522.932055578236,Rent,1,767.0051632486561,1,2360.265952705891,0,0,0.0,1,0.0
8418,47,20925.397500848438,Rent,1,2193.111906908202,1,2838.642879997441,0,0,0.0,0,0.0
8419,29,15444.794593390354,Rent,1,847.6632522191061,1,2082.093410853728,0,0,0.0,0,0.0
8420,52,34588.42652415469,Mortgage,1,2016.630760826977,1,9232.37385406273,1,0,0.0,1,0.0
8421,90,426092.5018286152,Own,1,8884.114814643186,1,91708.02542220989,1,1,8042.016731384479,1,9482.723104765537
8422,72,98020.64699868564,Own,1,4362.630335511053,1,81016.5303219353,1,1,14742.954576662045,1,4.586611438218582
8423,51,41391.54270739233,Mortgage,1,1112.4317111779528,1,3433.0036302456156,0,0,0.0,1,0.0
8424,88,709062.3430982854,Own,1,27537.715848405707,1,93932.6446460968,1,1,5618.794592330331,1,9.122347955133261
8425,41,36989.525906264826,Own,1,1277.828534574458,0,0.0,0,0,0.0,0,0.0
8426,89,421148.2145198266,Own,1,29283.719508955244,1,95495.15404500146,1,1,8685.332694281758,1,1.5215798541261263
8427,45,29997.230095966952,Mortgage,1,2448.142980514471,1,3050.6669471550604,0,0,0.0,1,0.0
8428,30,22118.667347431932,Mortgage,1,933.614280579316,1,2666.245100764565,0,0,0.0,0,0.0
8429,52,47687.09724803619,Mortgage,1,2589.4630308290944,1,3720.7816410033156,0,0,0.0,1,4665.90525919201
8430,87,126909.88587598651,Own,1,7801.517651273275,1,39878.05013700406,0,1,6193.18173829165,1,6078.242293790552
8431,35,525.5206015037594,Rent,1,567.3646537973141,0,0.0,0,0,0.0,0,0.0
8432,61,66110.73150915583,Mortgage,1,5457.590209666674,1,8749.734057635014,1,0,0.0,1,3354.713634134254
8433,78,43235.119282651205,Own,1,1509.889011695085,1,8599.400288353878,0,0,0.0,1,0.0
8434,56,17780.242793101344,Own,1,88.2007339547473,1,1359.322086927508,0,0,0.0,1,0.0
8435,43,15168.79105884496,Rent,1,578.5117669156884,1,3867.1123268519023,0,0,0.0,0,0.0
8436,50,23781.949635540008,Mortgage,1,2043.2857832633413,1,3356.2832321946626,1,0,0.0,1,4379.9786396942645
8437,32,7277.536415305438,Rent,1,0.0,0,0.0,0,0,0.0,0,0.0
8438,85,55517.904705049514,Own,1,7037.388695114652,1,94548.37297801244,1,1,8117.757837493516,1,7016.958639346434
8439,63,39518.95301303807,Own,1,1854.1110436686001,1,8141.141958777025,0,0,0.0,1,6.439362497289323
8440,47,17311.942303301526,Rent,1,1481.055926243899,0,0.0,0,0,0.0,1,0.0
8441,29,9030.505299173088,Rent,0,0.0,0,0.0,0,0,0.0,0,0.0
8442,80,41827.55940093407,Own,1,1293.2165468816415,1,80942.2308653294,1,1,10943.302326231167,1,0.0
8443,44,17887.6875628084,Mortgage,1,1490.3280366360632,1,2696.2907197536074,0,0,0.0,1,0.0
8444,29,13096.154631527925,Rent,1,319.6432962052388,1,3263.0100161821233,0,0,0.0,0,0.0
8445,37,11342.09533114373,Mortgage,1,1066.127122624238,1,2817.5110179727903,0,0,0.0,1,16.373441378831924
8446,58,52132.1889454398,Mortgage,1,1814.2753399127637,1,2995.089171481877,1,0,0.0,1,0.0
8447,71,99160.97951249414,Own,1,4856.577369918902,1,7808.305004657769,1,1,16862.541577954227,1,0.0
8448,76,99765.74217238316,Own,1,24958.03176137417,1,80242.34565356017,1,1,36385.22677958157,1,9998.216142035424
8449,75,29836.14049618982,Own,1,5097.637955005263,1,35018.80933336717,0,0,0.0,1,0.0
8450,56,31744.691630782614,Mortgage,1,1643.8953852051086,1,9455.817167200106,1,0,0.0,1,0.0
8451,77,96487.9472467425,Own,1,8360.830165067238,1,93362.70474820863,1,1,10821.401730950514,1,10047.834306014192
8452,67,40529.516513505965,Mortgage,1,2363.273930254824,1,8259.644468686334,1,0,0.0,1,0.0
8453,26,525.5206015037594,Rent,0,0.0,0,0.0,0,0,0.0,0,0.0
8454,86,595321.9389744293,Own,1,37131.067982917506,0,0.0,1,1,22957.05473820016,1,22.78989690147047
8455,42,12918.886058731361,Rent,1,883.2204943833333,0,0.0,0,0,0.0,0,0.0
8456,80,48972.02880338374,Own,1,2234.0815645021366,1,33642.751000578435,0,0,0.0,1,8352.241898151588
8457,88,60415.74141134064,Own,1,9812.856099512876,1,83701.60271524903,1,1,4384.26537658638,1,5173.034133185052
8458,29,525.5206015037594,Rent,0,0.0,0,0.0,0,0,0.0,0,0.0
8459,45,43470.977635213836,Mortgage,1,1669.3265221607298,0,0.0,1,0,0.0,1,0.0
8460,31,525.5206015037594,Rent,0,0.0,0,0.0,0,0,0.0,0,0.0
8461,31,17112.593025809147,Rent,1,611.5017605605028,1,0.0,0,0,0.0,0,0.0
8462,65,29505.600449572546,Mortgage,1,1256.402244975296,1,36414.70171807323,0,0,0.0,1,0.0
8463,72,24011.498827279276,Own,1,3395.6629105477678,1,43096.73543228925,0,0,0.0,1,0.0
8464,55,52644.81703747467,Own,1,2341.9336454163076,1,498.6259046387022,0,0,0.0,1,0.0
8465,29,525.5206015037594,Rent,0,0.0,0,0.0,0,0,0.0,0,0.0
8466,31,3374.007000487876,Rent,1,632.6692035465243,1,1275.788086131406,0,0,0.0,0,0.0
8467,87,100566.41260702029,Own,1,4960.054796969357,1,92840.51454802482,1,1,13436.235020603415,1,6.707351356112065
8468,54,44828.877928929614,Mortgage,1,392.90515977831717,1,4471.949016612171,0,0,0.0,1,0.0
8469,83,87239.61605920216,Own,1,11159.87455746349,1,93234.56528610732,1,1,6102.595346508599,1,0.0
8470,91,183622.20872119162,Own,1,2946.151526668613,1,82512.28171326449,1,1,41920.59326410911,1,13.698639146133726
8471,37,4706.840278526837,Rent,1,134.98494947200436,1,1123.0559098652495,0,0,0.0,0,0.0
8472,47,24884.123864498135,Mortgage,1,1562.790278196346,1,3924.86838426548,0,0,0.0,1,0.0
8473,61,20944.036311078336,Own,1,2836.38841768025,1,33806.11364451198,0,0,0.0,1,2573.511249493704
8474,53,21953.557155130264,Mortgage,1,1332.2687880800981,1,8334.382473022335,1,0,0.0,1,0.0
8475,74,107671.0601309475,Own,1,2306.111374858089,1,37935.49717739857,0,1,4408.512329380517,1,5572.203831163525
8476,28,525.5206015037594,Rent,0,0.0,0,0.0,0,0,0.0,0,0.0
8477,40,27653.38215504465,Mortgage,1,1479.7246046372795,1,3677.800008266426,0,0,0.0,0,0.0
8478,29,30688.90563959263,Mortgage,1,1089.130490309125,1,3545.252782950439,0,0,0.0,0,0.0
8479,47,19685.719030229367,Rent,1,785.2277845543946,0,0.0,0,0,0.0,0,0.0
8480,49,29756.265013135224,Mortgage,1,1530.0654905474858,1,1884.523748458411,1,0,0.0,1,0.0
8481,77,196044.63072248633,Own,1,4765.145934539401,1,92021.14607875295,1,1,8372.63537332175,1,6097.336113560354
8482,66,88126.75354436303,Own,1,36406.09840402693,1,77742.37617159096,1,1,10517.146981490825,1,14.831142237244256
8483,67,27627.75011677817,Mortgage,1,584.3503210821643,1,8695.873646717817,1,0,0.0,1,0.0
8484,28,7183.978316443789,Rent,1,94.46312982739198,1,2305.976522388853,0,0,0.0,0,0.0
8485,75,77383.33715556964,Own,1,4531.339306514525,1,34799.647392223735,0,0,0.0,1,0.0
8486,56,36028.18342280221,Mortgage,1,1622.0395573475128,1,9214.278607574042,0,0,0.0,1,0.0
8487,38,13662.357785840388,Rent,1,156.6279707017236,0,0.0,0,0,0.0,0,0.0
8488,30,16170.154486852069,Rent,1,433.33329999507134,1,1490.4263212995738,0,0,0.0,0,0.0
8489,37,41947.72111412227,Rent,1,959.2158597553945,1,2046.1486553151829,0,0,0.0,1,0.0
8490,57,30228.876590172706,Mortgage,1,1330.447071118959,1,3949.5704762737532,0,0,0.0,1,0.0
8491,59,31678.556636498666,Rent,1,293.9324009680954,0,0.0,0,0,0.0,1,0.0
8492,46,34574.62270645823,Mortgage,1,1716.4785477422217,0,0.0,0,0,0.0,1,6.543221772066661
8493,85,185051.58047797508,Own,1,7176.571279163067,1,92715.83403498954,1,1,6893.459690998866,1,8922.3930368306
8494,38,525.5206015037594,Rent,0,0.0,1,0.0,0,0,0.0,0,0.0
8495,64,35305.79092739092,Mortgage,1,1871.950677198984,1,3505.3000516633338,0,0,0.0,1,0.0
8496,42,42165.92697513198,Rent,1,1089.4354065036487,1,2779.5274772908974,0,0,0.0,1,2442.2185392532792
8497,52,26302.28830243674,Rent,1,610.3975253865756,1,1566.5349886772642,0,0,0.0,0,0.0
8498,41,13850.971670409392,Rent,1,0.0,1,0.0,0,0,0.0,0,0.0
8499,49,12028.407569749817,Rent,1,996.4199131204904,1,1584.1545150968263,0,0,0.0,0,0.0
8500,46,13286.90964498414,Rent,1,837.0386771128304,1,2815.814560933174,0,0,0.0,0,0.0
8501,50,5993.205194402306,Rent,1,493.0267770861461,1,2428.9242711433885,0,0,0.0,0,0.0
8502,48,7280.43190449221,Rent,1,1635.399639041746,1,1759.2109752540084,0,0,0.0,0,0.0
8503,53,41996.6214550842,Rent,1,1084.7251487223862,1,1729.9239611598632,0,0,0.0,1,18.519647116908548
8504,40,33793.07547027951,Rent,1,584.2739678369363,1,1643.5152446576026,0,0,0.0,0,0.0
8505,71,118022.33622622676,Own,1,4609.6922070904,1,43975.73910764438,0,1,9532.01783902794,1,0.0
8506,35,9206.951831761202,Rent,1,470.8496353582853,0,0.0,0,0,0.0,0,0.0
8507,85,526407.0206049054,Own,1,27891.6532566353,1,92915.55973470381,1,1,24566.848373414563,1,4.276358018763789
8508,30,525.5206015037594,Rent,0,0.0,0,0.0,0,0,0.0,0,0.0
8509,59,29781.617385832527,Mortgage,1,1294.010349289546,1,8132.7135412426915,1,0,0.0,1,0.0
8510,62,40898.15385606849,Mortgage,1,2684.557729682924,1,8046.136453967287,1,0,0.0,1,3562.5967880661765
8511,44,16050.296783401145,Mortgage,1,1456.6160908074712,1,4369.59966468342,0,0,0.0,1,3421.434551729365
8512,35,15994.660678774902,Rent,1,683.2199083251451,1,1788.935048220891,0,0,0.0,0,0.0
8513,30,14649.388585927261,Rent,1,401.579963453595,0,0.0,0,0,0.0,0,0.0
8514,61,43208.46418370407,Mortgage,1,1475.7865830220635,1,9128.421358592961,1,0,0.0,1,0.0
8515,28,14653.81805720125,Rent,1,769.0149974682413,0,0.0,0,0,0.0,0,0.0
8516,88,104844.70637900471,Own,1,38512.7736013285,1,92183.06708856123,1,1,7745.9429955507285,1,6151.570119901748
8517,71,30875.40705406634,Own,1,1538.4740259773096,1,43346.29249903444,0,1,0.0,1,0.0
8518,40,5987.744067183612,Rent,1,307.55971387885256,0,0.0,0,0,0.0,0,0.0
8519,41,4597.0207500205815,Rent,1,1018.1079215635198,1,2066.426764942169,0,0,0.0,1,0.0
8520,43,45487.41686594343,Rent,0,0.0,0,0.0,0,0,0.0,0,0.0
8521,30,14537.984261995674,Mortgage,1,1966.077905614013,1,8741.037406728932,0,0,0.0,1,0.0
8522,45,26905.23704961676,Rent,1,797.4741238047333,1,3770.042721520261,0,0,0.0,0,0.0
8523,34,525.5206015037594,Rent,0,0.0,0,0.0,0,0,0.0,0,0.0
8524,84,432808.3396543112,Own,1,11310.082782782349,1,93742.94324847736,1,1,19295.543816045018,1,13354.193671588499
8525,85,63106.03718488948,Own,1,21867.507662462005,1,95478.25268647836,1,1,19772.860028091978,1,10.06518805756678
8526,42,6233.663201945463,Rent,1,767.7292948828454,1,861.1583877356109,0,0,0.0,0,0.0
8527,88,120779.8581442064,Own,1,5023.222604521596,1,93733.70549318242,1,1,10228.079046359788,1,7195.290725493742
8528,52,40205.64595704828,Mortgage,1,2216.556057343478,1,9464.725118676337,1,0,0.0,1,0.0
8529,79,103635.05763293445,Own,1,2038.5745672903636,1,36682.33227653818,0,0,0.0,1,0.0
8530,56,33040.41288375963,Mortgage,1,1162.676477663164,1,43839.75734342026,0,0,0.0,1,5077.556925921783
8531,31,9997.0175866778,Rent,1,182.80076166676088,1,310.3384866956137,0,0,0.0,0,0.0
8532,71,91797.31586258157,Own,1,8576.240613843589,1,82936.22109991375,1,1,6427.070360586283,1,0.0
8533,44,22266.988577771004,Rent,1,803.3637154495268,1,1875.7010866202118,0,0,0.0,0,0.0
8534,35,8051.374991110602,Rent,1,487.9462787017539,1,4104.967449391416,0,0,0.0,1,0.0
8535,31,16761.657493326384,Rent,1,1216.1010158154195,1,1999.734021585251,0,0,0.0,0,0.0
8536,30,525.5206015037594,Rent,0,0.0,0,0.0,0,0,0.0,0,0.0
8537,47,28936.39832373544,Mortgage,1,1271.535891130175,1,1388.218141524992,0,0,0.0,0,0.0
8538,28,525.5206015037594,Rent,0,0.0,0,0.0,0,0,0.0,0,0.0
8539,89,70619.62258354801,Own,1,20486.48039448486,1,78246.23294330794,1,1,11777.834559153463,1,0.0
8540,33,8024.227094793583,Rent,1,850.7802342917793,0,0.0,0,0,0.0,0,0.0
8541,32,525.5206015037594,Rent,1,82.65520734424263,0,0.0,0,0,0.0,0,0.0
8542,41,26927.48109651009,Rent,1,803.9911607530868,1,1255.3607144904504,0,0,0.0,0,0.0
8543,40,525.5206015037594,Rent,1,742.7673400747451,0,0.0,0,0,0.0,0,0.0
8544,79,118140.50388745518,Own,1,3422.7450839410303,1,2156.3244522196683,1,0,0.0,1,10.009655668449167
8545,29,525.5206015037594,Rent,0,0.0,0,0.0,0,0,0.0,0,0.0
8546,43,12670.028170854855,Rent,1,908.5324521760836,0,0.0,0,0,0.0,0,0.0
8547,72,41223.874247731386,Mortgage,1,1732.4861152078324,1,7670.645319239069,1,0,0.0,1,0.0
8548,68,25832.877516883687,Own,1,924.1250266164672,1,9486.969234666674,0,0,0.0,1,3436.391665776746
8549,59,12800.638775146275,Mortgage,1,707.5062999973794,1,2394.8455430489416,1,0,0.0,0,0.0
8550,87,104247.9495381139,Own,1,30108.919508177052,1,8233.223318082797,1,1,11424.693273069715,1,0.0
8551,29,10121.937581575032,Rent,1,1150.8580817151317,0,0.0,0,0,0.0,0,0.0
8552,65,38488.96910178939,Mortgage,1,1539.6992454908984,1,7725.633795624201,1,0,0.0,1,0.0
8553,43,30658.037277762938,Mortgage,1,1826.1524137716824,1,4510.561394169721,0,0,0.0,1,5118.159037107707
8554,63,48749.78520506655,Mortgage,1,2117.6161722522816,1,2680.119104610376,0,0,0.0,1,0.0
8555,32,26252.491231083804,Rent,1,1185.8966652840832,1,1917.8120044583388,0,0,0.0,0,0.0
8556,28,544.3962903149368,Rent,1,0.0,1,0.0,0,0,0.0,0,0.0
8557,36,10977.435007150314,Mortgage,1,1023.8804785359753,1,1691.256908132832,0,0,0.0,0,0.0
8558,69,48676.30466297871,Mortgage,1,2572.88247828409,1,8434.359704818333,0,0,0.0,1,0.0
8559,40,13646.2702829931,Rent,1,306.33201099212056,1,1662.937268177861,0,0,0.0,0,0.0
8560,43,20591.00469730571,Mortgage,1,1047.4816362228905,1,2590.7504632808896,0,0,0.0,0,0.0
8561,80,28156.645952786777,Own,1,1216.6986137683743,1,43315.10879265242,0,0,0.0,1,7.051320654405891
8562,71,45198.5139814258,Own,1,2184.6642719008314,1,44535.34265566358,0,0,0.0,1,0.0
8563,55,30646.635837015023,Mortgage,1,856.1863846156604,1,2406.296559089729,1,0,0.0,1,0.0
8564,38,20881.124757903384,Rent,1,2085.891266444614,0,0.0,0,0,0.0,0,0.0
8565,57,33409.903562253545,Own,1,2146.4302370138894,1,38969.51759445534,0,0,0.0,1,1.8528271309339692
8566,43,41647.713672575395,Mortgage,1,957.1046963274393,1,3586.2729964482573,0,0,0.0,1,0.0
8567,38,18057.593500683517,Rent,1,447.7517164653754,1,36204.37382778882,0,0,0.0,1,0.0
8568,78,59834.63726498476,Own,1,4985.0759199811955,1,38702.08663110854,0,0,0.0,1,3966.5889353274497
8569,41,1213.232224952566,Rent,1,443.1314293522878,0,0.0,0,0,0.0,0,0.0
8570,91,76994.55593040658,Own,1,28098.068419425126,1,91135.44269864669,1,1,12768.808524457656,1,0.0
8571,79,46719.47861797578,Own,1,3769.311177850237,1,37119.26189696328,0,0,0.0,1,0.0
8572,40,22292.495712057127,Rent,1,11.193289068320837,1,1166.366239200837,0,0,0.0,0,0.0
8573,89,78173.72593472012,Own,1,6020.262584057288,1,94560.00807025186,1,1,12194.367871203112,1,7178.36334194361
8574,63,61525.33429734621,Own,1,2327.0328245343044,1,2119.145291120536,0,0,0.0,1,0.0
8575,86,19472.15490901978,Mortgage,1,3709.5810911559565,1,9074.621538425175,0,0,0.0,1,3751.793719704969
8576,51,48336.40846924279,Mortgage,1,1738.8303614962801,1,3917.5629322170753,1,0,0.0,1,5.872169775710933
8577,62,28219.02652665984,Own,1,1901.8864612679324,1,8489.834479829842,0,0,0.0,1,0.0
8578,52,45125.03141921165,Mortgage,1,1156.2808394020612,1,4101.940939131214,1,0,0.0,1,0.0
8579,44,22476.963327542377,Mortgage,1,1202.18681335083,1,3878.135710825035,0,0,0.0,1,1.0411282677789526
8580,84,74447.9330603574,Mortgage,1,3315.949362761692,1,8062.041175500693,1,1,24.621557620077805,1,0.0
8581,59,18563.106220217895,Mortgage,1,1383.6800661528675,1,2884.708365560086,1,0,0.0,1,0.0
8582,69,26883.58696356648,Mortgage,1,1817.5764973679209,1,8744.871480334352,0,0,0.0,1,0.0
8583,47,31847.486914947476,Mortgage,1,1487.8322630081975,1,2871.3606993288104,0,0,0.0,1,0.0
8584,30,20287.993138305865,Rent,1,517.8582973280921,1,36303.45864111784,0,0,0.0,1,2.3163106402418996
8585,54,37355.36583293189,Mortgage,1,5348.086904861192,1,8756.588054126578,0,0,0.0,1,0.3096171168131513
8586,54,33091.85816981358,Rent,1,1388.06886256076,1,2279.703062445973,0,0,0.0,1,0.22180348522074367
8587,45,25756.06713342621,Mortgage,1,1355.9447791660177,1,2213.524338628412,0,0,0.0,0,0.0
8588,71,71518.8559400279,Own,1,8690.781892123927,1,96758.46639356414,1,1,27.904716373232475,1,4317.6955137058285
8589,32,525.5206015037594,Rent,0,0.0,0,0.0,0,0,0.0,0,0.0
8590,47,26892.38463222896,Mortgage,1,1011.4425101847072,1,10087.658738826802,1,0,0.0,1,1.43052920905392
8591,50,8490.144733278245,Mortgage,1,707.769548055222,1,9954.261563286886,1,0,0.0,1,0.0
8592,62,25742.00637685669,Mortgage,1,1813.4427748120133,1,3501.998002788218,0,0,0.0,1,0.0
8593,45,27258.727730806648,Mortgage,1,399.9405143623368,1,2906.5542735814615,0,0,0.0,1,0.0
8594,69,27451.514238344575,Own,1,1642.9146058298402,1,8716.939269322864,1,0,0.0,1,3571.0307094561495
8595,43,32498.823195780074,Rent,1,1979.9146128564744,1,2434.706765350119,0,0,0.0,1,9.720608496734558
8596,47,9291.88805645173,Rent,1,187.97304815933217,1,2413.7259621288713,0,0,0.0,0,0.0
8597,55,22373.487527221914,Mortgage,1,1110.8739287930593,1,3181.476881270877,0,0,0.0,1,3293.980520763422
8598,56,23300.484718045533,Own,1,1133.8592674157103,1,9062.556344326484,0,0,0.0,1,4823.110367273837
8599,46,41897.69156891347,Rent,1,1590.6499307761183,1,1883.7043947062716,0,0,0.0,0,0.0
8600,59,59702.59140263942,Mortgage,1,2954.597192129825,1,3195.286460951219,1,0,0.0,1,0.0
8601,87,93369.67616900713,Own,1,3546.099629962787,1,46541.26297543921,1,1,11454.17468573488,1,0.0
8602,41,1956.3926840703953,Rent,0,0.0,0,0.0,0,0,0.0,0,0.0
8603,60,34807.99382949297,Mortgage,1,1885.523343070857,1,8352.104207773551,1,0,0.0,1,0.0
8604,49,26494.659470406954,Mortgage,1,403.7832326723315,1,3449.86409192613,0,0,0.0,1,0.0
8605,41,12521.990914485363,Rent,0,0.0,0,0.0,0,0,0.0,0,0.0
8606,28,525.5206015037594,Rent,0,0.0,0,0.0,0,0,0.0,0,0.0
8607,31,4226.227401297623,Rent,1,73.28803290704377,1,0.0,0,0,0.0,0,0.0
8608,82,60511.62616791423,Own,1,3445.96496009097,1,92894.82430642312,1,1,6258.506758349762,1,0.0
8609,43,36818.28938980064,Mortgage,1,1688.1036688030185,1,9537.773469204674,0,0,0.0,1,0.0
8610,42,525.5206015037594,Rent,0,0.0,0,0.0,0,0,0.0,0,0.0
8611,52,17246.009835261677,Rent,1,152.00599913204667,1,1577.3131837494093,0,0,0.0,0,0.0
8612,47,36366.85222949248,Mortgage,1,1798.5285038114225,1,2189.432569020691,1,0,0.0,1,2310.364538850466
8613,46,19471.235542438437,Rent,1,282.5384410797212,0,0.0,0,0,0.0,0,0.0
8614,79,148155.6394727839,Own,1,4493.13319950197,1,39292.063014633146,0,0,0.0,1,5819.493987294431
8615,39,30318.901031136782,Rent,1,493.45067780468503,1,0.0,0,0,0.0,0,0.0
8616,87,129261.40623052596,Own,1,8900.327388931406,1,42979.549814957136,1,1,4218.313394138861,1,6233.8000392952135
8617,72,38397.024907615676,Own,1,1697.5538482588595,1,9291.749986989531,0,0,0.0,1,4717.238447214954
8618,48,39823.371944495244,Own,1,2244.253727957508,0,0.0,0,0,0.0,1,0.0
8619,26,7696.368403520615,Rent,1,75.53208370636219,1,1453.6770942861563,0,0,0.0,0,0.0
8620,70,147039.146316346,Own,1,4230.720549914187,1,2030.166254543733,0,0,0.0,1,0.0
8621,54,29000.24521533121,Mortgage,1,874.1483270292534,1,3576.1204653271316,0,0,0.0,0,0.0
8622,39,28788.27079814815,Rent,1,808.6802917470009,1,3015.429146430243,0,0,0.0,0,0.0
8623,49,34322.73795115896,Mortgage,1,1436.135758350513,1,4151.676026998381,0,0,0.0,1,2703.23895170182
8624,42,525.5206015037594,Rent,1,905.8155968309503,0,0.0,1,0,0.0,0,0.0
8625,63,55202.85373138499,Mortgage,1,1959.9015541597848,1,8538.28071605566,1,0,0.0,1,0.0
8626,73,68296.95505879982,Own,1,2113.38344605714,1,35204.034333848285,0,0,0.0,1,4.414938929098487
8627,91,612981.8511741913,Own,1,8757.961053758268,1,93185.84913246136,1,1,5838.331849740592,1,15.200732049014382
8628,37,525.5206015037594,Rent,0,0.0,0,0.0,0,0,0.0,0,0.0
8629,63,22887.094719052333,Mortgage,1,796.8270877687464,0,0.0,0,0,0.0,0,0.0
8630,56,78174.1806074997,Own,1,1744.339551403163,1,41487.40751010729,1,0,0.0,1,2298.7655465428425
8631,67,47321.277529471154,Mortgage,1,1171.0834701897138,1,8235.012766791884,1,0,0.0,1,1.15472934017756
8632,44,33414.26009224998,Mortgage,1,884.6092189451518,1,3895.7012055569267,0,0,0.0,1,0.0
8633,60,94757.26660009933,Own,1,8829.646729413551,1,96758.46639356414,1,0,0.0,1,9.67391314972343
8634,77,90416.98142968811,Own,1,3298.471537331954,1,96758.46639356414,1,1,19059.91187717611,1,11418.982505832959
8635,65,7075.224996952156,Rent,1,99.33942479017537,0,0.0,1,0,0.0,0,0.0
8636,53,35749.82120005257,Mortgage,1,1467.3440106500825,1,3108.210464602328,1,0,0.0,1,1.610906970605986
8637,42,12288.05559738461,Rent,1,674.4961224253641,1,0.0,0,0,0.0,0,0.0
8638,86,50177.59917921113,Mortgage,1,2253.8305316899823,1,45947.9120518085,0,1,0.0,1,12.913075564670848
8639,71,36574.83054552924,Own,1,2100.8743766140487,1,8785.073791767798,0,0,0.0,1,0.0
8640,75,27049.086420275962,Mortgage,1,2035.7671683962833,1,1570.4848200070332,1,0,0.0,1,0.0
8641,61,48519.635366758564,Mortgage,1,1927.5815868175337,1,7809.506652862599,1,0,0.0,1,4.073059241826216
8642,69,111237.9461918192,Own,1,1554.0213391985412,1,44347.25474753789,0,1,6426.6562377324535,1,3.663153554354897
8643,39,16212.558072328273,Rent,1,0.0,1,0.0,0,0,0.0,0,0.0
8644,68,46316.1012232339,Own,1,3649.9539710490726,1,35432.197845487244,0,0,0.0,1,0.0
8645,90,708546.6866159237,Own,1,2718.775932112931,1,92777.9395537768,1,1,21222.502822876206,1,10.163458849394045
8646,43,14772.381254568445,Rent,1,725.8721222771065,0,0.0,0,0,0.0,0,0.0
8647,72,38617.949676898796,Own,1,1892.387199566509,1,36924.36053695477,0,0,0.0,1,0.0
8648,31,526.8026801259148,Rent,1,381.3859886168089,0,0.0,0,0,0.0,0,0.0
8649,45,12954.182455195867,Rent,1,111.81870665568499,1,2276.447549798877,0,0,0.0,0,0.0
8650,36,10726.350333616632,Rent,1,318.96271663944265,1,3168.335455141051,0,0,0.0,0,0.0
8651,73,74954.5157494928,Own,1,5825.670094426056,1,78940.66184911046,1,1,11262.948320699594,1,10339.117301308841
8652,62,22672.122154367775,Mortgage,1,1215.693029387274,0,0.0,0,0,0.0,1,0.0
8653,66,47351.58804954144,Mortgage,1,2146.362957393816,1,7755.951404488384,1,0,0.0,1,3862.708415493931
8654,29,20099.007309443223,Rent,1,917.7184516148751,1,3892.671016543521,0,0,0.0,0,0.0
8655,35,14186.50724080481,Rent,1,1028.117492671269,0,0.0,0,0,0.0,0,0.0
8656,41,18977.770837081716,Rent,1,788.5584710162302,1,1474.923070183199,0,0,0.0,0,0.0
8657,74,32849.62370178476,Own,1,1657.1546002458404,1,36800.13235927941,0,0,0.0,1,0.0
8658,31,10586.309935218751,Rent,1,7.805935522952836,1,58.52488693986243,0,0,0.0,0,0.0
8659,75,105006.91437286483,Own,1,4328.105967557646,1,79806.76391150223,1,1,7615.187663614497,1,4718.919481988368
8660,53,90280.65208508991,Own,1,2028.8005294562536,1,3076.8100067929936,0,0,0.0,1,0.23928131639811007
8661,68,49240.71316916952,Mortgage,1,1359.7604188158994,1,8292.136828778903,1,0,0.0,1,0.0
8662,71,110293.87921107192,Own,1,2175.9412485521198,1,34873.66633710728,0,0,0.0,1,0.0
8663,86,241816.96987065382,Own,1,6332.48383017705,1,92884.20237876028,1,1,9438.44190489116,1,9384.019133069989
8664,58,48444.800646098396,Mortgage,1,1927.705638234997,1,8178.343045038674,1,0,0.0,1,9.940977853791551
8665,57,47404.362975502554,Mortgage,1,2664.490763634559,1,8785.730258561132,1,0,0.0,1,3521.238656237555
8666,37,20539.78690611543,Rent,1,180.19458225262417,0,0.0,0,0,0.0,0,0.0
8667,37,579880.3957368133,Own,1,6312.114048298392,1,92717.58225950877,1,1,16704.644318917948,1,11.199318181696011
8668,78,41899.907169940845,Own,1,1689.1205051569768,1,36289.204695596105,0,0,0.0,1,4439.8407532995625
8669,69,70631.9207520982,Own,1,1357.6345770395044,0,0.0,0,0,0.0,1,0.0
8670,33,525.5206015037594,Rent,0,0.0,0,0.0,0,0,0.0,0,0.0
8671,90,96247.37939769845,Own,1,34925.17286840334,1,94450.43941100895,1,1,21628.20970494182,1,17.013951712611718
8672,57,44443.84893673684,Mortgage,1,2068.6485574630815,1,9829.323910185642,0,0,0.0,1,3859.7358709405917
8673,61,29732.530903481827,Own,1,1477.6031116533964,1,9586.94608713457,0,0,0.0,1,0.0
8674,38,5923.320884587583,Rent,0,0.0,0,0.0,0,0,0.0,0,0.0
8675,71,10580.376094763236,Own,1,3831.520972708741,0,0.0,0,1,11286.831411327617,1,1.4196165734411172
8676,45,30354.312157808876,Mortgage,1,1791.0602707098478,1,3499.4257265797705,0,0,0.0,1,0.0
8677,75,28613.50419161786,Own,1,3602.147553617855,1,38097.04874614419,0,0,0.0,1,3802.788731216725
8678,73,85713.694935771,Own,1,11318.241876962948,1,44153.886207652984,1,1,7199.065200147834,1,0.0
8679,61,38347.10599666244,Mortgage,1,1042.8325951403058,1,3050.8644042332376,0,0,0.0,1,0.0
8680,42,40518.83520478739,Own,1,2927.334183810727,1,37038.9700780048,0,0,0.0,1,0.0
8681,49,47868.59948033271,Mortgage,1,900.8219741687784,1,4296.652195917581,0,0,0.0,1,0.0
8682,28,13713.58285717533,Rent,1,272.92876399741067,0,0.0,0,0,0.0,0,0.0
8683,76,128644.87169183616,Own,1,6251.045035455899,1,45790.98522744842,0,1,7469.964343306059,1,0.0
8684,54,28870.58227604771,Mortgage,1,1121.5977704776126,1,8356.811922401026,1,0,0.0,1,0.9241153071401326
8685,76,79969.37862256332,Own,1,2277.0171929710496,1,37569.950578988755,0,0,0.0,1,0.0
8686,84,110714.05034606815,Own,1,3317.2003808406043,1,95298.74672994061,1,1,8188.337305095429,1,9.996964810903313
8687,62,20215.180284850387,Mortgage,1,1504.272799493826,0,0.0,0,0,0.0,1,0.0
8688,39,11708.372390375003,Rent,1,0.0,1,1171.4847828932045,0,0,0.0,0,0.0
8689,31,4666.570562889541,Rent,1,55.07432887807386,1,0.0,0,0,0.0,0,0.0
8690,88,236121.64527022446,Own,1,44184.175443263244,1,81126.4436046911,1,1,8468.68140810609,1,8878.682816648366
8691,52,37102.79558411091,Own,1,1495.4679512918342,1,1560.3800207087183,0,0,0.0,1,0.0
8692,32,7946.361316189648,Rent,1,319.20385989853503,1,242.07609407160112,0,0,0.0,0,0.0
8693,54,23377.415125381747,Mortgage,1,1664.4317767482412,1,4214.434453017553,0,0,0.0,1,0.0
8694,74,51634.82805366487,Own,1,1238.9941552144562,1,37763.34440584913,0,0,0.0,1,9.949244182777631
8695,63,33366.183563144514,Own,1,1944.2687111673808,1,37809.93133213695,0,0,0.0,1,0.0
8696,76,64226.398634805126,Own,1,6694.589469879111,1,92993.95608827016,0,0,0.0,1,0.0
8697,43,8264.94526662789,Rent,1,8.82242248671264,1,0.0,0,0,0.0,0,0.0
8698,65,39809.63329282478,Mortgage,1,1992.2396819329015,1,7425.521982609255,1,0,0.0,1,0.0
8699,47,24031.146956515124,Mortgage,1,2277.352345543463,1,4184.855989700892,0,0,0.0,1,0.0
8700,55,45114.79855074061,Mortgage,1,2093.575519481019,1,9152.261750456593,1,0,0.0,1,0.0
8701,48,48209.726939436885,Mortgage,1,2404.592821220227,1,3512.621414319342,0,0,0.0,1,0.0
8702,59,34947.95840310964,Mortgage,1,687.712252617268,1,2030.4464663248245,0,0,0.0,1,1.5625795843207173
8703,75,83147.37265351306,Own,1,7394.116046971078,1,33436.4018221205,0,0,0.0,1,0.0
8704,45,25136.8097697471,Mortgage,1,1306.8154750059575,1,1155.7490815501583,1,0,0.0,1,0.0
8705,39,9353.455239083749,Rent,1,0.0,0,0.0,0,0,0.0,0,0.0
8706,54,34933.86438162844,Mortgage,1,678.5241406868704,1,8688.801236266363,0,0,0.0,1,2612.598313191763
8707,51,25170.613705880678,Rent,1,1103.7512484332287,1,2482.7375558349054,0,0,0.0,1,0.0
8708,38,4678.862164198652,Rent,1,178.3747189950965,0,0.0,0,0,0.0,0,0.0
8709,78,26622.160258877106,Own,1,2642.265285491333,1,9124.707926141386,1,0,0.0,1,6.704840218382282
8710,48,19540.339192449388,Mortgage,1,1059.9435859166529,1,3024.141940965814,0,0,0.0,1,0.0
8711,44,17036.78611292754,Rent,1,934.8350387766011,1,1523.7135196579557,0,0,0.0,0,0.0
8712,66,29158.585696743005,Mortgage,1,2165.9272038147737,1,8917.032207428649,1,0,0.0,1,0.0
8713,35,3759.493824422172,Rent,1,153.5604865970928,0,0.0,0,0,0.0,0,0.0
8714,73,81166.21631720742,Own,1,4097.60700703676,1,43206.941449016296,0,1,9078.162386776974,1,3621.5909300802023
8715,87,100621.59672660653,Own,1,6130.601761624352,1,38104.443782446084,0,1,9719.693228630153,1,6414.159718791362
8716,31,21723.13080666617,Rent,1,2542.3859163652146,1,2800.2686557253774,0,0,0.0,1,0.0
8717,48,13490.508818506227,Rent,1,624.7205484205623,1,2604.1993412096654,0,0,0.0,0,0.0
8718,75,73397.42820736086,Own,1,7814.334974677617,1,81604.91934910436,1,1,4392.775744205052,1,0.7572069384333688
8719,47,9820.498341778806,Rent,1,467.96543195131267,0,0.0,0,0,0.0,0,0.0
8720,75,85722.3272638925,Own,1,6082.293631557323,1,92348.73398270816,1,1,7065.3568858512745,1,0.0
8721,91,100029.42109610025,Own,1,10775.027826488651,1,8522.950834649702,1,1,16496.145521246726,1,5944.396799021031
8722,44,22605.082694426208,Rent,1,4926.375649988422,1,1495.9094413505202,1,1,4482.61852551696,1,0.0
8723,30,13398.383946141359,Rent,1,996.7473552279117,1,284.64202769653843,0,0,0.0,0,0.0
8724,56,36761.73017816853,Mortgage,1,1529.2534669882195,1,9272.999040266383,0,0,0.0,1,2541.8275791528627
8725,51,16463.922654764483,Rent,1,1604.1804575033434,1,2939.4952092946,0,0,0.0,0,0.0
8726,70,44493.81133193785,Own,1,2521.2723598353227,1,43035.89089989046,0,0,0.0,1,0.0
8727,38,25102.829874282674,Rent,1,433.40850950418775,1,1322.269132852758,0,0,0.0,0,0.0
8728,54,36163.5021811878,Mortgage,1,1997.007172387812,1,2956.6738831271837,0,0,0.0,1,0.0
8729,61,28581.336159138562,Mortgage,1,1578.8968823062091,1,919.9787084508496,1,0,0.0,1,0.0
8730,40,36134.469874601615,Rent,1,604.0314320021473,1,2572.3319576500257,0,0,0.0,0,0.0
8731,62,32880.23121971825,Mortgage,1,1794.8899525038478,1,3962.11061019253,0,0,0.0,1,17.02273268465725
8732,74,86974.6006867312,Own,1,5486.094236610769,1,8633.192692780323,1,0,0.0,1,5403.5717537596975
8733,40,12688.227476034212,Rent,1,0.0,0,0.0,0,0,0.0,0,0.0
8734,33,16044.32055411493,Rent,1,498.6336533787434,1,1577.6496845004226,0,0,0.0,0,0.0
8735,45,24380.68411338276,Mortgage,1,2353.72799292115,1,3405.1329361346698,0,0,0.0,1,0.0
8736,52,17006.414327421713,Mortgage,1,1088.9126930273221,1,3425.39017458528,1,0,0.0,1,2.7375467353426686
8737,43,689.5215068675279,Rent,1,237.96730600203637,1,1020.0328862561778,0,0,0.0,0,0.0
8738,51,34773.84274942536,Mortgage,1,1319.335183829609,1,2966.3046750752774,0,0,0.0,1,0.0
8739,62,52523.91259309865,Own,1,2028.9516816620032,1,8327.091281136893,0,0,0.0,1,0.0
8740,90,604351.0233538824,Own,1,3594.8344512534964,1,94643.09273689841,1,1,11758.914835532503,1,6.57065455001302
8741,63,7735.72115617638,Mortgage,1,856.6663038458452,1,1214.321454299507,1,0,0.0,1,0.0
8742,56,100631.30458121891,Own,1,3155.1698919169494,1,8266.748556985614,0,0,0.0,1,0.0
8743,38,13911.674735931521,Rent,1,827.1742629112335,1,1668.8719707983703,0,0,0.0,0,0.0
8744,90,72919.08881250813,Own,1,11936.599405670979,1,79695.11641611751,1,1,21265.722366445476,1,17.362124763600317
8745,56,34183.31567229683,Mortgage,1,1801.0889187346693,1,9180.333136355894,0,0,0.0,1,0.0
8746,40,14160.209450977614,Rent,1,149.56674333831825,0,0.0,0,0,0.0,0,0.0
8747,30,525.5206015037594,Rent,0,0.0,0,0.0,0,0,0.0,0,0.0
8748,36,10271.128445900707,Rent,1,984.0618583080054,0,0.0,0,0,0.0,0,0.0
8749,70,17483.61398291645,Mortgage,1,1708.6765817589928,1,36960.4996661845,0,0,0.0,1,0.7089620927847026
8750,37,41247.08049726504,Rent,1,4900.005059857807,0,0.0,0,0,0.0,1,0.0
8751,90,71181.89396086316,Own,1,6274.874433294935,1,96758.46639356414,1,1,6833.234090073916,1,6642.602272208771
8752,78,109087.67740027102,Mortgage,1,2063.349068242669,1,8301.637828131463,1,0,0.0,1,1.0140937374530163
8753,73,20925.910255922223,Own,1,1313.5035372852872,1,35502.32143682939,0,0,0.0,1,3.9044400479002896
8754,28,525.5206015037594,Rent,0,0.0,0,0.0,0,0,0.0,0,0.0
8755,50,70603.23600662204,Mortgage,1,2210.631819746396,1,8955.405923295348,0,0,0.0,1,0.0
8756,91,85406.1779968541,Own,1,7153.3387937199,1,90539.8260404307,1,1,19900.694154211655,1,6398.406395726979
8757,30,17423.551872286953,Rent,1,1015.4100260416562,1,0.0,0,0,0.0,0,0.0
8758,59,111933.88523984574,Own,1,5427.856611663865,1,41849.44902394315,1,1,8425.020114571931,1,0.0
8759,79,117800.97275877306,Own,1,2988.442274939941,1,37998.70050525325,0,0,0.0,1,0.0
8760,35,12383.05911794419,Mortgage,1,624.5050857364885,1,3078.8108806601676,0,0,0.0,0,0.0
8761,48,32933.702163878675,Mortgage,1,848.9125704517415,1,3254.8439118395318,0,0,0.0,1,3940.115846295868
8762,30,9224.562415982557,Rent,1,376.3283929316565,0,0.0,0,0,0.0,0,0.0
8763,69,57473.04992041887,Own,1,1926.4326347803865,1,39891.18149959088,0,0,0.0,1,0.0
8764,88,45350.544227825245,Own,1,4102.885472328841,1,42612.04528909374,0,1,6938.461642711686,1,7.228403924407862
8765,76,36922.21598435161,Own,1,1698.1460334682988,0,0.0,0,0,0.0,1,0.0
8766,78,173879.01165868528,Own,1,1674.5431837723072,1,42713.19032828896,0,0,0.0,1,0.0
8767,48,47182.81270435657,Mortgage,1,1332.232240481122,1,2835.4766230999353,1,0,0.0,1,0.0
8768,55,40142.41296868949,Mortgage,1,891.3762711780653,1,8121.75709157459,1,0,0.0,1,1.6020052226479098
8769,73,99335.13619928336,Own,1,3809.771335945423,1,42638.70506623322,1,1,6986.58465771127,1,0.0
8770,50,26738.590787381738,Mortgage,1,1583.2002256136882,1,3835.9222017569564,0,0,0.0,1,0.0
8771,65,29853.908112687663,Mortgage,1,1659.603878187639,1,8860.201737489677,1,0,0.0,1,0.0
8772,66,33610.82867658728,Mortgage,1,1540.9396330427921,1,8153.6300720984345,1,0,0.0,1,0.0
8773,35,22090.782729645878,Rent,1,104.46643781792682,0,0.0,0,0,0.0,0,0.0
8774,63,45633.97059547578,Own,1,1712.727798643375,1,44044.47113223026,0,0,0.0,1,0.0
8775,71,18571.330792209632,Own,1,2758.691388308131,1,9805.577085920428,1,0,0.0,1,0.0
8776,68,41238.6745686015,Own,1,2650.8692773660946,1,96624.47623766436,1,1,10263.726871383438,1,0.0
8777,91,165185.72495122228,Own,1,33521.1061118741,1,79832.89389462616,1,1,22981.082332150243,1,8.437336516102636
8778,38,1826.2036853043646,Rent,1,561.7263638669208,1,1487.8545049352765,0,0,0.0,0,0.0
8779,29,14851.223955892887,Rent,0,0.0,0,0.0,0,0,0.0,0,0.0
8780,43,7653.796698485732,Mortgage,1,354.24073426611574,1,1664.8516913447615,0,0,0.0,0,0.0
8781,90,66827.5990890901,Own,1,34621.5831336005,1,95046.72471792616,0,1,33981.71274083019,1,0.0
8782,56,42788.94398551663,Mortgage,1,1587.0239033576584,1,7640.729608498637,1,0,0.0,1,0.0
8783,43,18762.427926937442,Mortgage,1,844.1977376716068,0,0.0,0,0,0.0,1,0.0
8784,31,11314.392479927163,Rent,0,0.0,0,0.0,0,0,0.0,0,0.0
8785,60,40718.4896198871,Mortgage,1,2092.038136885528,1,9908.613345971218,1,0,0.0,1,0.0
8786,90,82693.92145147033,Own,1,9864.42635263436,1,93932.36413723076,1,1,13439.368020818783,1,19937.034127453284
8787,29,13341.082180291698,Rent,0,0.0,0,0.0,0,0,0.0,0,0.0
8788,91,107679.47659519152,Own,1,7253.675194671534,1,43656.184396438744,1,1,7863.209568794742,1,9322.781857936145
8789,50,1945.0499855553444,Rent,0,0.0,0,0.0,0,0,0.0,0,0.0
8790,29,4560.389850116202,Rent,1,605.0795372408438,0,0.0,0,0,0.0,0,0.0
8791,44,38665.56690544279,Mortgage,1,1124.3312002439125,1,3820.349671572852,0,0,0.0,1,0.0
8792,64,23427.45936739203,Mortgage,1,1669.4832792422653,1,9244.84575110779,0,0,0.0,1,0.0
8793,68,53745.997359370696,Own,1,4262.276295973736,1,8743.826746533092,0,0,0.0,1,5783.4098001412085
8794,48,24314.045549525952,Rent,1,514.6160434643593,1,2143.449795050571,0,0,0.0,0,0.0
8795,72,28333.24026987864,Own,1,1365.712986896238,0,0.0,0,0,0.0,1,0.0
8796,79,106070.25528316274,Own,1,6028.572229589429,1,91455.9772206986,1,1,7657.380599390847,1,6681.176529439212
8797,72,34929.9397232671,Mortgage,1,2461.8944957560525,1,8913.079545387604,1,0,0.0,1,0.0
8798,77,25756.61499752575,Own,1,3083.124880232804,1,3425.0372114984393,0,0,0.0,1,0.0
8799,54,20938.772635176094,Mortgage,1,1260.7963869545288,1,2468.436540711043,1,0,0.0,1,3153.148185436111
8800,27,525.5206015037594,Rent,1,0.0,1,950.9485681977594,0,0,0.0,0,0.0
8801,45,20955.576751271772,Rent,1,613.4714222469936,0,0.0,0,0,0.0,0,0.0
8802,51,7478.984877996556,Mortgage,1,1249.1595697986031,1,1677.9057930704284,0,0,0.0,0,0.0
8803,59,28353.81538370325,Mortgage,1,196.03663050767284,1,7458.161395562582,1,0,0.0,1,7.432867907299596
8804,63,32684.02432723745,Own,1,1925.6458991603133,1,8070.117639778001,0,0,0.0,1,3121.240008604641
8805,29,525.5206015037594,Rent,0,0.0,0,0.0,0,0,0.0,0,0.0
8806,90,474029.93627229315,Own,1,27565.430162452794,1,95268.19586533873,1,1,12238.828464543509,1,0.0
8807,31,25758.301047250858,Mortgage,1,2051.683770100082,1,10382.119005675897,0,0,0.0,1,0.0
8808,35,3298.939149461534,Rent,1,989.2289236131852,1,2397.3237581364274,0,0,0.0,0,0.0
8809,32,525.5206015037594,Rent,0,0.0,0,0.0,0,0,0.0,0,0.0
8810,77,93263.4131452145,Own,1,3817.7591549948284,1,90472.6275415225,1,1,29303.915586942694,1,0.9615872542810252
8811,79,40711.69153271458,Own,1,1984.020442974973,1,42299.66324936225,0,0,0.0,1,0.0
8812,50,59756.81389572776,Mortgage,1,4404.262478339832,1,8321.58014959002,1,0,0.0,1,0.0
8813,40,14153.47015053387,Rent,1,517.9666640353338,0,0.0,0,0,0.0,0,0.0
8814,64,107518.40427756135,Own,1,1635.735783814393,1,7904.891485774036,1,1,6564.9066466260565,1,0.0
8815,79,45747.93022649796,Own,1,2273.4053307942177,1,37836.21103534056,0,1,1.1955473666112655,1,0.0
8816,45,19108.569837988136,Mortgage,1,1799.1850912301798,1,4317.107351290519,0,0,0.0,1,0.0
8817,38,20018.831833594246,Rent,1,568.4049455716008,1,1896.397798125349,0,0,0.0,0,0.0
8818,68,12600.499264045005,Mortgage,1,1960.6702771234955,0,0.0,0,0,0.0,1,0.0
8819,30,4207.957828530702,Rent,1,341.815414115202,1,1322.876219100102,0,0,0.0,0,0.0
8820,64,48926.42440749372,Own,1,1815.796096963699,1,3222.917784347581,0,0,0.0,1,0.0
8821,64,56239.246043961364,Mortgage,1,1792.8971816672495,1,8473.983780940252,0,0,0.0,1,3466.119177395696
8822,67,35362.79879971258,Own,1,1841.0436509826413,1,8691.418710805443,1,0,0.0,1,4161.585692941049
8823,41,27659.4021282278,Mortgage,1,1305.714195019029,1,3538.254782700984,0,0,0.0,1,0.0
8824,80,26952.09855312275,Rent,0,0.0,0,0.0,0,0,0.0,0,0.0
8825,29,37200.17291650329,Rent,1,1691.1199047355594,1,44489.73174615891,0,0,0.0,1,4.657479990257683
8826,30,20843.241526985912,Mortgage,1,1068.140993908229,1,2644.752766910424,0,0,0.0,1,0.0
8827,72,52385.26460093383,Mortgage,1,2132.069299722646,1,2526.4899563444696,0,0,0.0,1,0.0
8828,35,8136.349193421289,Rent,1,0.0,0,0.0,0,0,0.0,0,0.0
8829,64,16013.328628112646,Mortgage,1,1688.8066954449002,0,0.0,1,0,0.0,1,0.0
8830,33,14233.639660706986,Rent,1,635.3092937314708,1,964.5402737196464,0,0,0.0,0,0.0
8831,30,26682.874978405136,Rent,1,1091.063374693417,1,3182.8118088394576,0,0,0.0,0,0.0
8832,37,525.5206015037594,Rent,0,0.0,0,0.0,0,0,0.0,0,0.0
8833,84,95079.50925913505,Own,1,3896.4400257832003,1,92266.01206781063,1,1,4926.185436561743,1,7.529680376916561
8834,88,114422.39207006324,Own,1,8472.828828882832,1,91886.05303306195,1,1,18826.582137798163,1,0.0017716045364696287
8835,68,45897.78044734485,Mortgage,1,1950.260946146407,1,7649.520157927393,1,0,0.0,1,3473.6157365911836
8836,38,37872.80102149911,Mortgage,1,1043.9927572281829,1,5409.546410690289,0,0,0.0,0,0.0
8837,29,37071.35823748561,Rent,1,1341.1705286292024,1,2556.5415533074674,0,0,0.0,0,0.0
8838,38,35099.96232475366,Own,1,1670.9445685241217,1,37096.47967561651,0,0,0.0,1,0.0
8839,68,631233.0754549986,Own,1,30400.8767892439,1,82051.78676992966,1,1,23609.025894980685,1,0.0
8840,80,114524.95294591048,Own,1,1757.522388136576,1,42344.41164847722,0,0,0.0,1,0.0
8841,31,15510.637936196223,Rent,1,421.20568538240474,1,648.6058216959489,0,0,0.0,0,0.0
8842,68,88575.16264845931,Mortgage,1,1946.1211595582226,1,8267.6385871549,0,0,0.0,1,4363.566584997063
8843,51,29744.774563846397,Mortgage,1,1039.0783699049864,1,4280.2550732029995,0,0,0.0,1,2.108628135726407
8844,56,16320.890076656446,Rent,1,813.2732664385447,1,2617.6963648209876,0,0,0.0,1,0.0
8845,45,48956.95968293504,Mortgage,1,1347.3317093471424,1,3034.970075112691,1,0,0.0,1,3891.904582761941
8846,89,490999.3328842586,Own,1,25467.12468938923,1,92519.9582517954,1,1,8634.536846323166,1,7379.140309312829
8847,38,525.5206015037594,Rent,1,0.0,0,0.0,0,0,0.0,0,0.0
8848,49,33664.907592468924,Mortgage,1,1994.859618314823,1,3350.902043977977,1,0,0.0,1,4825.51458941944
8849,42,17759.0238777231,Mortgage,1,1448.0037893372155,1,3669.202026280107,0,0,0.0,1,4690.983240241196
8850,75,104080.60895013268,Own,1,44392.176389770466,1,93142.2118662048,1,1,7461.645545710167,1,0.0
8851,64,30598.65525963586,Mortgage,1,1980.5678922675113,1,8281.124902375926,1,0,0.0,1,2.9661070772413396
8852,81,75268.84211345378,Own,1,2805.6485823202993,1,42504.03510628293,0,1,16801.359503845797,0,0.0
8853,69,34448.23475546795,Mortgage,1,2087.6502896837037,1,7762.309955014451,1,0,0.0,1,5541.832020962823
8854,61,33349.97138998355,Rent,1,1850.1972173764557,1,570.8246551588775,0,0,0.0,1,14.32786337764473
8855,26,20618.979617652643,Mortgage,1,881.5803526701222,1,3887.6068448841133,0,0,0.0,0,0.0
8856,80,88292.45376572802,Own,1,1444.4547151706315,1,35229.93498974403,0,0,0.0,1,0.0
8857,47,37242.283853875735,Mortgage,1,1750.9174900470648,1,4839.074239145508,0,0,0.0,1,0.0
8858,42,10021.201735752189,Rent,1,294.64117301785893,0,0.0,0,0,0.0,0,0.0
8859,65,35812.86976985002,Mortgage,1,1747.9135410859842,1,7955.470525862327,1,0,0.0,1,0.0
8860,40,12158.740722463204,Rent,1,564.568840033472,1,961.1571083364022,0,0,0.0,0,0.0
8861,50,16408.46693748855,Mortgage,1,1254.3693280623177,1,4273.8545944425605,0,0,0.0,1,0.0
8862,73,62681.133394620796,Own,1,2548.9536063688956,1,34936.46018144018,0,0,0.0,1,0.0
8863,30,525.5206015037594,Rent,0,0.0,0,0.0,0,0,0.0,0,0.0
8864,52,29040.385446123317,Mortgage,1,1788.2877209650637,1,4486.897262377707,0,0,0.0,1,0.0
8865,62,31541.83984487249,Mortgage,1,2203.366422982935,1,2438.1615054753715,0,0,0.0,1,0.0
8866,38,64688.137418778286,Own,1,2557.800495951267,1,40441.205834264794,0,0,0.0,1,0.4389442612094492
8867,29,8483.232398484604,Rent,0,0.0,0,0.0,0,0,0.0,0,0.0
8868,78,99874.3002219757,Own,1,7340.224435451188,1,92868.17295507902,1,1,10873.0292260215,1,8.244085544150234
8869,47,13991.802143624482,Rent,1,553.3055880660496,0,0.0,0,0,0.0,0,0.0
8870,48,29071.24464678211,Mortgage,1,486.4881007809948,1,1066.3575859663974,0,0,0.0,0,0.0
8871,42,7248.358525473868,Rent,1,415.687198732938,1,307.89119612724176,0,0,0.0,0,0.0
8872,77,52447.97095390632,Own,1,2611.349870221641,1,38542.190082941976,0,1,3925.465171426589,1,0.0
8873,62,28083.902909138316,Mortgage,1,770.9019319288567,1,2083.943363870744,0,0,0.0,1,0.0
8874,51,28825.32094733938,Mortgage,1,1940.0487146901257,1,3753.766077973081,0,0,0.0,1,0.0
8875,58,35117.514081979796,Mortgage,1,1678.9299965526116,1,7698.96810483777,1,0,0.0,1,0.0
8876,41,16275.276467430536,Rent,1,687.6533537402412,1,1625.041235837787,0,0,0.0,0,0.0
8877,88,134869.52496369215,Own,1,8679.220280840555,1,63291.246701637065,1,1,7050.900876577552,1,9790.918456040054
8878,62,40379.89572605993,Own,1,3772.620437442639,1,8802.864635357542,0,0,0.0,1,3824.5683961003933
8879,91,103808.89929773327,Own,1,7241.517295764437,1,70989.46182436655,1,1,12096.96038718876,1,6334.340663442023
8880,68,49347.262639784356,Mortgage,1,3864.1318795073744,1,36159.4925385649,0,0,0.0,1,13.823090651421266
8881,91,96402.42675399146,Own,1,10734.072770634912,1,91494.47275687009,1,1,18300.910631597326,1,0.0
8882,63,35765.54096603503,Mortgage,1,1730.8399916889032,1,8652.52439872984,1,0,0.0,1,3285.3980334076214
8883,38,8569.036091587936,Mortgage,1,1081.6941611771892,0,0.0,0,0,0.0,0,0.0
8884,67,23539.018704966125,Own,1,982.3721624213852,0,0.0,0,0,0.0,1,0.0
8885,61,48908.918304198494,Own,1,2260.3358049339568,0,0.0,1,0,0.0,1,0.4596410285911038
8886,32,11433.193483716735,Rent,1,608.039936302768,1,1401.5796490651942,0,0,0.0,0,0.0
8887,31,9237.768076653878,Rent,1,0.0,0,0.0,0,0,0.0,0,0.0
8888,31,17138.67645593998,Rent,1,863.2066031012712,1,1015.5191480447863,0,0,0.0,0,0.0
8889,58,29678.40054241619,Mortgage,1,1882.2587905581267,0,0.0,1,0,0.0,1,0.0
8890,89,94714.72253115704,Own,1,7171.503926587162,1,39943.31900098437,1,1,8106.659540784732,1,8670.55359700517
8891,29,2201.92970252962,Rent,0,0.0,0,0.0,0,0,0.0,0,0.0
8892,29,7693.696493021549,Rent,0,0.0,0,0.0,0,0,0.0,0,0.0
8893,48,13327.52779493994,Rent,1,958.0942997976877,1,1463.8531234433665,0,0,0.0,1,0.0
8894,52,18907.56345133862,Mortgage,1,1708.043294127124,1,1978.0882262420214,1,0,0.0,1,0.0
8895,46,42297.52621801019,Mortgage,1,1671.1272072542954,1,8176.823456663271,0,0,0.0,1,0.0
8896,32,29567.42254498945,Mortgage,1,2062.284141843362,1,8953.325340268208,0,0,0.0,1,0.0
8897,59,41183.94222162689,Mortgage,1,1539.2702479072373,1,3116.806791149706,1,0,0.0,1,3.2503550021763306
8898,67,22869.810146424767,Mortgage,1,1520.8251527362704,1,9702.46603501225,1,0,0.0,1,2.653591330952238
8899,58,197947.1331724353,Own,1,36161.18249229501,1,95903.15749458465,1,1,45138.84286988793,1,8.332482498368943
8900,57,39684.38184345157,Mortgage,1,1503.2323334957232,1,8712.15665320064,1,0,0.0,1,5853.887085091963
8901,32,6354.141336254772,Rent,1,0.0,0,0.0,0,0,0.0,0,0.0
8902,88,72776.17364884375,Own,1,3305.1800008592772,0,0.0,1,1,7447.036259283997,1,0.0
8903,61,39928.29690093551,Own,1,1841.2768389831767,1,38554.18694672226,0,0,0.0,1,0.0
8904,35,15799.114548258283,Rent,1,316.9919615337624,1,2156.4604846144152,0,0,0.0,0,0.0
8905,29,632.5226847954909,Rent,1,274.2234905252727,0,0.0,0,0,0.0,0,0.0
8906,37,39761.36940501575,Mortgage,1,3946.0645216522935,1,1868.1530207980613,0,0,0.0,1,0.0
8907,71,39403.58516265877,Own,1,1753.229274946386,1,39438.608072146075,0,0,0.0,1,3318.541184850245
8908,59,38096.095241776056,Mortgage,1,2037.3627741458888,1,10070.745510313682,0,0,0.0,1,0.0
8909,39,12406.718388894511,Mortgage,1,1867.6037133966654,1,4420.029117217675,0,0,0.0,1,0.0
8910,54,40992.13834798331,Mortgage,1,2181.3247581327114,1,8842.936215904772,1,0,0.0,1,3538.957181715752
8911,60,21557.334143444434,Mortgage,1,1904.2734047578417,1,4755.364210008638,0,0,0.0,1,0.0
8912,31,525.5206015037594,Rent,0,0.0,0,0.0,0,0,0.0,0,0.0
8913,29,9317.803439614367,Rent,1,24.84412526758763,0,0.0,0,0,0.0,0,0.0
8914,41,14182.673011491599,Rent,0,0.0,1,0.0,0,0,0.0,0,0.0
8915,36,9926.831784928425,Rent,1,1061.07066468608,1,2936.726671602766,0,0,0.0,0,0.0
8916,75,106402.73792587723,Own,1,2189.9493214412532,1,42711.55017970994,0,0,0.0,1,0.0
8917,35,525.5206015037594,Rent,0,0.0,0,0.0,0,0,0.0,0,0.0
8918,73,38603.30798842641,Mortgage,1,1523.919609640578,1,8212.220711358645,1,0,0.0,1,0.0
8919,31,34844.1934803888,Rent,1,857.1511848320304,1,1370.4588224837116,0,0,0.0,0,0.0
8920,48,7537.2936190266955,Rent,1,319.1822279297047,1,4068.8122950358866,0,0,0.0,0,0.0
8921,55,58199.52540843939,Mortgage,1,888.489245567509,1,3053.540237344353,1,0,0.0,1,6.611588698261319
8922,46,31592.326623905054,Mortgage,1,676.432198411615,1,3517.936476947202,0,0,0.0,1,0.0
8923,73,27841.394662151404,Rent,1,1930.0670800678467,1,1477.1622087504243,0,0,0.0,1,2190.2746413147743
8924,74,50449.60113357013,Mortgage,1,2253.8056607138674,1,93228.08504894329,0,0,0.0,1,12.024248953453792
8925,55,28818.688686518122,Own,1,1717.571044641628,1,8903.66997991289,1,0,0.0,1,0.0
8926,89,349438.0521974,Own,1,9391.32369253795,1,93290.70939799369,1,1,7582.426687662105,1,18171.849332641865
8927,30,6342.879939080707,Rent,1,943.6074633603967,1,2296.055016968883,0,0,0.0,0,0.0
8928,57,22499.90748411633,Mortgage,1,1506.1586554776284,0,0.0,1,0,0.0,1,0.0
8929,91,192520.22230457366,Own,1,10043.23443956115,1,95119.33174107783,1,1,8036.933341234578,1,5816.105447777907
8930,89,505882.8751005577,Own,1,20070.075818136742,1,95662.0877124092,1,1,22604.220655471414,1,11044.395886593971
8931,76,28923.804293133115,Own,1,1525.0809272370157,1,1581.7980437481565,0,0,0.0,0,0.0
8932,33,21465.306832688748,Rent,1,1917.9963942427162,1,2511.066185743017,0,0,0.0,0,0.0
8933,32,15538.213318524602,Rent,1,359.79329422167723,0,0.0,0,0,0.0,0,0.0
8934,55,38448.46657049982,Mortgage,1,1939.4952886217138,1,3133.2268141029776,1,0,0.0,1,7.62087082167199
8935,30,3822.9901717309785,Rent,1,355.93512028367934,0,0.0,0,0,0.0,0,0.0
8936,60,22020.15734400543,Own,1,1028.879620622294,1,2944.802270634243,0,0,0.0,1,0.0
8937,31,525.5206015037594,Rent,0,0.0,0,0.0,0,0,0.0,0,0.0
8938,48,22106.730486089105,Rent,1,750.1175255056692,1,2954.847198224177,0,0,0.0,0,0.0
8939,60,35615.479478666886,Mortgage,1,1886.7486628600016,1,9253.529835782669,1,0,0.0,1,0.0
8940,79,70451.21125014595,Own,1,4787.763280936817,1,34443.856242826936,0,0,0.0,1,8.446697713153917
8941,88,82473.2417074793,Own,1,3316.013046298099,1,92805.48013833711,1,1,8927.977362811125,1,13595.752032663353
8942,88,62221.05228433185,Own,1,5280.662178133085,1,46099.964614830766,1,1,11086.411181042242,1,2.426437746832812
8943,69,37716.13842492271,Mortgage,1,1468.8253484067086,1,8438.506867343523,1,0,0.0,1,3807.58017580868
8944,53,22415.11347150046,Own,1,1488.031009441233,1,2112.197185757665,0,0,0.0,1,0.0
8945,86,567357.1118267634,Own,1,38034.06616666666,1,94649.60200629913,1,1,12150.425449944587,1,11.293719138066491
8946,37,15061.721112654603,Rent,1,338.81649034894053,1,2106.715248561655,0,0,0.0,0,0.0
8947,44,32160.871063905903,Mortgage,1,957.5185259387997,1,1395.884939106773,0,0,0.0,0,0.0
8948,53,80310.34721679425,Mortgage,1,1165.6328641856066,1,7746.539325964995,1,0,0.0,1,1.3552505214394406
8949,47,43304.5350787029,Own,1,1318.9996932583201,0,0.0,0,0,0.0,1,0.0
8950,51,17006.206349663335,Mortgage,1,1253.1672170949942,0,0.0,0,0,0.0,1,2364.227660081088
8951,45,33243.25078935725,Mortgage,1,1218.8949382595822,1,4536.1920034864615,0,0,0.0,1,3933.810155189418
8952,28,2124.3717075736986,Rent,0,0.0,0,0.0,0,0,0.0,0,0.0
8953,42,525.5206015037594,Rent,1,812.2501859650297,1,1186.3629299558365,0,0,0.0,0,0.0
8954,32,14251.271889032974,Rent,1,0.0,1,993.8050313569127,0,0,0.0,0,0.0
8955,32,13674.063436770546,Rent,1,761.0805452499607,0,0.0,0,0,0.0,0,0.0
8956,32,531.5158350075508,Rent,1,0.0,0,0.0,0,0,0.0,0,0.0
8957,62,17012.970144299066,Rent,1,1239.439843114985,0,0.0,1,0,0.0,1,0.0
8958,44,7455.700173938627,Rent,1,928.3019784921127,0,0.0,0,0,0.0,0,0.0
8959,29,10798.555215992597,Rent,0,0.0,0,0.0,0,0,0.0,0,0.0
8960,46,16644.041202514967,Rent,1,688.9992641069204,1,3577.8163705537677,0,0,0.0,0,0.0
8961,65,25663.78918290219,Mortgage,1,6071.810977603078,1,8962.086317910369,1,0,0.0,1,12.684558026256207
8962,64,34858.1662602717,Mortgage,1,1997.993788855942,1,1928.8505977767456,1,0,0.0,1,5339.729724288132
8963,31,20730.567740687242,Rent,1,905.0813221298147,0,0.0,0,0,0.0,0,0.0
8964,43,13733.906740611767,Rent,1,402.3746132375403,1,1174.012987577661,0,0,0.0,0,0.0
8965,67,24174.866023041006,Mortgage,1,1785.5951579377302,1,9108.115925309054,1,0,0.0,1,12.675023112141085
8966,46,18997.917115917757,Mortgage,1,1312.4649355432057,1,4686.394577081326,0,0,0.0,1,0.0
8967,69,45470.813053252954,Own,1,3575.2246810000634,1,9511.421040208894,0,0,0.0,1,3620.3288240820166
8968,40,525.5206015037594,Rent,1,289.74454636852465,1,0.0,0,0,0.0,0,0.0
8969,58,37840.026337714364,Mortgage,1,1968.1903737979019,1,36770.97318144213,0,0,0.0,1,0.0
8970,42,39374.76718442747,Mortgage,1,1708.984923233022,1,4660.662618113841,0,0,0.0,1,3560.312946705332
8971,90,710322.1275982937,Own,1,3379.6246099257687,1,95793.58172849214,1,1,17826.887367463027,1,0.0
8972,29,525.5206015037594,Rent,0,0.0,0,0.0,0,0,0.0,0,0.0
8973,53,22606.347435842283,Mortgage,1,1380.9964170767055,0,0.0,0,0,0.0,0,0.0
8974,44,27152.37799052975,Mortgage,1,424.9003783756355,1,2878.763454399438,0,0,0.0,0,0.0
8975,51,17345.79740665183,Rent,1,381.14463849462663,0,0.0,0,0,0.0,1,0.0
8976,80,108954.0412372017,Own,1,3161.66275725451,1,35758.041527137015,0,0,0.0,1,8913.267184537575
8977,87,197095.24394284844,Own,1,5555.651565678606,1,79873.11358198171,1,1,12905.62277206967,1,0.0
8978,42,63067.997103092435,Mortgage,1,1714.213949315968,1,2107.65801960177,1,0,0.0,1,4245.891737358754
8979,75,96833.5633249342,Own,1,3638.799540067755,1,41022.6267251608,0,1,6901.535484314153,1,6201.927315316571
8980,39,17086.521103784326,Rent,1,1665.5698726370915,1,36723.4146296865,0,0,0.0,1,0.0
8981,63,25786.46991675022,Own,1,1572.8195225968395,1,96758.46639356414,1,0,0.0,1,16.327759297922288
8982,35,16021.850315276504,Rent,1,587.0616548365319,1,2000.77588008244,0,0,0.0,1,0.0
8983,68,94711.28732295711,Own,1,3313.3605837434757,1,94106.80060783387,1,1,6535.996356394553,1,0.0
8984,31,13958.159648725143,Rent,1,1731.675075959705,1,2869.3644118322677,0,0,0.0,0,0.0
8985,31,525.5206015037594,Rent,0,0.0,0,0.0,0,0,0.0,0,0.0
8986,39,13533.57704244498,Rent,1,691.5658440152747,1,3480.522479187568,0,0,0.0,0,0.0
8987,77,49591.44148400571,Own,1,1639.6403450600403,1,33100.677051730345,0,0,0.0,1,6037.64520689323
8988,57,33244.630715152816,Mortgage,1,1774.4664295797133,1,3572.3719077819883,0,0,0.0,1,3.287249102282813
8989,58,23836.107198441692,Mortgage,1,1717.4357781949325,1,8336.608212269724,1,0,0.0,1,3968.6739144522803
8990,62,69765.12791045429,Mortgage,1,1238.770677944894,1,7813.552503173963,1,0,0.0,1,3140.091165386354
8991,29,13618.119693677258,Rent,0,0.0,0,0.0,0,0,0.0,0,0.0
8992,77,77571.18560501098,Own,1,2042.9383905801567,1,37578.772804900946,0,0,0.0,1,2376.7188765361616
8993,62,18885.24140795463,Mortgage,1,2048.564419230532,1,2778.3567140840064,1,0,0.0,1,0.0
8994,33,3550.7270795947297,Rent,0,0.0,0,0.0,0,0,0.0,0,0.0
8995,70,51528.67295763842,Mortgage,1,2042.4401793991942,1,39010.68438067543,0,0,0.0,1,0.0
8996,30,3578.8294688298483,Rent,0,0.0,0,0.0,0,0,0.0,0,0.0
8997,91,110235.2434891452,Own,1,7222.804715506884,1,89388.61390420815,1,1,7497.678761263401,1,3910.1971276682616
8998,87,89899.31988151067,Own,1,4180.073587179586,1,94545.11353484789,1,1,8836.491512585615,1,14739.816398016957
8999,38,3620.102675304437,Rent,1,395.4620762251858,1,0.0,0,0,0.0,0,0.0
9000,53,59912.314759729445,Own,1,2562.2529316318232,1,4814.523807091636,0,0,0.0,1,5100.275954197315
9001,29,3065.7587733842083,Rent,1,770.8243065543688,1,2889.6027627591698,0,0,0.0,0,0.0
9002,28,13574.423707241333,Rent,1,482.02763018079577,1,2009.334509803834,0,0,0.0,0,0.0
9003,69,41836.73168584994,Mortgage,1,1603.9220021985961,1,8708.747469545968,0,0,0.0,1,17.072204500936596
9004,37,525.5206015037594,Rent,0,0.0,0,0.0,0,0,0.0,0,0.0
9005,72,122779.42654488396,Own,1,6573.71518593233,1,33691.673801415855,0,1,12529.052444902896,1,3286.23266790646
9006,45,4133.584523245912,Rent,1,490.9656819139161,0,0.0,0,0,0.0,0,0.0
9007,66,35849.976131748146,Mortgage,1,1421.8521827502464,1,8852.378324569545,1,0,0.0,1,0.5173116519862535
9008,91,86108.88106828766,Own,1,7571.295771200246,1,79802.70891272956,1,1,4664.733486268893,1,13656.524185989932
9009,50,7873.267926301498,Rent,1,620.8049847510501,0,0.0,0,0,0.0,0,0.0
9010,87,32646.727315164597,Own,1,2698.573853054987,1,92603.37294844088,1,1,12644.363437887812,1,6774.2575131697
9011,43,40738.96063136791,Mortgage,1,2199.6409855453585,1,9308.967310197511,0,0,0.0,1,4.523256774972606
9012,87,64023.24215033173,Own,1,3498.347282968935,1,78373.76155841078,1,1,16581.654455791824,1,0.0
9013,63,72282.90397336226,Mortgage,1,1359.4509790069778,1,7475.321566669907,1,0,0.0,1,3888.8753249609736
9014,32,13610.929170791052,Rent,0,0.0,1,0.0,0,0,0.0,0,0.0
9015,31,9287.669097578502,Rent,1,798.5185090539695,1,1559.5599123885615,0,0,0.0,0,0.0
9016,29,29316.149288898894,Own,1,1626.771508034493,1,8588.344612776507,0,0,0.0,1,0.0
9017,75,37102.182809138176,Own,1,2211.7824764679867,1,35650.721509511415,0,0,0.0,1,0.0
9018,66,40040.52004404302,Mortgage,1,1664.2741646856537,1,8024.659592283986,1,0,0.0,1,2634.7514786764486
9019,32,17835.403977050035,Rent,1,835.6055665657876,1,0.0,0,0,0.0,0,0.0
9020,87,105984.35669870666,Own,1,7996.082129056903,1,42995.39949757708,0,1,12091.062478860636,1,10.046624862387281
9021,29,14998.684117922356,Rent,1,397.6426496077725,1,2412.402622632881,0,0,0.0,0,0.0
9022,67,26440.013816782466,Mortgage,1,831.0666934016787,1,1842.1148746030394,0,0,0.0,1,0.9361624228143197
9023,88,438463.7919445059,Own,1,30765.497475296994,1,96758.46639356414,1,1,11935.077432363296,1,8.362775350049404
9024,32,17228.0255589722,Rent,1,632.6177832927473,1,0.0,0,0,0.0,0,0.0
9025,31,525.5206015037594,Rent,0,0.0,0,0.0,0,0,0.0,0,0.0
9026,27,525.5206015037594,Rent,0,0.0,0,0.0,0,0,0.0,0,0.0
9027,64,41122.18789479458,Mortgage,1,1963.3061942623656,1,7696.469849959985,1,0,0.0,1,3562.095385939591
9028,36,16477.786275573915,Rent,1,1198.9962457077045,1,1138.3464262876419,0,0,0.0,1,0.0
9029,87,84587.33841309145,Own,1,1940.6556562392047,1,82673.51475135298,1,1,5213.66716417152,1,10.55954777247057
9030,85,100422.96729960684,Own,1,3629.8005545194915,1,92343.58015585781,1,1,7514.955099202326,1,5697.207630606212
9031,65,29743.91439271545,Mortgage,1,1921.4078794713741,1,9157.523600219301,0,0,0.0,1,0.0
9032,32,18796.72359100301,Rent,1,862.8677705949618,1,36183.47017182627,0,0,0.0,1,3.083837934910564
9033,79,49059.51559662596,Own,1,1621.7942305621752,1,35178.346329916785,0,0,0.0,1,0.0
9034,55,21707.633609626817,Mortgage,1,1169.8627710961687,0,0.0,1,0,0.0,1,0.0
9035,72,33470.676928617766,Own,1,1702.1114989197545,1,1760.6808900729354,0,0,0.0,1,7017.115970101588
9036,37,525.5206015037594,Rent,0,0.0,0,0.0,0,0,0.0,0,0.0
9037,46,15997.364238724565,Mortgage,1,1080.6418486388288,1,691.0190870629569,0,0,0.0,1,0.0
9038,32,8288.031363124272,Rent,1,1269.3164274866858,1,2443.4787983473607,0,0,0.0,0,0.0
9039,32,22916.47595470208,Rent,1,370.4163640295754,0,0.0,0,0,0.0,0,0.0
9040,81,32027.056991010937,Own,1,1044.602028131701,1,8279.929513084775,0,0,0.0,1,0.0
9041,74,85656.80981908103,Own,1,4575.94678569698,1,35963.222404697735,0,0,0.0,1,0.0
9042,49,28437.471738725624,Mortgage,1,2129.1284098234637,1,3300.947426513414,0,0,0.0,1,2.246466368066262
9043,79,41621.69569072242,Own,1,2153.0209165080814,1,1630.2957829754557,0,0,0.0,1,0.0
9044,87,106561.96704160147,Own,1,4495.447749395591,1,91871.13143114564,1,1,22955.168002447776,1,4800.927330772304
9045,42,26807.70273445711,Mortgage,1,873.0158624892399,1,3100.4645738266804,0,0,0.0,0,0.0
9046,56,20339.28170950795,Own,1,1575.5907589590136,1,38423.34985437566,0,0,0.0,1,0.0
9047,71,71097.55186719353,Mortgage,1,1600.9968692470486,1,7289.0785495273,1,0,0.0,1,5106.6800815239785
9048,33,43577.344102932395,Rent,1,245.11602155932542,0,0.0,0,0,0.0,0,0.0
9049,47,17584.948154870774,Rent,1,666.9838893153674,1,3503.2961428247672,0,0,0.0,0,0.0
9050,57,39296.7234943793,Mortgage,1,2002.6848904482122,1,8184.723280487889,0,0,0.0,1,0.0
9051,31,6675.007531479219,Rent,0,0.0,0,0.0,0,0,0.0,0,0.0
9052,26,9394.81613486183,Rent,0,0.0,0,0.0,0,0,0.0,0,0.0
9053,32,12316.882730002219,Rent,1,0.0,1,1184.9157084457315,0,0,0.0,0,0.0
9054,61,34250.010522862074,Mortgage,1,1270.395139311925,1,9023.214425090875,0,0,0.0,1,0.0
9055,31,3460.4942055793417,Rent,1,0.0,1,2987.9787853220673,0,0,0.0,0,0.0
9056,74,59004.226526895094,Own,1,2047.8199735065718,1,37050.94454986317,0,0,0.0,1,0.0
9057,30,20120.940378707288,Rent,1,556.6600503801224,1,274.48278285081733,0,0,0.0,0,0.0
9058,61,43599.98058852529,Mortgage,1,2369.9325649096736,1,1973.5485643166517,0,0,0.0,1,3621.709577845926
9059,36,2872.9619348215565,Rent,1,139.53747414721227,1,0.0,0,0,0.0,0,0.0
9060,80,43712.43651229476,Own,1,4370.023371096788,1,45019.953080569925,1,1,10884.527340423956,1,5679.759595794183
9061,59,36547.48796286853,Mortgage,1,2528.5822578347784,1,8994.501263459515,0,0,0.0,1,5420.092348099598
9062,29,10161.82634235743,Rent,1,978.6768891127678,1,1306.8816439547707,0,0,0.0,0,0.0
9063,29,17328.530217717336,Rent,1,679.6170477678983,1,2249.3479108632,0,0,0.0,0,0.0
9064,46,32655.77309441314,Mortgage,1,893.7870794857354,1,3530.087030901769,0,0,0.0,1,0.0
9065,38,18318.40863664215,Rent,1,766.4366591497849,1,1535.404919228359,0,0,0.0,0,0.0
9066,51,49911.375606159476,Mortgage,1,1834.421945604858,1,8242.987255031185,1,0,0.0,1,0.0
9067,41,14916.778824119225,Mortgage,1,983.7055535172032,0,0.0,1,0,0.0,1,0.0
9068,88,97457.2019617027,Own,1,3320.167358730127,1,78128.79585661652,1,1,7501.175190301335,1,8.024816562039426
9069,55,36062.788470737694,Mortgage,1,1817.4001522482697,1,7548.421632262775,1,0,0.0,1,4578.197381268836
9070,91,87787.38123057852,Own,1,3944.4936841613326,1,43623.69219901153,1,1,20252.970808358386,1,0.0
9071,63,22895.793592549322,Mortgage,1,1846.831996895148,1,9893.961798043123,0,0,0.0,1,3606.9700594444853
9072,61,81129.68801987334,Mortgage,1,1338.9656329992506,1,9026.841750063366,1,0,0.0,1,10.821421990896267
9073,67,13801.582267209104,Rent,1,1822.4337476391474,1,1519.98027492302,0,0,0.0,1,0.0
9074,70,34245.99702029458,Mortgage,1,2351.8977423716974,1,2021.2689599999253,0,0,0.0,1,0.0
9075,32,23285.366852046005,Rent,1,0.0,1,658.6129500967211,0,0,0.0,0,0.0
9076,88,31720.91118538011,Own,1,3107.1102805125884,1,46226.175868589184,0,0,0.0,1,12.450251254048263
9077,63,36420.82357933101,Own,1,1941.015244381193,1,8888.595188752657,1,0,0.0,1,4.475701853902061
9078,46,15252.249063079924,Mortgage,1,1569.6328287752867,1,3382.3653164982543,0,0,0.0,1,4393.552821779012
9079,60,28313.722509271465,Mortgage,1,1433.1548633735374,1,8782.569449859382,1,0,0.0,1,2.128798964684767
9080,31,525.5206015037594,Rent,0,0.0,0,0.0,0,0,0.0,0,0.0
9081,43,26692.821663894007,Rent,1,1165.2600826280332,1,361.58388669031933,0,0,0.0,0,0.0
9082,30,525.5206015037594,Rent,0,0.0,0,0.0,0,0,0.0,0,0.0
9083,91,95391.11458811678,Own,1,35696.092314490415,1,74500.25800946238,1,1,4681.664849223151,1,2.678835874644833
9084,45,13677.908699837177,Rent,1,168.54659448984353,1,2947.9753792095894,0,0,0.0,0,0.0
9085,49,44018.2012661266,Rent,1,1032.1931960750592,1,3722.012919700398,0,0,0.0,1,0.0
9086,81,99406.19643474033,Own,1,2925.714614570168,1,46153.112550559425,1,1,4226.919807001621,1,3612.2707060363937
9087,30,525.5206015037594,Rent,0,0.0,0,0.0,0,0,0.0,0,0.0
9088,66,68915.95536393436,Mortgage,1,1234.5287475092907,1,8393.241455303822,1,1,6972.4068078880255,1,6479.589957467574
9089,89,43824.42991248908,Own,1,4612.620423808288,1,7671.393354255618,1,0,0.0,1,4756.484837519879
9090,60,23385.200347720194,Mortgage,1,1051.5011190432115,1,2421.542760872509,1,0,0.0,1,0.0
9091,36,42132.4354140307,Rent,1,1253.7521414841544,1,34710.158659394496,0,0,0.0,0,0.0
9092,50,37232.47893561869,Mortgage,1,796.6372665624793,0,0.0,0,0,0.0,1,1859.6400502018093
9093,78,42815.75258439031,Own,1,4446.6258050762945,1,43617.795120564835,0,0,0.0,1,0.0
9094,89,59289.650298281296,Own,1,2374.6760420078745,1,94546.86281783407,1,1,6511.196705038628,1,0.0
9095,38,525.5206015037594,Rent,0,0.0,0,0.0,0,0,0.0,0,0.0
9096,30,9559.985616310258,Rent,1,465.2929381409256,1,1837.8833218092318,0,0,0.0,0,0.0
9097,65,33614.43979042611,Mortgage,1,1835.4859345596628,1,7096.813951655635,1,0,0.0,1,0.0
9098,34,39432.5374533258,Mortgage,1,1686.5857924419006,1,2507.4195756460144,0,0,0.0,1,0.0
9099,31,525.5206015037594,Rent,0,0.0,0,0.0,0,0,0.0,0,0.0
9100,55,25325.2491773471,Own,1,2239.0449722818316,1,2865.9536218864578,1,0,0.0,1,1.2269390680496142
9101,60,36984.35161153338,Mortgage,1,1832.3530438512914,1,7736.964515685979,1,0,0.0,1,0.0
9102,61,35321.991497431176,Mortgage,1,1020.7599192728483,1,8912.19296078191,1,0,0.0,1,0.0
9103,31,525.5206015037594,Rent,1,834.4671958181801,0,0.0,0,0,0.0,0,0.0
9104,91,551529.3869318842,Own,1,9679.62080468082,1,94992.08229848248,1,1,12739.064362478035,1,5.332813836893084
9105,48,31018.131935565725,Mortgage,1,1656.8356839271398,1,4138.323256497036,0,0,0.0,1,0.0
9106,77,54791.58723744023,Own,1,2415.6185724252186,1,39890.367047749976,0,0,0.0,1,1934.950690151611
9107,50,51526.5483902566,Mortgage,1,1526.209565557685,1,3819.170815108914,0,0,0.0,0,0.0
9108,28,18408.991035295472,Rent,1,840.2424544418403,1,0.0,0,0,0.0,0,0.0
9109,64,29094.028363273268,Own,1,5237.903622433645,1,44198.927174897195,0,0,0.0,1,0.0
9110,37,17105.927731362848,Rent,1,898.0408273674092,1,2732.0642954331443,0,0,0.0,0,0.0
9111,39,14878.825470795155,Rent,1,264.53366877155804,1,1840.3519700836919,0,0,0.0,0,0.0
9112,91,207536.9250617593,Own,1,5440.482622151043,1,92019.42761227634,1,1,17265.169453833412,1,9413.752802415873
9113,71,38653.02359362587,Own,1,2168.4456824451827,1,44701.76937668326,0,0,0.0,1,9.359359106531056
9114,58,30556.09781324512,Mortgage,1,1724.216725372843,1,3301.9724191246314,0,0,0.0,1,0.0
9115,31,525.5206015037594,Rent,0,0.0,0,0.0,0,0,0.0,0,0.0
9116,38,22226.924438381626,Own,1,2112.145433493735,1,1867.8297963447526,0,0,0.0,1,0.0
9117,31,9666.391069219033,Rent,1,648.645461619118,1,148.32306869022773,0,0,0.0,0,0.0
9118,70,23810.218782638323,Mortgage,1,26633.73756343173,1,9025.142170503706,1,1,33974.814189689576,1,0.0
9119,29,56925.282939083365,Rent,1,2116.778354153177,1,1310.7676029320505,0,0,0.0,0,0.0
9120,62,20948.211835676007,Mortgage,1,827.4574215414797,1,4358.375052910077,1,0,0.0,1,2545.7960139001107
9121,34,10426.764764394851,Rent,1,430.8889487300589,1,440.71662715421485,0,0,0.0,0,0.0
9122,91,85272.87583667123,Own,1,6575.175829729169,1,89988.01684995885,1,1,8983.476922026004,1,0.0
9123,30,874.2358306886017,Rent,0,0.0,0,0.0,0,0,0.0,0,0.0
9124,29,7685.069259295378,Rent,1,262.7552963394918,1,1659.7748739712183,0,0,0.0,0,0.0
9125,75,110894.22624515141,Own,1,3706.9404394745934,1,40145.67735196503,0,1,4479.668049709723,1,0.0
9126,30,620.2852848852199,Rent,1,379.4011372691449,0,0.0,0,0,0.0,0,0.0
9127,34,15114.614894013248,Rent,1,712.4019071071992,1,665.1097202222513,0,0,0.0,0,0.0
9128,40,36757.471371695814,Rent,1,2033.7856600878647,1,1036.9241574947682,0,0,0.0,0,0.0
9129,55,21752.509809846037,Rent,1,1888.908740822105,0,0.0,0,0,0.0,0,0.0
9130,89,220058.8039087788,Own,1,6170.298438676885,1,89142.66537562496,1,1,12030.615926247288,1,11.538216643852481
9131,69,44957.105136838334,Mortgage,1,2205.90637113754,1,8550.419515611418,0,0,0.0,1,0.0
9132,91,60905.116357834886,Own,1,3179.0068472577937,1,93417.01644208939,1,1,18058.95268273105,1,0.0
9133,66,47957.162406038704,Rent,1,2456.6409432953765,1,36548.7507545142,0,0,0.0,0,0.0
9134,85,161048.41236285103,Own,1,3865.064289545855,1,92898.8203518679,1,1,16638.6592630002,1,4140.53449138465
9135,33,16616.187290503232,Rent,1,367.0491648595384,1,1794.7206693678443,0,0,0.0,0,0.0
9136,39,5051.303607248137,Rent,1,576.2426561306213,0,0.0,0,0,0.0,0,0.0
9137,88,107882.21601905918,Own,1,2709.6752086541956,1,90828.1543765189,1,1,6540.012106136392,1,17763.373341747123
9138,85,103036.74151307004,Own,1,20228.335253510108,1,95010.22545044609,1,1,19968.770981656602,1,0.0
9139,85,142560.64000221516,Own,1,4945.859143113649,1,92160.06521033644,1,1,4599.074019492457,1,6633.40907394598
9140,47,35056.68661749016,Mortgage,1,1740.033240812223,1,4104.796019492151,0,0,0.0,1,5.024357412829251
9141,40,18884.531362161608,Rent,1,842.7789283826456,1,652.9771001895497,0,0,0.0,0,0.0
9142,79,88904.67525830082,Own,1,34389.024784761736,1,76285.06206130955,1,1,11507.308382157538,1,0.5138168163511838
9143,44,34929.72202689521,Rent,1,1110.652925133363,1,4226.475380126668,0,0,0.0,0,0.0
9144,46,20966.323627102178,Mortgage,1,1917.190199971746,1,3631.2641481223477,0,0,0.0,1,0.0
9145,30,525.5206015037594,Rent,0,0.0,0,0.0,0,0,0.0,0,0.0
9146,31,27733.184935075617,Rent,1,455.02658895563815,1,1369.5064392638403,0,0,0.0,0,0.0
9147,73,25290.158930840607,Own,1,6224.774129861086,1,95682.54418928239,0,1,7607.461573524305,1,0.0
9148,77,36311.949878104766,Own,1,1875.1012084886306,1,37874.309786952654,0,0,0.0,1,0.0
9149,57,68095.54674301122,Mortgage,1,2290.582005683629,1,965.6984371968169,1,0,0.0,1,0.0
9150,72,38038.37886114981,Mortgage,1,2278.339225894634,1,9594.65687912184,0,0,0.0,1,0.0
9151,49,29134.07265661128,Rent,1,294.77321077296006,0,0.0,0,0,0.0,1,0.0
9152,88,104074.22340133609,Own,1,3876.3485622591456,1,82823.56729012191,1,1,9529.71358807763,1,9136.264490381809
9153,37,9887.966840318564,Rent,1,719.6774592904717,1,233.32213294946996,0,0,0.0,0,0.0
9154,71,83336.65087490455,Own,1,3427.656349507925,1,40229.94848581929,0,1,20.514853586218166,1,6.023051305979771
9155,90,149915.42530380632,Own,1,4145.789970682292,1,38897.43298547075,0,1,5986.603505689225,1,6600.529595331013
9156,71,32189.997367163076,Mortgage,1,1272.293155026246,1,8413.737153241405,1,0,0.0,1,3.8388255609477264
9157,38,23633.85169352671,Rent,1,790.548768668772,1,1591.277546970772,0,0,0.0,0,0.0
9158,29,11877.987313003687,Rent,1,353.0648062556006,0,0.0,0,0,0.0,0,0.0
9159,54,34661.54550994373,Mortgage,1,1487.4654651979213,1,3406.0703744196535,1,0,0.0,1,0.6564779500276222
9160,69,30727.03671947938,Mortgage,1,1756.0248729908835,1,9456.536626166328,1,0,0.0,1,0.0
9161,42,20828.55792408027,Mortgage,1,1211.3628167410843,1,2236.5452519189657,0,0,0.0,1,0.0
9162,61,28693.064509929653,Mortgage,1,1444.873761439365,1,8801.933183349818,1,0,0.0,1,0.0
9163,32,525.5206015037594,Rent,0,0.0,0,0.0,0,0,0.0,0,0.0
9164,43,18167.3467461623,Rent,0,0.0,0,0.0,0,0,0.0,0,0.0
9165,75,92286.39617254087,Own,1,8936.187545682056,1,93445.83686441703,1,1,18668.06999242879,1,5.354150497587535
9166,55,30216.03607637034,Mortgage,1,2702.8100432989895,1,4619.6213437539345,1,0,0.0,1,4116.863541395251
9167,47,42632.05971218461,Mortgage,1,1845.8670572772824,1,3496.8444374259752,1,0,0.0,1,0.0
9168,60,33478.26076145939,Mortgage,0,0.0,0,0.0,0,0,0.0,1,3887.5539191041767
9169,51,48213.512182306426,Mortgage,1,1587.8104946428502,1,4015.6969847880378,0,0,0.0,1,0.0
9170,29,10160.799041841707,Rent,1,344.853228142366,1,760.7149058725631,0,0,0.0,0,0.0
9171,69,31628.61016904266,Mortgage,1,934.4705928955855,1,1548.896332741046,0,0,0.0,1,0.0
9172,37,31103.34811719947,Own,1,1539.6577630768904,1,1702.6651944564167,0,0,0.0,1,0.0
9173,29,9180.972121289913,Mortgage,1,826.0982054453389,0,0.0,0,0,0.0,1,0.0
9174,74,21497.62971372611,Mortgage,1,10995.704868092305,1,96758.46639356414,1,1,18684.442534400758,1,0.0
9175,86,85998.0308650719,Own,1,8142.902924610018,1,95950.72717730058,1,1,18665.742953510053,1,4550.641406530178
9176,79,80847.9703150494,Own,1,3643.100532297225,1,91723.93339436766,1,1,12948.564485861887,1,0.0
9177,28,525.5206015037594,Rent,0,0.0,0,0.0,0,0,0.0,0,0.0
9178,30,5605.518588470521,Rent,1,112.42475640537441,1,0.0,0,0,0.0,0,0.0
9179,30,6520.396771329206,Rent,1,322.69960970301463,1,0.0,0,0,0.0,0,0.0
9180,79,25413.7696456266,Own,1,1065.1562845914311,1,46544.50766375609,0,0,0.0,1,0.0
9181,52,18928.838653049927,Mortgage,1,564.8523902259956,0,0.0,0,0,0.0,1,0.0
9182,51,15096.719518709779,Rent,1,955.1832706807345,1,1142.389965199538,0,0,0.0,0,0.0
9183,49,27391.247755163473,Mortgage,1,1438.7698347299174,0,0.0,0,0,0.0,1,3.2858130579092317
9184,61,24450.217947130717,Own,1,4172.385599910557,1,95703.65679470472,1,1,26.65161961678289,1,3.1833545334046076
9185,56,38084.49946540997,Own,1,2166.266346298764,1,91269.10034216878,0,0,0.0,1,6.502362717649994
9186,33,525.5206015037594,Rent,1,578.9618123437175,1,1323.1515737773552,0,0,0.0,0,0.0
9187,63,58687.72140784472,Mortgage,1,890.8913323795492,0,0.0,0,0,0.0,1,0.0
9188,27,10157.724108980903,Rent,1,1032.2137216979456,1,1012.0719723558079,0,0,0.0,0,0.0
9189,30,525.5206015037594,Rent,0,0.0,0,0.0,0,0,0.0,0,0.0
9190,36,4466.870079029588,Rent,1,850.9697222963202,1,791.4725015596532,0,0,0.0,0,0.0
9191,67,91400.05644337344,Mortgage,1,1806.6212002959828,1,9454.001386798627,1,0,0.0,1,3.3753191480211484
9192,43,525.5206015037594,Rent,0,0.0,0,0.0,0,0,0.0,0,0.0
9193,52,31887.029132485128,Mortgage,1,2426.716099817298,1,4636.633921879398,1,0,0.0,1,2510.4734366626453
9194,89,90402.17309712057,Own,1,4203.599877616741,1,41272.77347967049,0,1,7078.154958348117,1,9097.994858805658
9195,54,45258.11359386365,Mortgage,1,760.6273303838755,1,2056.6207321364136,0,0,0.0,0,0.0
9196,40,9967.895350088045,Rent,1,806.1726059158381,1,2781.9218857819747,0,0,0.0,0,0.0
9197,88,26265.256599875345,Own,1,3284.3004449195314,1,95308.39414219197,1,1,10911.019932220182,1,0.0
9198,41,21663.96607866024,Mortgage,1,832.0281390866483,1,8621.917805073514,0,0,0.0,1,0.0
9199,43,14573.052433981562,Rent,1,119.91237280767223,1,0.0,0,0,0.0,0,0.0
9200,58,20317.5590204346,Mortgage,1,2118.467501163073,0,0.0,1,0,0.0,1,0.0
9201,28,525.5206015037594,Rent,0,0.0,0,0.0,0,0,0.0,0,0.0
9202,86,144647.89229825308,Own,1,11728.979384753102,1,41552.76392364447,0,1,6833.10093327212,1,0.0
9203,76,44629.20316608635,Own,1,1364.585425218375,1,2674.2669899992766,0,0,0.0,1,6.433311936961938
9204,90,112017.98613827823,Own,1,3476.6106643052512,1,79473.73641854491,0,1,6423.091807874305,1,0.0
9205,29,16757.33672630072,Rent,1,534.9925602020539,1,1740.8050693528655,0,0,0.0,0,0.0
9206,52,22391.449316340822,Mortgage,1,1346.6769287696732,1,2193.9205674557643,0,0,0.0,1,5.090224715681643
9207,63,21040.340077572433,Own,1,1336.8008209753957,0,0.0,0,0,0.0,1,0.0
9208,49,16019.978642262271,Rent,1,554.6253745796605,0,0.0,0,0,0.0,0,0.0
9209,29,18457.615407395195,Rent,1,919.0102931414298,1,924.5070697062233,0,0,0.0,0,0.0
9210,82,25969.858733628862,Own,1,1750.5609424147885,1,34647.92872823868,0,0,0.0,1,0.0
9211,50,21460.218530190854,Rent,1,838.4036410476837,1,2056.133176627912,0,0,0.0,0,0.0
9212,68,42852.51010137558,Mortgage,1,1580.5112910222456,1,9483.589168395141,1,0,0.0,1,2179.349868422986
9213,46,8179.625812718765,Mortgage,1,934.4032268523538,1,1932.8710151835994,0,0,0.0,1,3788.5755681301794
9214,82,86201.28029195522,Own,1,29938.894932466625,1,92304.51861203855,1,1,13087.058795233517,1,9344.564999079812
9215,61,20369.018237831624,Mortgage,1,1157.4451335991985,0,0.0,0,0,0.0,1,0.0
9216,32,28369.262236535178,Rent,1,650.8112295148412,1,0.0,0,0,0.0,0,0.0
9217,63,15713.536111848687,Mortgage,1,1665.1073384432405,0,0.0,1,0,0.0,1,4.720920761097265
9218,55,46044.656198870405,Rent,1,936.1594538518486,1,2456.574515968638,0,0,0.0,0,0.0
9219,65,36690.76156917629,Own,1,2105.1346099773596,1,42640.21455981607,0,0,0.0,1,4658.4013944251365
9220,85,195160.23345742974,Own,1,5438.127341917344,1,43270.14526794437,1,1,19155.404537954055,1,4092.745668271587
9221,28,4821.677261219558,Rent,1,167.87878133188156,1,2077.0077098660045,0,0,0.0,0,0.0
9222,40,10467.038545099196,Rent,1,923.1627190540522,1,2126.384576265992,0,0,0.0,0,0.0
9223,34,7394.666095813918,Rent,1,599.9183140817732,1,1613.3243609014523,0,0,0.0,0,0.0
9224,29,5732.141942710521,Rent,1,403.9598346473727,0,0.0,0,0,0.0,0,0.0
9225,62,29255.06121706692,Mortgage,1,1833.762456366164,1,9049.45751276134,0,0,0.0,1,2431.6902864742888
9226,55,30716.02248738289,Mortgage,1,1183.2195401695672,1,8677.975583669328,1,0,0.0,1,3.7909297138815714
9227,36,525.5206015037594,Rent,0,0.0,0,0.0,0,0,0.0,0,0.0
9228,50,16424.938081038606,Mortgage,1,823.2794298785171,0,0.0,0,0,0.0,0,0.0
9229,60,28006.63570010157,Rent,1,1730.6144244656582,1,3452.124573577244,0,0,0.0,0,0.0
9230,38,6414.9837755043045,Rent,1,583.1423971832714,1,734.0107444023247,0,0,0.0,0,0.0
9231,70,44791.89839142495,Own,1,1956.3036566734704,1,36236.20360270726,0,0,0.0,1,0.0
9232,77,112754.93063205841,Own,1,2366.8982477111795,1,41228.13578924593,0,0,0.0,1,0.0
9233,67,25892.20932093905,Mortgage,1,844.5601932039868,1,4267.413281521567,1,0,0.0,1,0.0
9234,61,43941.36438934157,Mortgage,1,1875.235192463748,1,7874.416708633051,0,0,0.0,1,3246.8273873298217
9235,40,6995.860950778653,Rent,1,89.09467802184827,0,0.0,0,0,0.0,0,0.0
9236,64,121459.1373125051,Own,1,2182.834021351379,1,35688.038716970936,0,0,0.0,1,7361.871245926842
9237,78,67140.28092917653,Own,1,8063.693117628336,1,43076.56503178353,1,1,12673.162589497091,1,5964.410419993369
9238,30,525.5206015037594,Rent,0,0.0,0,0.0,0,0,0.0,0,0.0
9239,28,18218.94755375384,Rent,1,319.6786993454831,0,0.0,0,0,0.0,0,0.0
9240,73,20474.998427112474,Own,1,1524.1289427791553,1,33181.81020062011,0,0,0.0,0,0.0
9241,58,25066.121705600053,Mortgage,1,2418.0704469761386,1,9265.427050753658,1,0,0.0,1,0.0
9242,43,4493.800567506802,Rent,0,0.0,0,0.0,0,0,0.0,0,0.0
9243,29,15098.335171566921,Rent,1,560.5796035520827,1,1407.5614857111186,0,0,0.0,0,0.0
9244,59,50693.220213802095,Mortgage,1,2125.222716478527,1,4127.370320647743,1,0,0.0,1,0.0
9245,75,27752.9052204528,Own,1,1153.4122829744533,1,1293.174793457626,0,0,0.0,1,0.0
9246,38,20070.397194557496,Rent,1,1055.2423857835415,1,2221.6383116542393,0,0,0.0,1,5089.408511577058
9247,70,32883.8379576865,Own,1,2736.898496726172,1,3438.545120133127,0,0,0.0,1,0.8155484626359599
9248,89,182924.62377863383,Own,1,27415.5161123551,1,94478.96594242395,1,1,12555.934666996058,1,6.207135824217592
9249,54,33924.41404905374,Mortgage,1,1202.189857193439,1,2133.2860753464615,1,1,35.11015124451922,1,0.0
9250,68,84805.58276951118,Mortgage,1,8602.506328457328,1,8647.106898002736,1,0,0.0,1,0.0
9251,39,7707.51830171276,Rent,1,1187.022031455047,0,0.0,0,0,0.0,0,0.0
9252,63,24140.36137075491,Mortgage,1,911.2830627893114,1,3672.931730215085,0,0,0.0,1,0.0
9253,65,59427.157610829374,Own,1,1317.9113129343498,1,370.82013235737895,0,0,0.0,0,0.0
9254,46,19909.871380414836,Mortgage,1,1541.2771153980414,1,3597.0918417432968,0,0,0.0,1,0.0
9255,28,525.5206015037594,Rent,0,0.0,0,0.0,0,0,0.0,0,0.0
9256,90,109882.18985699603,Own,1,8582.517044916454,1,40295.24787166346,0,1,27205.95025140978,1,5665.840176240038
9257,80,75338.81358483412,Own,1,8257.539481087973,1,95931.89662664956,1,1,5359.151804328784,1,0.0
9258,65,36977.79030616245,Mortgage,1,1063.4336617620952,1,1773.1238589227348,1,0,0.0,1,2219.3209693324447
9259,63,52075.304158830506,Mortgage,1,1364.8501760828026,1,4334.119377603001,0,0,0.0,1,2647.4538749667167
9260,80,63044.534973708185,Own,1,1676.1090551808793,1,41106.493578186724,0,0,0.0,1,7.577632794669213
9261,66,38946.47095453528,Mortgage,1,1934.259785761026,1,9498.0423909474,0,0,0.0,1,0.0
9262,77,40162.160570942,Mortgage,1,2077.4381426699956,1,38570.62699940813,0,0,0.0,1,2239.8806733849915
9263,61,26907.718295104263,Mortgage,1,2047.6441640694932,1,9995.266172424263,1,0,0.0,1,0.0
9264,59,30117.75203297567,Mortgage,1,1602.109104597904,1,8852.069029918623,1,0,0.0,1,0.0
9265,63,43068.72944471885,Own,1,3208.212269339355,1,8285.327668078693,0,0,0.0,1,0.0
9266,59,24060.504870744586,Mortgage,1,965.6624007178945,0,0.0,0,0,0.0,0,0.0
9267,29,23226.465772674404,Rent,1,1017.0736042347587,1,2191.8619256671977,0,0,0.0,0,0.0
9268,40,15223.953728340934,Rent,1,1160.3248364464482,1,2669.3561303796087,0,0,0.0,0,0.0
9269,66,29466.54492437841,Mortgage,1,2029.628256667879,1,7596.5621616493,1,0,0.0,1,0.0
9270,44,35889.96347498043,Mortgage,1,1198.2408183820182,0,0.0,1,0,0.0,0,0.0
9271,31,8533.7693120405,Rent,1,529.7804377887405,1,2376.1329030467227,0,0,0.0,0,0.0
9272,91,175748.8855926574,Own,1,35498.83191651913,1,84400.77750443228,1,1,10179.723935255051,1,18072.64331628142
9273,73,34981.03937933352,Mortgage,1,1847.3095189860069,1,9799.365398591068,0,0,0.0,1,0.0
9274,58,28478.05969393074,Mortgage,1,1801.783962914568,1,8862.548790605591,1,0,0.0,1,0.0
9275,29,11951.628906219617,Rent,1,447.63155856200905,1,568.184138078512,0,0,0.0,0,0.0
9276,31,14084.644209961605,Rent,1,422.2812847943146,1,2560.0312868906376,0,0,0.0,0,0.0
9277,68,91581.7500751444,Own,1,2190.346665968714,1,8737.489598409762,0,0,0.0,1,3359.5706969627327
9278,61,13538.76711528471,Mortgage,1,1621.2903406181754,1,2379.1153552978767,0,0,0.0,1,0.0
9279,76,71937.27917738793,Own,1,1860.8088992597989,1,46340.26324900381,0,0,0.0,1,0.0
9280,41,9497.553735844482,Rent,1,525.8503050473248,1,1709.5138705136637,0,0,0.0,0,0.0
9281,63,76103.90941031292,Mortgage,1,3898.03754806034,1,7283.1526859225705,1,0,0.0,1,3607.3574264614663
9282,75,40590.26492592601,Own,1,2022.0281295448694,1,34371.66347077832,0,0,0.0,1,0.0
9283,57,29828.683094173226,Mortgage,1,2466.5421305338477,0,0.0,1,0,0.0,1,0.0
9284,32,28673.361814570548,Mortgage,1,869.4166141286325,1,3323.25455821763,0,0,0.0,0,0.0
9285,59,15346.427520209478,Mortgage,1,927.6104782614514,0,0.0,0,0,0.0,1,0.0
9286,79,163265.33750673526,Own,1,29630.767158881794,1,95313.12615483678,1,1,13780.58993628166,1,8211.39969449079
9287,74,36720.70711867654,Own,1,1300.3145362440418,1,37645.29440397778,0,0,0.0,1,0.0
9288,35,8241.6437215779,Rent,1,93.09661704054838,0,0.0,0,0,0.0,0,0.0
9289,73,27054.37073689625,Mortgage,1,1682.2792317719534,1,3317.0756323688483,0,0,0.0,1,1.1173747271485928
9290,46,18978.73638740795,Mortgage,1,1860.8873271317377,1,4460.956166290625,0,0,0.0,1,0.0
9291,61,32953.328211335625,Mortgage,1,1974.0831987578115,1,8291.665071063091,1,0,0.0,1,0.0
9292,74,86856.75751045569,Own,1,1993.552373396843,1,36032.81508888897,0,0,0.0,1,3656.175985012644
9293,31,27037.52126224629,Rent,1,641.9721026665018,1,2733.369746991684,0,0,0.0,0,0.0
9294,55,36478.88574303647,Mortgage,1,1623.3790662552337,1,3612.373934362015,0,0,0.0,1,5326.219549497891
9295,27,3347.2646665426546,Rent,0,0.0,0,0.0,0,0,0.0,0,0.0
9296,62,27351.1754738931,Mortgage,1,8732.10076596619,1,8438.515686721888,1,0,0.0,1,5.658304545724382
9297,38,15666.210375065308,Rent,1,1273.5122524532892,0,0.0,0,0,0.0,0,0.0
9298,62,22090.06104725725,Mortgage,1,2663.8487435194274,0,0.0,0,0,0.0,1,0.0
9299,50,40700.26640254344,Mortgage,1,1247.728254527662,1,3219.839195579446,0,0,0.0,1,1.1559077501304496
9300,31,525.5206015037594,Rent,1,0.0,1,1158.3026880861003,0,0,0.0,0,0.0
9301,31,32807.1378710126,Rent,1,1490.5296651776193,1,2419.2197201935724,0,0,0.0,0,0.0
9302,59,27913.021973621,Mortgage,1,2618.411464835059,1,7855.466045664359,1,0,0.0,1,2560.5091383425615
9303,60,32417.077442676295,Mortgage,1,1607.1313688510113,1,2780.1390240265,1,0,0.0,1,2379.9883007865337
9304,91,138545.91716210978,Own,1,8363.745547378996,1,41615.15329073163,0,1,15871.933971943738,1,18946.336173783337
9305,52,16797.14924757364,Mortgage,1,897.4646490173008,1,2715.9231679570835,0,0,0.0,1,0.0
9306,39,33239.73202807562,Rent,1,1377.2605087600714,1,730.8338316257209,0,0,0.0,0,0.0
9307,50,39587.44010792522,Own,1,1944.7824976125926,1,35997.14850396461,0,0,0.0,1,0.0
9308,47,39111.98388331279,Mortgage,1,1518.5639618523596,1,2677.5057643192986,0,0,0.0,1,0.0
9309,49,13498.102073392238,Rent,1,811.3678172715515,1,2351.8752454703595,0,0,0.0,0,0.0
9310,26,525.5206015037594,Rent,0,0.0,0,0.0,0,0,0.0,0,0.0
9311,31,37995.59188179614,Mortgage,1,1099.2891524801803,1,3156.595909888102,0,0,0.0,0,0.0
9312,70,45085.38616853842,Own,1,1511.620690895219,1,9085.779411315278,0,0,0.0,1,3906.9699580906945
9313,72,180303.69232298437,Own,1,2612.1496872306416,1,93756.85782492546,1,1,39548.925019834205,1,10.444493008647946
9314,48,28516.38119553995,Mortgage,1,2665.443782513939,1,9578.404124055127,0,0,0.0,1,0.0
9315,57,17354.94675193308,Mortgage,1,784.7849423946748,0,0.0,1,0,0.0,1,0.0
9316,45,15219.059677975607,Rent,1,406.60579087851164,1,0.0,0,0,0.0,0,0.0
9317,31,18181.759409478324,Rent,1,703.05796043981,1,1778.713218586302,0,0,0.0,0,0.0
9318,76,91029.4162956652,Own,1,33634.78424507233,1,95501.37819364437,1,1,8090.97181579956,1,3.1820186141398694
9319,44,17039.367232731365,Mortgage,1,1228.2843948067512,1,3489.2697006431017,0,0,0.0,1,0.0
9320,56,24565.27022452273,Mortgage,1,1914.6865250953956,1,8642.322630222736,1,0,0.0,1,0.0
9321,44,46651.40548299693,Mortgage,1,1820.607384086885,1,3540.8657777868943,0,0,0.0,1,0.0
9322,75,51584.646542556075,Own,1,2582.9694814045465,1,34099.53480798497,0,0,0.0,1,3.2728869063575954
9323,59,80934.32838595263,Own,1,1389.283653416578,1,39191.92456602596,0,0,0.0,1,0.0
9324,70,78253.0687415911,Own,1,3460.2177584373394,1,38013.90953756152,0,0,0.0,1,12.97418492235102
9325,29,21515.44713605118,Mortgage,1,1091.7856814996346,1,3235.06969368449,0,0,0.0,0,0.0
9326,77,109429.34627107886,Own,1,1853.009905919024,1,42591.82990899918,0,0,0.0,1,0.0
9327,62,548132.1800341913,Mortgage,1,1879.4256498734198,1,8249.951402871613,1,0,0.0,1,13.548771883217468
9328,75,75180.10433102315,Own,1,1355.5977799563848,1,679.0663580618875,0,0,0.0,1,0.0
9329,30,33728.007435716056,Own,1,1028.1706712613104,1,0.0,1,0,0.0,0,0.0
9330,71,192160.45740785383,Own,1,6936.785312961807,1,96758.46639356414,1,1,10174.701346992873,1,10.908819195903178
9331,30,33071.686401540646,Rent,1,1428.9099352265912,1,2946.9448493977493,0,0,0.0,0,0.0
9332,38,61971.95881138298,Mortgage,1,1612.69320003523,1,2427.417844698921,0,0,0.0,0,0.0
9333,51,14425.47975670341,Mortgage,1,1865.58684280826,1,3496.566231714989,1,0,0.0,1,0.0
9334,78,42325.193763281364,Own,1,1789.1854608701317,1,8004.063846559578,0,0,0.0,1,0.0
9335,81,78919.78806947073,Own,1,1441.196329604564,0,0.0,0,0,0.0,1,0.0
9336,42,13878.466332120652,Rent,1,1390.6170860875236,1,3123.609764891477,0,0,0.0,0,0.0
9337,61,45298.075013571106,Mortgage,1,2116.6042757888463,1,9303.367921645644,1,0,0.0,1,8.039060360023438
9338,40,6823.500946444019,Rent,1,552.249522440201,1,2418.089676186198,0,0,0.0,0,0.0
9339,29,3879.699018515319,Rent,1,265.21324357377466,1,768.2751115802837,0,0,0.0,0,0.0
9340,31,5252.756715730171,Rent,0,0.0,0,0.0,0,0,0.0,0,0.0
9341,65,9800.959887368666,Rent,0,0.0,0,0.0,0,0,0.0,0,0.0
9342,60,24740.218499849067,Mortgage,1,104.19272839810901,0,0.0,1,0,0.0,0,0.0
9343,28,4364.996014432963,Rent,0,0.0,0,0.0,0,0,0.0,0,0.0
9344,79,37302.579820957,Own,1,4464.213988227659,1,44352.201295408944,0,1,24943.49441786345,1,5553.875230712603
9345,31,1711.5153679208724,Rent,0,0.0,0,0.0,0,0,0.0,0,0.0
9346,39,4892.921626324178,Rent,1,870.5148017894156,1,0.0,0,0,0.0,0,0.0
9347,90,200677.3875926061,Own,1,6792.6391219225225,1,46593.35148120914,1,1,7210.2283163519105,1,5519.440865433802
9348,58,45146.54854086676,Mortgage,1,1754.2757084221967,1,8345.987226026915,1,0,0.0,1,9.960296993542816
9349,49,17017.041900793272,Mortgage,1,1586.3473705730692,1,1982.3031347322822,0,0,0.0,1,0.0
9350,76,43101.74172679416,Own,1,2307.661022737315,1,35611.62583135698,0,0,0.0,1,0.0
9351,35,8909.818211734235,Rent,1,1029.66616763413,1,3506.440373187469,0,0,0.0,0,0.0
9352,48,29465.009516868453,Mortgage,1,2401.252737464739,1,9071.135007399766,1,0,0.0,1,4.864621819185424
9353,61,50989.03253501599,Own,1,1824.4970227465772,1,38877.07277446454,0,0,0.0,1,0.0
9354,66,57024.04707799298,Mortgage,1,1704.8098941450257,1,9109.06253858684,1,0,0.0,1,12.38960247186877
9355,81,114877.74751522469,Own,1,11673.24776589668,1,40905.80803953413,0,1,17881.14352845455,1,4903.951775171138
9356,60,45756.163172817985,Own,1,1468.962736473052,1,37449.761222654684,0,0,0.0,1,9.642747207093858
9357,76,56111.08340316207,Rent,1,2748.458009435378,1,2750.263547373102,0,0,0.0,1,0.12747163081991297
9358,90,100837.92819718627,Own,1,11916.265928730481,1,91512.12459871158,1,1,5917.489466469314,1,18007.484274413917
9359,75,128409.02979886591,Own,1,4420.310452629455,1,41492.196229905596,0,1,9611.659321778734,1,5214.943099572568
9360,75,73406.58555344898,Own,1,10523.49772656925,1,94311.84785982942,1,1,10084.93076719488,1,0.43778284123596645
9361,39,7993.448149268486,Rent,1,168.8741474167773,1,2804.1009328155956,0,0,0.0,0,0.0
9362,52,38430.06372558254,Mortgage,1,1032.3430702328778,1,8153.216098696781,1,0,0.0,1,0.0
9363,30,22883.100012056395,Rent,1,242.06301787098812,0,0.0,0,0,0.0,0,0.0
9364,86,692235.0274955322,Own,1,37474.3188855759,1,78701.74420978913,1,1,6507.701285459564,1,5574.636510657722
9365,72,44991.12170034797,Mortgage,1,2218.1168094210593,1,37624.3910879679,0,0,0.0,1,3273.8168711218914
9366,54,38189.33746577483,Mortgage,1,1753.672729093415,1,3873.9726497627307,1,0,0.0,1,0.0
9367,87,423113.1517693939,Own,1,20160.449961944993,1,94531.80742569368,1,1,6316.613814469435,1,16216.644691313248
9368,64,44009.90689594253,Own,1,1947.6036333705915,1,35234.843652380914,0,0,0.0,1,0.0
9369,59,47387.853190573456,Mortgage,1,2147.81574964176,1,8486.818789810666,1,0,0.0,1,23.855936945330996
9370,34,7372.820425491413,Rent,0,0.0,0,0.0,0,0,0.0,0,0.0
9371,50,13157.283658004428,Rent,1,525.4607818490286,1,2010.0825382832722,0,0,0.0,0,0.0
9372,53,55071.52311337823,Mortgage,1,2333.290821401345,1,9241.729223034914,1,0,0.0,1,1.035782838530595
9373,29,15705.896172857176,Rent,1,248.81869355745266,0,0.0,0,0,0.0,0,0.0
9374,29,9403.613520680205,Rent,1,584.8765895697073,0,0.0,0,0,0.0,0,0.0
9375,59,38577.22198229206,Own,1,1569.110340354574,1,35400.88966215028,0,0,0.0,1,4.606664495017665
9376,54,24167.06528741211,Mortgage,1,1623.566532395876,1,3265.83823366236,0,0,0.0,1,0.0
9377,79,41622.151852360425,Own,1,1445.3145094493705,1,127.08976375612292,0,0,0.0,1,3921.765048587859
9378,64,18846.727623192746,Mortgage,1,5884.187279743798,1,8702.975802814579,1,0,0.0,1,2.2748225498289267
9379,91,99875.77407945562,Own,1,9750.360789952356,1,92103.61807447964,1,1,3874.4050901674427,1,2.691240374379397
9380,61,41986.74112204617,Mortgage,1,1693.8136755922867,1,38127.72218585374,0,0,0.0,1,0.0
9381,71,12063.931656129094,Rent,0,0.0,0,0.0,0,0,0.0,0,0.0
9382,29,18244.182038185732,Rent,1,850.377995968615,0,0.0,0,0,0.0,0,0.0
9383,57,22698.502096531683,Mortgage,1,1998.821072744059,1,3256.387240777068,1,0,0.0,1,0.0
9384,51,16731.309916746646,Mortgage,1,1286.7694072784552,1,2337.8046812424645,0,0,0.0,1,0.0
9385,30,13677.814622571179,Rent,1,403.9198805191505,1,0.0,0,0,0.0,0,0.0
9386,39,525.5206015037594,Rent,0,0.0,0,0.0,0,0,0.0,0,0.0
9387,29,9110.456564634831,Rent,0,0.0,0,0.0,0,0,0.0,0,0.0
9388,79,98414.71920477264,Own,1,2256.187912363312,1,7851.743888666445,0,0,0.0,1,0.5059895985455725
9389,89,100755.08410358819,Own,1,7065.952260211896,1,89672.35805012335,1,1,11628.103183931707,1,8810.793726450098
9390,31,21911.450818896,Rent,1,1059.5804557905776,0,0.0,0,0,0.0,0,0.0
9391,27,13273.87686438037,Mortgage,1,710.3724170937558,1,9146.91685945029,0,0,0.0,1,0.47271827518980325
9392,62,36834.971280089296,Mortgage,1,1723.9283037532823,1,8179.769634807811,1,0,0.0,1,0.0
9393,66,38249.426971595276,Mortgage,1,2025.1640522693795,1,9265.758741567917,0,0,0.0,1,3.1590666851270077
9394,57,37824.15583334063,Mortgage,1,1431.9672208049533,1,8945.522482189588,1,0,0.0,1,2540.6016405977243
9395,38,14579.230174448647,Rent,1,1540.7328014743198,1,1605.6742556623306,0,0,0.0,0,0.0
9396,73,100531.93823019453,Own,1,2731.777645769035,1,39941.718745016886,1,1,10163.902187588636,1,0.0
9397,61,48644.52501251845,Own,1,2178.6149748530706,1,731.6116455009135,0,0,0.0,1,1805.1220132824865
9398,41,26357.167130362417,Rent,1,350.81785937302357,1,1729.5337144216355,0,0,0.0,0,0.0
9399,72,75628.69305266763,Own,1,3032.296211755737,1,44671.157520178196,0,0,0.0,1,6058.42142075743
9400,62,46530.19361280772,Mortgage,1,2159.384825472363,1,8769.903653920835,1,0,0.0,1,0.0
9401,61,90701.18630942039,Mortgage,1,1530.5187756133614,1,8540.41503723054,0,0,0.0,1,0.0
9402,67,85083.14195788633,Own,1,3072.290891654652,1,45172.64211816116,0,1,10755.55743203812,1,5.17338262358014
9403,36,6816.467219001142,Rent,1,1333.5894277012274,1,0.0,0,0,0.0,0,0.0
9404,75,93341.3840568362,Own,1,5238.4531352301465,1,80583.4747318779,1,1,16652.677451522533,1,9216.27029714358
9405,31,10358.964672528647,Rent,1,0.0,0,0.0,0,0,0.0,0,0.0
9406,30,13871.488934892599,Rent,1,434.29994166233985,1,1104.7394896357723,0,0,0.0,0,0.0
9407,35,525.5206015037594,Rent,0,0.0,0,0.0,0,0,0.0,0,0.0
9408,56,102675.03203146934,Own,1,2832.4437763697183,0,0.0,1,1,3101.332444634506,1,5016.060264738069
9409,74,33355.741613270846,Own,1,2845.0263670839067,1,39640.7559287908,0,0,0.0,1,0.0
9410,61,16641.90366760641,Mortgage,1,3130.0034159221586,1,9340.102181456803,1,0,0.0,1,0.0
9411,31,7295.7153951495475,Rent,0,0.0,0,0.0,0,0,0.0,0,0.0
9412,60,19066.44093489969,Mortgage,1,1305.2963020255456,0,0.0,1,0,0.0,1,4842.0111716797055
9413,72,59718.283079484514,Own,1,3120.0076156703267,1,93337.08537191113,1,1,10432.864471630786,1,6310.025816986957
9414,40,18998.578705580017,Rent,1,1680.5922697136355,1,3743.748453309822,0,0,0.0,0,0.0
9415,48,7123.711955267518,Rent,1,599.5435077147306,1,1628.5011492097315,0,0,0.0,0,0.0
9416,36,1369.1972331538327,Rent,0,0.0,0,0.0,0,0,0.0,0,0.0
9417,65,47774.23948293265,Own,1,1472.3034113265514,0,0.0,1,0,0.0,1,6.136352879146552
9418,45,22851.65011633243,Rent,1,1531.9019619559463,1,4929.80057032902,0,0,0.0,0,0.0
9419,61,40479.74864220702,Mortgage,1,2038.4202907094113,1,7623.961915533868,1,0,0.0,1,0.0
9420,29,18969.121632750746,Rent,1,972.7025574807869,1,0.0,0,0,0.0,0,0.0
9421,27,525.5206015037594,Rent,1,1790.9026322589561,0,0.0,0,0,0.0,0,0.0
9422,67,40790.53415722087,Mortgage,1,1531.6485327981236,1,7980.269669503003,1,0,0.0,1,5376.645712511369
9423,88,777057.1680671674,Own,1,9461.674315615575,1,95009.96603531452,1,1,16377.05045387669,1,4547.028479560421
9424,41,20887.9787513103,Rent,1,646.8306517313581,1,3374.542355843001,0,0,0.0,0,0.0
9425,53,47001.46859739968,Mortgage,1,2173.0785397726954,1,9383.98627021417,1,0,0.0,1,0.0
9426,58,14973.522659516382,Mortgage,1,1798.1036151721667,1,8570.706203764967,1,0,0.0,1,7.292131053058735
9427,52,24788.18069498331,Mortgage,1,1449.154775569462,1,8871.219393327521,1,0,0.0,1,0.0
9428,44,36070.660853273796,Mortgage,1,325.467733364679,1,3489.2883703156076,0,0,0.0,1,2.914764923928807
9429,65,97662.5748993216,Own,1,3070.3578886609944,1,43090.99932990085,1,1,6655.397231585485,1,0.0
9430,62,54355.22550401317,Own,1,3063.2133094449027,1,35624.66505874761,0,0,0.0,1,3.351024791611474
9431,39,27634.753401545815,Rent,1,708.865094979373,1,2290.6797147573225,0,0,0.0,0,0.0
9432,74,66285.66064346943,Own,1,3487.89626952732,1,9274.015291861508,1,1,7897.566226113918,1,7.645227255649147
9433,40,51445.62133248665,Rent,1,1485.6977344841544,1,36990.40110819248,0,0,0.0,1,0.0
9434,75,101809.55561263819,Own,1,2022.1507190502869,1,42769.45470695916,0,1,9023.22956364167,1,2.598002120835356
9435,39,38297.568794303144,Rent,1,142.04814191755156,1,312.8337849932864,0,0,0.0,0,0.0
9436,90,94902.03021209958,Own,1,9848.46197202067,1,90568.27763238474,1,1,9250.022762338043,1,29.448531032374202
9437,40,30670.35666747957,Rent,1,760.2519108155306,1,2662.0728888036674,0,0,0.0,1,0.0
9438,32,20086.507338444222,Rent,1,843.5687205779619,1,1754.8480199395296,0,0,0.0,0,0.0
9439,66,30739.792522551008,Mortgage,1,1733.2681906534056,1,8060.082767732974,1,0,0.0,1,2725.8530524649123
9440,39,12490.17595758658,Rent,1,386.7390734499595,1,1851.9389620397492,0,0,0.0,0,0.0
9441,90,112457.54225135685,Own,1,6815.424453735518,1,92225.21838816999,1,1,15341.446180254294,1,8513.85693811569
9442,32,6816.867918467422,Rent,1,269.2007955985747,1,0.0,0,0,0.0,0,0.0
9443,75,136194.69426998225,Own,1,4625.4832321548665,1,80460.5064979099,1,1,6884.887825123336,1,4470.399651645836
9444,40,1399.2822136612413,Rent,0,0.0,0,0.0,0,0,0.0,0,0.0
9445,70,30957.63463772413,Mortgage,1,3664.911745494518,1,8279.720313636688,1,0,0.0,1,0.0
9446,39,525.5206015037594,Rent,1,245.8276305886078,0,0.0,0,0,0.0,0,0.0
9447,31,19537.842225014407,Rent,1,908.0099678552637,1,2648.601156620617,0,0,0.0,0,0.0
9448,81,97722.05607631103,Own,1,6137.366942290988,1,40345.42420943609,0,1,0.0,1,0.0
9449,42,525.5206015037594,Rent,0,0.0,0,0.0,0,0,0.0,0,0.0
9450,32,4978.536584171654,Rent,1,0.0,0,0.0,0,0,0.0,0,0.0
9451,30,15225.129113442023,Rent,1,1047.455985199742,1,1346.4320575947,0,0,0.0,0,0.0
9452,30,21212.176849705447,Rent,1,637.7198102144249,1,901.1690593856649,0,0,0.0,0,0.0
9453,89,77991.58594468623,Own,1,31207.183516296733,0,0.0,1,1,24483.856044168497,1,9142.60971079669
9454,33,18548.264224878298,Rent,1,957.0061408410334,1,1611.115676988865,0,0,0.0,0,0.0
9455,63,37598.22085448726,Mortgage,1,3065.0993244740393,0,0.0,1,0,0.0,1,4033.5243355593775
9456,59,31409.49045275217,Mortgage,1,1489.8589893556327,1,9264.404603466206,1,0,0.0,1,2369.9785637562914
9457,28,525.5206015037594,Rent,0,0.0,0,0.0,0,0,0.0,0,0.0
9458,29,525.5206015037594,Rent,0,0.0,0,0.0,0,0,0.0,0,0.0
9459,41,11042.685140528927,Rent,1,848.1349018060146,0,0.0,0,0,0.0,0,0.0
9460,30,4132.978247531713,Rent,1,595.5270556077594,1,0.0,0,0,0.0,0,0.0
9461,64,27540.603799436856,Mortgage,1,1901.20841907235,1,8245.81375515964,1,0,0.0,1,0.0
9462,52,14616.07042424181,Mortgage,1,1640.5189911432115,0,0.0,1,0,0.0,1,0.0
9463,42,16384.08911012472,Rent,1,1579.4262461799103,1,1522.3223071653679,0,0,0.0,0,0.0
9464,40,32697.50741785999,Mortgage,1,983.7090332498941,1,5558.8057489454495,0,0,0.0,1,5610.3740412163725
9465,39,525.5206015037594,Rent,1,0.0,0,0.0,0,0,0.0,0,0.0
9466,72,32547.70241008987,Own,1,2234.7736980520954,1,37514.32068862122,0,0,0.0,1,0.0
9467,36,24985.29664587219,Mortgage,1,746.0299824132512,1,2260.157881166137,0,0,0.0,0,0.0
9468,53,24680.397978833476,Rent,1,779.0015010668739,1,1305.9247082778106,0,0,0.0,0,0.0
9469,76,212897.37970504182,Own,1,4622.889789355927,1,44701.06215296934,1,1,7296.924723967666,1,0.0
9470,56,36512.37220108169,Own,1,1883.3412176806976,1,46487.229370187306,0,0,0.0,1,0.0
9471,29,525.5206015037594,Rent,1,1080.5633374386828,1,1873.9974560118494,0,0,0.0,0,0.0
9472,50,18869.525457511347,Mortgage,1,2133.6921382020582,1,2784.7317634629285,0,0,0.0,1,0.0
9473,56,24995.862013156875,Mortgage,1,509.22879666950405,0,0.0,0,0,0.0,1,21.792412519634777
9474,39,15292.490758790775,Rent,1,703.8682874907834,1,1322.0369115568114,0,0,0.0,0,0.0
9475,73,69686.1937080971,Own,1,1949.9659249068327,1,45037.10697046469,0,0,0.0,1,6.0529171240710165
9476,87,131370.74655167447,Own,1,2631.0177346433297,1,92074.33882184469,1,1,7597.693468298662,1,6244.167771117329
9477,70,108113.8181935045,Own,1,6062.144575624201,1,44346.77208762156,0,1,4089.887003062271,1,0.0
9478,71,84616.04099640301,Own,1,1382.511021288118,1,42943.6544966434,0,0,0.0,1,8261.518642705283
9479,45,50924.09716715268,Mortgage,1,1191.8336998752616,1,8353.236091218343,1,0,0.0,1,0.0
9480,47,30807.437187509226,Mortgage,1,559.1424961146242,1,4559.793780411683,0,0,0.0,1,7.902169311213237
9481,32,525.5206015037594,Rent,0,0.0,0,0.0,0,0,0.0,0,0.0
9482,41,525.5206015037594,Rent,0,0.0,0,0.0,0,0,0.0,0,0.0
9483,50,25411.560102193605,Rent,1,861.2308758934656,1,735.7817553434975,0,0,0.0,0,0.0
9484,49,14065.310170351653,Rent,1,667.5503100074045,0,0.0,0,0,0.0,0,0.0
9485,48,21372.38346501064,Rent,1,1332.4461664679566,0,0.0,0,0,0.0,0,0.0
9486,30,4744.790583050622,Rent,1,697.6905781462158,1,2181.9566240054774,0,0,0.0,0,0.0
9487,87,698394.3908956936,Own,1,3173.0692054479728,1,93845.3112476996,1,1,9781.350134925548,1,7943.366891964542
9488,61,28674.213820811783,Mortgage,1,1795.706971341679,1,9360.623325987875,1,0,0.0,1,3642.429180679115
9489,29,10501.60671383803,Rent,1,200.31780991266191,1,274.02514595234993,0,0,0.0,0,0.0
9490,61,42866.983184875455,Mortgage,1,1077.0534980497457,1,2251.341979036948,0,0,0.0,1,0.9404115446990392
9491,47,29325.892142332537,Mortgage,1,1634.1481814046067,1,5221.34672799267,0,0,0.0,1,0.0
9492,62,28300.341888014784,Mortgage,1,1831.7907288826514,1,9009.408604970855,0,0,0.0,1,6.489239820259482
9493,41,36061.04628739583,Mortgage,1,914.0678906454858,1,3585.46146349165,0,0,0.0,1,17.229479019405062
9494,60,33206.093294837316,Mortgage,1,1444.7419888041288,1,9313.939985504025,0,0,0.0,1,2462.957503399325
9495,60,26898.11556831638,Mortgage,1,2504.301513717707,1,3984.7573827862234,0,0,0.0,1,0.0
9496,62,29739.901757667492,Mortgage,1,1488.885863829449,1,8609.97260509766,0,0,0.0,1,0.0
9497,29,525.5206015037594,Rent,0,0.0,0,0.0,0,0,0.0,0,0.0
9498,60,30926.281257115643,Mortgage,1,1794.5649435955213,1,801.4044914262518,0,0,0.0,1,0.0
9499,31,2949.531537760655,Rent,1,0.0,1,0.0,0,0,0.0,0,0.0
9500,38,3468.7009952278513,Rent,1,1350.3273812023863,1,0.0,0,0,0.0,0,0.0
9501,30,9939.350449268428,Rent,1,530.7376470136467,0,0.0,0,0,0.0,0,0.0
9502,67,3436.2608963426756,Rent,0,0.0,0,0.0,0,0,0.0,0,0.0
9503,44,29488.39171977535,Mortgage,1,2680.7551631860842,1,4290.254660159704,0,0,0.0,1,15.02787806360994
9504,64,35863.87399876795,Mortgage,1,1120.8764093312345,1,9263.906292783275,1,0,0.0,1,0.0
9505,59,34222.599916463965,Mortgage,1,1586.968798281886,1,4374.109816110438,0,0,0.0,1,4523.957453611851
9506,39,17350.484996072726,Mortgage,1,857.7821560430781,1,2304.326406143492,0,0,0.0,0,0.0
9507,42,4991.379873151731,Rent,1,686.6255544780349,1,0.0,0,0,0.0,0,0.0
9508,89,93943.1546395707,Own,1,3525.47117405382,1,92258.97404879925,1,1,12104.287723211733,1,41.653901950471024
9509,54,17537.510600873215,Mortgage,1,1514.2149413802242,0,0.0,0,0,0.0,1,0.0
9510,65,50421.347349217795,Mortgage,1,3525.1268157138843,1,7313.009474364539,1,0,0.0,1,0.0
9511,77,25649.50715782153,Own,1,1242.3798379593882,0,0.0,0,0,0.0,1,0.0
9512,31,8359.243207692498,Rent,1,0.0,1,0.0,0,0,0.0,0,0.0
9513,59,55830.651476412975,Mortgage,1,1343.8180832379655,1,8002.954438304812,1,0,0.0,1,3368.4901644738825
9514,91,124054.30626331503,Own,1,6903.944436273349,1,43249.72828290694,1,1,13930.987273396564,1,0.0
9515,30,525.5206015037594,Rent,0,0.0,0,0.0,0,0,0.0,0,0.0
9516,75,33260.88470578609,Own,1,797.7141569985788,1,35214.63111530217,0,0,0.0,1,4091.5547781603195
9517,64,10905.85962518313,Rent,0,0.0,0,0.0,0,0,0.0,0,0.0
9518,63,26726.52632861672,Own,1,1206.9268347730933,1,1890.885370388142,0,0,0.0,1,0.0
9519,40,4517.138698160235,Rent,0,0.0,1,258.7215326273936,0,0,0.0,0,0.0
9520,90,93392.86404315972,Own,1,7406.850767934556,1,79332.31651823064,1,1,10706.810530044353,1,10257.969495432784
9521,64,32388.00706729183,Mortgage,1,1675.6933232031224,1,8822.063189240693,1,0,0.0,1,0.26364373441497546
9522,64,95386.36820920662,Own,1,2608.276751660833,1,33401.43502919629,0,0,0.0,1,0.0
9523,41,41032.600275429984,Rent,1,1176.5644521027853,1,0.0,0,0,0.0,1,0.0
9524,39,4356.690501727544,Mortgage,1,1089.275988941005,1,2935.509832012006,0,0,0.0,1,2405.5678361924424
9525,86,83763.63790032438,Own,1,31833.56459521238,1,95367.30744558774,1,1,13060.71378292121,1,11.221438821992702
9526,77,22508.590844322876,Rent,1,3085.8744861384116,1,8331.713457277436,0,0,0.0,1,0.0
9527,54,30338.865207088846,Mortgage,1,1567.2676345255973,1,8400.789926474241,1,0,0.0,1,3591.6947361895727
9528,66,58907.28702700046,Mortgage,1,3256.395686385382,1,8707.115659322479,1,0,0.0,1,5.624384161350538
9529,41,2413.0948369161015,Rent,1,0.0,0,0.0,0,0,0.0,0,0.0
9530,65,64560.47077777508,Mortgage,1,1186.3277868407617,1,8103.3352119796655,1,0,0.0,1,3794.1418268369316
9531,41,33766.988250574635,Rent,1,1908.5475183690965,1,8282.775358946416,0,0,0.0,0,0.0
9532,42,8209.466392987872,Rent,1,228.8796331511728,1,1549.2200630229202,0,0,0.0,0,0.0
9533,90,148851.66326005344,Own,1,6021.732593897563,1,96704.59383996333,1,1,8787.53606109458,1,9299.20231174756
9534,86,167566.90468762192,Own,1,7382.065559068373,1,79513.41864869122,1,1,12147.581851604737,1,4368.872965376785
9535,30,16651.267294737852,Rent,1,1833.8238876783464,0,0.0,0,0,0.0,0,0.0
9536,67,44238.44460839121,Mortgage,1,1320.3181972328503,1,9919.820468293192,1,0,0.0,1,10.546050907798527
9537,38,525.5206015037594,Rent,1,0.0,0,0.0,0,0,0.0,0,0.0
9538,36,10381.356223283477,Rent,0,0.0,0,0.0,0,0,0.0,0,0.0
9539,40,31627.074965654945,Rent,1,1919.9540844678754,1,36827.92090365757,0,0,0.0,0,0.0
9540,50,30449.648471896006,Rent,1,621.013561849417,1,2550.379043894855,0,0,0.0,1,0.0
9541,29,15780.701391515946,Rent,1,569.6104777088317,1,218.65181698842957,0,0,0.0,0,0.0
9542,87,113235.39591753985,Own,1,4577.92339806883,1,43428.39724989372,1,1,8755.156168959344,1,9520.687601357744
9543,62,38913.1312603826,Mortgage,1,1061.1468641828408,1,9542.160398700815,1,0,0.0,1,1.9499576229278972
9544,78,38177.27139176145,Own,1,1816.2719493346176,1,46565.390241085224,0,1,7000.2908608199505,1,5608.085191399923
9545,42,32364.34327775106,Rent,1,1659.7548615082426,1,36688.18093766744,0,0,0.0,0,0.0
9546,68,57147.630280493235,Mortgage,1,1614.163324121291,1,8729.602960188013,1,0,0.0,1,3666.1649480966835
9547,31,525.5206015037594,Rent,0,0.0,0,0.0,0,0,0.0,0,0.0
9548,46,15395.415678969235,Mortgage,1,2153.7464470956797,1,9994.308621852875,0,0,0.0,1,0.0
9549,90,76244.08961219196,Own,1,6210.125379751599,1,96051.2762161686,1,1,21880.414580739154,1,16457.97593466032
9550,73,45291.90072397243,Own,1,2531.966716162401,1,33855.483271455545,0,0,0.0,1,3723.350992976789
9551,72,103419.51210298235,Own,1,33494.98543282258,1,95498.75561493024,0,1,16326.8909863389,1,6163.42967573094
9552,79,49985.73088745614,Own,1,1439.8876808288069,1,39150.90153616391,0,0,0.0,1,7.688722604181651
9553,32,15749.543088126577,Rent,1,184.17811522310615,1,2162.5504306200964,0,0,0.0,0,0.0
9554,29,16852.68022438753,Rent,1,758.4981403152284,1,2067.192224388933,0,0,0.0,0,0.0
9555,43,20897.859767859223,Mortgage,1,2389.154607803369,1,4464.0314200307685,0,0,0.0,1,0.0
9556,43,5855.388968404213,Mortgage,1,520.6192398853498,0,0.0,0,0,0.0,0,0.0
9557,49,4726.193482024308,Mortgage,1,1845.9646672712531,1,3140.3453854886643,0,0,0.0,1,0.0
9558,42,14479.979239546497,Rent,1,608.8881931788694,0,0.0,0,0,0.0,0,0.0
9559,46,34237.36841148425,Mortgage,1,755.9690421457333,0,0.0,0,0,0.0,1,0.0
9560,90,503924.43428942934,Own,1,6052.324730889292,0,0.0,1,1,5087.426108809383,1,0.0
9561,70,38020.754538466375,Rent,1,1869.9849596517247,1,35689.74105697775,0,0,0.0,1,0.0
9562,28,525.5206015037594,Rent,1,908.7281004598456,1,588.143985965803,0,0,0.0,0,0.0
9563,67,73951.01922928062,Own,1,3219.388231587293,1,44637.87091761672,0,0,0.0,1,0.0
9564,27,6342.747534039674,Rent,1,448.303686292989,1,349.7164127947319,0,0,0.0,0,0.0
9565,64,46919.483306844035,Mortgage,1,3007.5562806829785,1,9330.418946562051,1,0,0.0,1,12.312291870326707
9566,69,35227.875119927834,Rent,1,1495.0435429197125,1,2617.515186225734,0,0,0.0,0,0.0
9567,41,20305.025778583462,Rent,1,834.6868986654589,1,3061.43806062729,0,0,0.0,0,0.0
9568,91,100321.24137627496,Own,1,9340.159276296192,1,91318.95232159132,1,1,5384.501211989613,1,6.047041282058562
9569,47,525.5206015037594,Mortgage,1,606.4014919750894,1,3694.5670296155813,0,0,0.0,1,1.4731293139569808
9570,29,8389.18823374864,Rent,1,562.6930941897994,1,943.0385130604225,0,0,0.0,0,0.0
9571,59,40782.12023837476,Mortgage,1,1164.4775338284724,1,8901.122617851273,1,0,0.0,1,3451.220073905477
9572,88,94934.35355203327,Own,1,7268.060175196357,1,91185.52524241559,1,1,6606.241723700298,1,17019.784936660308
9573,40,25468.160058429497,Mortgage,1,834.9749296602691,1,4221.275278536405,0,0,0.0,0,0.0
9574,44,21576.829624288628,Rent,1,1291.4774338935338,0,0.0,0,0,0.0,0,0.0
9575,42,37777.12688510023,Mortgage,1,815.3085923801463,1,1912.7914030321808,0,0,0.0,1,0.0
9576,66,33910.79719431976,Mortgage,1,1563.9241941778305,0,0.0,0,0,0.0,1,0.0
9577,30,15187.714962225837,Rent,1,241.85621388482048,1,1183.009930348858,0,0,0.0,0,0.0
9578,53,57791.531115255086,Mortgage,1,2304.583555383995,1,2127.269610999,1,0,0.0,1,0.0
9579,33,15440.109748797095,Rent,1,2068.4437420021623,1,1927.9126536631966,0,0,0.0,0,0.0
9580,33,10870.672989788935,Rent,1,691.7807747656889,1,941.6031555293973,0,0,0.0,0,0.0
9581,36,26301.269132055117,Rent,1,1080.2738835296882,1,2834.0123873562657,0,0,0.0,0,0.0
9582,62,37873.11169555257,Mortgage,1,1800.673788490261,1,8366.745419010875,1,0,0.0,1,0.0
9583,51,23055.202755719198,Mortgage,1,1742.3423051101931,1,3390.9209008539074,0,0,0.0,1,5731.951992292484
9584,32,11315.757181007972,Rent,1,397.9071979478944,1,0.0,0,0,0.0,0,0.0
9585,66,16889.960809114957,Rent,1,1357.5507677857577,0,0.0,0,0,0.0,0,0.0
9586,87,113388.75236370745,Own,1,32321.09302813413,1,79500.82430530846,1,1,29575.020270547077,1,8206.674659640003
9587,30,4477.5739812940465,Rent,0,0.0,0,0.0,0,0,0.0,0,0.0
9588,90,56551.02485057199,Own,1,33405.60403952065,1,96758.46639356414,1,1,11150.976536130882,1,6.16346125174026
9589,69,42998.88616165088,Mortgage,1,2259.1823304460427,1,37048.9671094466,0,0,0.0,1,0.0
9590,61,32124.978309180242,Mortgage,1,2475.4649661210265,1,8430.465427694273,1,0,0.0,1,0.0
9591,71,28917.862702891176,Mortgage,1,4054.4046497081363,1,3442.256338333259,1,0,0.0,1,0.0
9592,29,19194.27364658683,Rent,1,943.0185389193645,1,3173.194168434065,0,0,0.0,1,7.949485934524735
9593,29,25379.649325857234,Rent,1,2070.2809590638913,1,1673.1032267481776,0,0,0.0,0,0.0
9594,58,41949.599038755565,Mortgage,1,1757.4122908543084,1,8421.347518113751,1,0,0.0,1,2586.800841339949
9595,70,120502.39025624175,Own,1,4312.0168758543,1,38558.3013432899,0,1,6251.353182185992,1,5465.929014614127
9596,29,13974.601102767643,Rent,0,0.0,0,0.0,0,0,0.0,0,0.0
9597,79,53126.85213968651,Own,1,1393.6209605939903,1,723.5263897422783,0,0,0.0,1,0.0
9598,91,83437.9385356871,Own,1,6745.037762385886,1,92146.3430026983,1,1,6588.989215108628,1,0.0
9599,48,3488.3538522392355,Rent,1,773.7279698677278,0,0.0,0,0,0.0,0,0.0
9600,87,223087.65991181694,Own,1,7906.399208078366,1,89317.18347293208,1,1,6895.720725918411,1,2.148299956664967
9601,74,89865.7095419189,Own,1,3344.806393026462,1,91086.38329928572,1,1,11077.268885816304,1,5230.939420258613
9602,61,32015.543067664195,Mortgage,1,1500.543625472392,1,8483.113196806526,1,0,0.0,1,3739.9423486644437
9603,91,28862.384318534427,Own,1,3059.5118209772954,1,94903.0201059953,1,1,10374.21207906091,1,0.40236273917713616
9604,41,82466.3139646751,Own,1,1333.11604263674,1,8587.78597312007,0,0,0.0,1,0.0
9605,87,132181.84880042155,Own,1,6693.3262444924585,1,94330.53494284414,1,1,4925.119723835408,1,0.0
9606,65,31561.40700306241,Mortgage,1,1188.8465399095326,1,9268.915762915653,0,0,0.0,1,0.0
9607,55,11831.067728397731,Mortgage,1,1485.1664218145584,0,0.0,0,0,0.0,1,0.0
9608,69,25682.868080687454,Mortgage,1,1849.4677372323808,1,8251.751820484975,1,0,0.0,1,0.0
9609,30,525.5206015037594,Rent,0,0.0,0,0.0,0,0,0.0,0,0.0
9610,61,37364.22269704477,Mortgage,1,1740.057753517761,1,9664.09219270285,0,0,0.0,0,0.0
9611,66,105267.80290063142,Own,1,3010.3257378015005,1,8265.745487042024,1,0,0.0,1,6560.289578455807
9612,67,34181.78914410443,Mortgage,1,2018.189148512513,1,3030.332730793675,1,0,0.0,1,1.3018623115277006
9613,63,28277.09807998847,Mortgage,1,1295.6762323705677,0,0.0,1,0,0.0,1,0.0
9614,68,34424.89256052063,Mortgage,1,2045.1676867057613,1,8322.648811684528,1,0,0.0,1,0.0
9615,45,40233.08692662999,Own,1,1228.6379913924206,1,2561.3539602945366,0,0,0.0,1,0.0
9616,33,16283.347948418692,Rent,1,381.7261897440971,1,1115.1837458859047,0,0,0.0,0,0.0
9617,30,9978.646871709367,Rent,1,612.6033360661311,1,1879.1339381639054,0,0,0.0,0,0.0
9618,42,8751.548310516062,Rent,1,105.25003520249697,0,0.0,0,0,0.0,0,0.0
9619,68,52903.01822019974,Mortgage,1,2106.598759751378,1,8912.10642655871,1,0,0.0,1,0.0
9620,89,86980.97157572211,Own,1,32629.391436164515,1,93160.040139368,1,1,11045.595379581018,1,9453.610496100631
9621,63,46700.6422174149,Mortgage,1,1817.4991534096248,1,3058.3918690374508,1,0,0.0,1,3.896712141687012
9622,59,26063.853265399768,Mortgage,1,2568.7007976243544,1,35647.752733901834,0,0,0.0,1,0.0
9623,37,11738.379553884613,Rent,1,653.6440569958418,1,927.3409052674126,0,0,0.0,0,0.0
9624,77,95598.10929409096,Own,1,3028.0413208689274,1,92835.56140651056,0,1,11945.270230505092,1,6.7475495848103675
9625,72,53992.113167699696,Own,1,1129.4707137126684,1,43195.74835865243,0,0,0.0,1,0.0
9626,62,32474.82209423316,Mortgage,1,2870.911331987717,1,7999.506029753624,1,0,0.0,1,3745.3709644313158
9627,37,15050.529547525202,Rent,1,349.10154586792964,1,112.6687765833019,0,0,0.0,0,0.0
9628,89,42533.2980227419,Own,1,7069.138723013909,1,76662.07795474643,1,1,9972.057598197642,1,7717.725695325936
9629,35,13880.815360151237,Rent,1,1216.9027959099958,0,0.0,0,0,0.0,0,0.0
9630,59,39367.177102953094,Mortgage,1,1355.3452308277253,1,2880.692362657076,1,0,0.0,1,0.0
9631,49,32901.034797363056,Mortgage,1,911.1374681138539,1,2853.978360522019,0,0,0.0,1,0.0
9632,87,86504.75457064895,Own,1,6757.176441540756,1,93101.9606055196,1,1,16908.586407540643,1,0.0
9633,43,43318.56282250905,Rent,1,2604.8819068967255,1,9148.659808856242,0,0,0.0,1,2845.8389156498506
9634,91,549403.3971898375,Own,1,6693.984420604534,1,78766.12540185724,1,1,19628.476832109707,1,0.0
9635,32,3446.5777388982715,Rent,1,59.072342264849226,1,835.5814882156369,0,0,0.0,0,0.0
9636,40,10686.934282059672,Mortgage,1,517.3362044410352,1,2186.738186946159,0,0,0.0,0,0.0
9637,29,525.5206015037594,Rent,0,0.0,0,0.0,0,0,0.0,0,0.0
9638,90,661687.472650542,Own,1,33186.74704345198,1,72428.91757156448,1,1,8859.893950507392,1,14.16406670958623
9639,30,1617.0315952197288,Rent,1,473.67154342332566,0,0.0,0,0,0.0,0,0.0
9640,47,24737.56037095574,Rent,1,693.9793452370975,1,2770.0192797932978,0,0,0.0,0,0.0
9641,84,68280.91008551755,Own,1,3358.189544920688,1,78498.1945437289,1,1,11523.516968060048,1,15.372350490575702
9642,38,10554.07511496617,Rent,1,344.19451696036003,0,0.0,0,0,0.0,0,0.0
9643,29,22513.137098459207,Rent,1,917.0867619239883,1,2301.11423380757,0,0,0.0,0,0.0
9644,35,5779.25258546779,Rent,0,0.0,0,0.0,0,0,0.0,0,0.0
9645,72,100318.94481925161,Own,1,4961.502766767793,1,44189.08651769173,0,1,6664.86356978845,1,0.0
9646,51,36354.9098535582,Mortgage,1,811.4774990370076,1,8869.255034850208,1,0,0.0,1,2486.361028613743
9647,85,56916.122838860625,Own,1,28582.47487881918,1,95318.13409469777,1,1,13169.720349048843,1,1.9422213312367538
9648,67,26323.305699757275,Mortgage,1,2154.149702603254,1,8469.64423584615,1,0,0.0,1,3832.130085039309
9649,61,30272.260731646576,Mortgage,1,1577.5419523837093,1,3659.951065600235,1,0,0.0,1,9.094308919652857
9650,47,41341.13594427892,Rent,1,1574.0174038274054,1,1886.1359390574685,0,0,0.0,0,0.0
9651,36,18204.1848272217,Mortgage,1,1274.3805541351053,1,2556.06630437804,0,0,0.0,0,0.0
9652,31,7655.333874554202,Rent,1,0.0,0,0.0,0,0,0.0,0,0.0
9653,39,525.5206015037594,Rent,0,0.0,0,0.0,0,0,0.0,0,0.0
9654,28,47008.83169494013,Rent,1,2273.7840979556086,1,3442.396590799128,0,0,0.0,0,0.0
9655,63,41613.99485063512,Own,1,3922.0714032047817,1,9219.917224973762,0,0,0.0,1,3478.1588825449076
9656,69,52711.23312580249,Mortgage,1,2785.1142770662705,1,7509.423795226083,1,0,0.0,1,5042.370150238067
9657,49,47700.562784145855,Rent,1,1864.5652347626185,1,2167.323624397241,0,0,0.0,1,0.0
9658,73,32821.774589778666,Own,1,12018.728729596169,0,0.0,1,1,16024.801821433177,1,0.0
9659,33,11897.457719832724,Rent,1,0.0,0,0.0,0,0,0.0,0,0.0
9660,33,525.5206015037594,Rent,1,318.8721106060631,1,2222.0304322573797,0,0,0.0,0,0.0
9661,91,127591.6209784516,Own,1,6148.837491223299,1,89141.76876338193,1,1,20507.312228530496,1,0.0
9662,43,29613.903220885823,Rent,1,1097.4277859142626,1,0.0,0,0,0.0,0,0.0
9663,30,1956.3845539362974,Rent,1,0.0,0,0.0,0,0,0.0,0,0.0
9664,47,23441.180872042583,Mortgage,1,1298.7922900638887,1,4611.16959220744,0,0,0.0,1,0.0
9665,32,15968.773605900642,Rent,1,1226.5431690752584,1,2645.8154667419735,0,0,0.0,0,0.0
9666,89,96214.86701191223,Own,1,2749.5029615443655,1,96450.93241383342,1,1,9898.416915142563,1,18.445754786582384
9667,73,92266.57961609177,Own,1,4987.029343239245,1,38236.66622569923,0,1,9774.99510371339,1,5387.071812460509
9668,39,57006.133170609275,Rent,1,555.9229676389114,1,4717.454557826996,0,0,0.0,1,1.0968942612911357
9669,42,24176.178676525582,Rent,1,997.9189243376037,1,2081.438770973182,0,0,0.0,0,0.0
9670,51,44752.569750670016,Mortgage,1,1651.949454490162,1,4267.87827592644,0,0,0.0,1,1939.08286361988
9671,41,11832.309316019335,Rent,1,133.68803610576322,1,0.0,0,0,0.0,0,0.0
9672,29,4924.145482232754,Rent,1,618.8072192362018,1,3327.7613987667655,0,0,0.0,0,0.0
9673,52,11017.515406807888,Rent,1,1227.25448427566,0,0.0,0,0,0.0,0,0.0
9674,68,36245.77630471694,Own,1,1755.3740846357512,1,9718.133613260743,0,0,0.0,1,3405.3088981318765
9675,31,5125.633938966979,Rent,1,0.0,0,0.0,0,0,0.0,0,0.0
9676,48,35728.71425160947,Mortgage,1,1543.2373893014624,1,2761.7144024684367,0,0,0.0,1,0.0
9677,52,43491.47967327555,Mortgage,1,964.2832666613826,1,3204.6797893800513,1,0,0.0,1,4626.370713396063
9678,43,9226.19773438407,Rent,1,376.71463587238406,0,0.0,0,0,0.0,0,0.0
9679,32,9946.248868050952,Rent,0,0.0,0,0.0,0,0,0.0,0,0.0
9680,52,21560.764479310114,Mortgage,1,389.8260026850416,1,4339.868900984149,0,0,0.0,1,0.0
9681,90,107909.08328563788,Own,1,5620.004717825101,1,89764.97427225173,1,1,4998.37252996986,1,0.0
9682,30,8417.120470891556,Rent,1,0.0,0,0.0,0,0,0.0,0,0.0
9683,77,101781.16897754099,Own,1,3613.301240470894,1,92628.00401901446,1,1,8914.328355960091,1,8638.893947558645
9684,43,6938.383225598147,Rent,1,1836.3636880584486,1,1415.2597826172012,0,0,0.0,0,0.0
9685,28,16989.485319399995,Rent,1,944.4491744972959,1,2578.1880269208186,0,0,0.0,0,0.0
9686,89,108521.76163902097,Own,1,3306.570162273646,1,44391.24971866866,0,1,4326.0725809341475,1,0.0
9687,64,51123.11003931009,Own,1,951.8248927373961,0,0.0,0,0,0.0,1,0.0
9688,50,23076.22147525912,Mortgage,1,1173.7906283435955,1,4236.752529012549,0,0,0.0,1,0.0
9689,59,41782.57152293686,Own,1,1551.8734367999384,1,8619.314523727571,0,0,0.0,1,0.29861438424693826
9690,91,737985.4621666067,Own,1,9305.025863043267,1,80813.02990786107,1,1,6804.079908461589,1,0.0
9691,73,61876.28559349677,Rent,1,607.8336346983901,1,1653.376188602966,0,0,0.0,1,0.0
9692,58,27582.75177660864,Mortgage,1,2126.759402955106,1,7811.632597208567,1,0,0.0,1,0.0
9693,71,64842.20678127001,Own,1,3458.4428524186083,1,8805.374072511659,1,0,0.0,1,0.0
9694,47,27199.869044277137,Mortgage,1,1503.7454721661743,1,4678.155825345291,0,0,0.0,1,0.0
9695,33,4800.975616909476,Rent,1,454.00069578904606,0,0.0,0,0,0.0,0,0.0
9696,90,87712.655824895,Own,1,8880.988893766258,1,74544.3356876466,1,1,7891.838678846574,1,13.395863820745646
9697,29,2647.6526899992477,Rent,1,0.0,1,0.0,0,0,0.0,0,0.0
9698,46,35216.04541947156,Rent,1,835.841482837876,1,3719.672312974916,0,0,0.0,1,10.632150491394832
9699,89,88327.14280445519,Own,1,6643.141635511755,1,92328.33448159946,1,1,10910.71236495102,1,14121.293353498735
9700,44,525.5206015037594,Rent,1,363.481308492291,1,2970.799559676503,0,0,0.0,1,0.0
9701,31,22108.917860042406,Rent,1,1817.811437716774,1,2103.5317525380547,0,0,0.0,0,0.0
9702,33,21321.03049770042,Rent,1,152.33882412622256,1,0.0,0,0,0.0,0,0.0
9703,72,33898.184570498015,Own,1,2368.338246909307,1,9079.360579231716,0,0,0.0,1,0.0
9704,89,68946.95013162665,Own,1,2681.3535479255947,1,45569.33812945057,1,1,4381.625961763977,1,0.0
9705,76,55404.441592368006,Own,1,2298.270924172195,1,35657.25204490882,0,0,0.0,1,0.0
9706,29,9214.631457181313,Rent,0,0.0,0,0.0,0,0,0.0,0,0.0
9707,66,14123.241731232012,Rent,1,1040.1555207900706,1,2424.9183848116872,0,0,0.0,1,0.0
9708,32,7852.198683785393,Rent,0,0.0,0,0.0,0,0,0.0,0,0.0
9709,30,6995.608916621601,Rent,1,45.38438891687906,1,0.0,0,0,0.0,0,0.0
9710,32,11395.733890858179,Rent,1,345.5150127188506,0,0.0,0,0,0.0,0,0.0
9711,45,6374.683862226071,Rent,1,0.0,1,1488.027498304653,0,0,0.0,0,0.0
9712,66,11860.44596796244,Rent,1,1130.753323973836,0,0.0,0,0,0.0,0,0.0
9713,30,20078.04769621573,Rent,1,503.4536224773319,1,473.67370365678426,0,0,0.0,0,0.0
9714,46,3479.310820226314,Rent,0,0.0,0,0.0,0,0,0.0,0,0.0
9715,52,43142.16623679771,Mortgage,1,1495.6977406437313,1,9673.829228966693,0,0,0.0,1,3689.7566020428726
9716,46,36602.03718277629,Mortgage,1,1575.477859238853,1,2796.5139362686186,0,0,0.0,0,0.0
9717,43,16960.65722495849,Mortgage,1,906.4335565966711,0,0.0,1,0,0.0,1,2.8970728171962423
9718,37,20052.334009052152,Rent,1,743.0233479244408,1,2284.915440127804,0,0,0.0,0,0.0
9719,33,21314.04684923502,Rent,1,389.23180323521683,1,2337.9873543312065,0,0,0.0,0,0.0
9720,85,480637.8229284017,Own,1,12357.077384511558,1,79339.60600211164,1,1,4568.7007528489785,1,11309.635703611631
9721,48,43683.22557620218,Mortgage,1,1867.0492713785466,1,4984.26506331411,0,0,0.0,1,0.0
9722,31,6818.701995862677,Rent,0,0.0,0,0.0,0,0,0.0,0,0.0
9723,66,23060.165886234347,Own,1,2972.6229037796497,1,75474.98884110613,1,0,0.0,1,0.0
9724,90,119871.44272172102,Own,1,38594.318023234446,1,92696.2343720016,1,1,4410.989686578669,1,0.6171613542017792
9725,31,525.5206015037594,Rent,0,0.0,0,0.0,0,0,0.0,0,0.0
9726,32,16286.386406877402,Rent,1,531.311904347067,1,3474.7422122751727,0,0,0.0,0,0.0
9727,36,525.5206015037594,Rent,0,0.0,0,0.0,0,0,0.0,0,0.0
9728,48,17605.61703091855,Mortgage,1,597.7893678160535,1,2883.1168449555885,0,0,0.0,1,0.0
9729,59,32751.84006406819,Mortgage,1,981.4700875361159,1,3470.1953652849534,1,0,0.0,1,0.0
9730,64,74312.4197609464,Own,1,4298.793750952976,1,43001.67856785941,0,0,0.0,1,5298.412255474235
9731,59,41312.81511311332,Own,1,3397.8446816818428,1,43685.16470537247,0,0,0.0,1,13.601374611650334
9732,36,9651.766700147535,Rent,0,0.0,0,0.0,0,0,0.0,0,0.0
9733,42,19830.833965120422,Rent,1,376.2221244071839,1,0.0,0,0,0.0,0,0.0
9734,49,29369.41376341079,Mortgage,1,1961.8711138441179,1,7463.923262984677,1,0,0.0,1,3735.71605054405
9735,78,49076.776508380965,Own,1,1702.787134502005,1,34824.7149471085,0,0,0.0,1,0.0
9736,67,30562.291902701338,Mortgage,1,1733.3584386533469,1,9006.818521081785,1,0,0.0,1,10.635280402297266
9737,71,48093.45064831429,Mortgage,1,1506.3199407921434,1,7780.669940907448,1,0,0.0,1,2.2661394500772865
9738,67,47728.23522835085,Own,1,1942.2028447284906,1,38069.65936588547,0,0,0.0,1,3677.107033283614
9739,31,10430.203230394625,Rent,1,248.81148290117585,1,800.9681912963624,0,0,0.0,0,0.0
9740,28,3350.625896268495,Rent,0,0.0,0,0.0,0,0,0.0,0,0.0
9741,56,25469.008791180902,Mortgage,1,1713.13447860909,1,3688.4766697501655,0,0,0.0,1,0.0
9742,55,28158.533806494557,Mortgage,1,2016.563502317547,1,942.2828051836727,0,0,0.0,1,0.0
9743,43,7081.635026964912,Rent,1,342.1839850376774,0,0.0,0,0,0.0,0,0.0
9744,29,2992.0347173795653,Rent,1,612.1981799286118,0,0.0,0,0,0.0,0,0.0
9745,38,5054.01674914156,Rent,1,47.301714241623245,1,0.0,0,0,0.0,0,0.0
9746,55,48388.93973665874,Mortgage,1,1418.7787630324606,1,9443.493808717536,0,0,0.0,1,3812.3893663137587
9747,56,26775.144164394675,Mortgage,1,1315.5240791730957,1,3148.1788305905466,1,0,0.0,1,3451.1789764207515
9748,30,18470.67729782113,Rent,1,869.3295104535944,1,2067.6046815996247,0,0,0.0,0,0.0
9749,91,100180.13090033243,Own,1,26124.082832845426,1,96758.46639356414,1,1,10950.232495646827,1,0.0
9750,84,172853.4321923935,Own,1,5608.397350074511,1,95089.67240807757,1,1,27503.048642657857,1,2.840015772983721
9751,61,26671.737469195978,Mortgage,1,1631.2332635983744,0,0.0,1,0,0.0,1,0.0
9752,37,31033.309080900708,Rent,1,669.7571254505394,1,1914.808610349669,0,0,0.0,0,0.0
9753,65,64005.43775591314,Mortgage,1,2516.8764905890594,1,8224.198312276518,1,0,0.0,1,0.0
9754,39,11571.855243661068,Mortgage,1,1111.3117101950438,0,0.0,0,0,0.0,0,0.0
9755,31,525.5206015037594,Rent,0,0.0,0,0.0,0,0,0.0,0,0.0
9756,88,76527.46563899172,Own,1,4436.998792566143,1,91626.89096582093,1,1,4910.522953029367,1,6.574987964723747
9757,63,59317.423005434845,Mortgage,1,1132.5021908243125,1,1048.657356898442,1,0,0.0,1,5697.526130770681
9758,41,12619.157341077058,Rent,1,870.8191853576577,1,778.8954881400152,0,0,0.0,1,2465.808928465895
9759,75,123211.8339240576,Own,1,1912.7133766017082,1,7304.02369740611,0,0,0.0,1,0.0
9760,42,55870.515153112196,Rent,1,694.4671431790347,1,724.1549047270305,0,0,0.0,0,0.0
9761,30,3766.5763326696397,Rent,0,0.0,0,0.0,0,0,0.0,0,0.0
9762,62,49957.88371461135,Own,1,2091.720590589594,1,7776.3290365543135,0,0,0.0,1,3967.522379567063
9763,31,6990.778455519399,Rent,0,0.0,0,0.0,0,0,0.0,0,0.0
9764,71,19293.822286908664,Mortgage,1,1420.9463672691982,0,0.0,1,0,0.0,1,0.0
9765,63,31368.583947060786,Own,1,626.4325916804431,1,9781.757746766438,1,0,0.0,1,1.3370204925596167
9766,59,29764.76180561189,Mortgage,1,495.7456968842825,1,8942.186844721966,1,0,0.0,1,0.0
9767,53,11915.872812084566,Mortgage,1,1059.786495668806,1,8494.979749422628,0,0,0.0,1,0.0
9768,61,58621.36051259781,Mortgage,1,1448.6290915477991,1,7579.127356996345,1,0,0.0,1,3482.434013958726
9769,66,62627.49130622775,Mortgage,1,1846.4737921600008,1,36434.46943671166,0,0,0.0,1,0.0
9770,70,112997.47821128035,Own,1,6448.732809034967,1,43944.02237305436,0,1,5164.462271121882,1,4675.917119307767
9771,81,127192.83150363961,Own,1,2733.559384060274,1,38765.55015361508,0,0,0.0,1,3.9085198957728715
9772,29,525.5206015037594,Rent,0,0.0,0,0.0,0,0,0.0,0,0.0
9773,60,29483.16863982789,Own,1,1934.3106518559637,1,9389.209618174556,0,0,0.0,1,0.0
9774,87,76819.36206263481,Own,1,11199.365368327817,1,92960.27034694426,1,1,16590.03820464844,1,5758.4010493641445
9775,29,525.5206015037594,Rent,0,0.0,0,0.0,0,0,0.0,0,0.0
9776,48,25098.900696617668,Mortgage,1,814.4739811261561,1,8255.425138989795,1,0,0.0,1,2307.0452188749327
9777,65,17536.16569884665,Rent,1,1060.984313567442,1,2531.1698509687394,0,0,0.0,1,0.0
9778,47,14260.462715269328,Mortgage,1,1472.932623887028,1,2290.0871365929233,1,0,0.0,1,0.0
9779,67,37326.1196062353,Mortgage,1,2393.071518775324,1,9275.61510813042,1,0,0.0,1,0.0
9780,52,39512.95630979059,Mortgage,1,1107.7165331239937,1,4962.8916911416745,1,0,0.0,1,0.0
9781,76,25015.353237872492,Rent,1,1222.64099240285,1,2889.132985975132,0,0,0.0,1,0.0
9782,71,43066.858051997326,Own,1,3985.932630522599,1,2580.600871502153,0,0,0.0,1,3033.2901099985493
9783,54,14641.187257967591,Mortgage,1,768.7052897169647,1,2670.1165286666924,1,0,0.0,0,0.0
9784,57,25874.16246521313,Mortgage,1,960.6422029242103,1,9689.59359910247,1,0,0.0,1,3509.3476772158424
9785,57,50258.78602807043,Own,1,1777.6382134446606,1,1367.3244787702429,0,0,0.0,1,0.0
9786,47,52164.77796957848,Mortgage,1,2115.385178361803,1,8496.534646922164,1,0,0.0,1,3902.004946336995
9787,69,26876.658238158605,Mortgage,1,1832.7478491641925,1,3350.6040649685247,0,0,0.0,1,0.0
9788,46,22233.951197138136,Mortgage,1,1171.2119321685464,1,4403.753761234116,0,0,0.0,1,0.0
9789,45,9168.553341454546,Rent,1,0.0,0,0.0,0,0,0.0,0,0.0
9790,76,128121.79232043002,Own,1,1935.3398801575163,1,41946.23090915239,1,0,0.0,1,7695.2165705756615
9791,28,525.5206015037594,Rent,0,0.0,0,0.0,0,0,0.0,0,0.0
9792,68,31247.541702455303,Mortgage,1,2390.78358947997,1,7989.502136170237,1,0,0.0,1,0.0
9793,36,14763.477305920995,Rent,1,730.2543247496455,1,0.0,0,0,0.0,0,0.0
9794,27,3130.969417540058,Rent,0,0.0,0,0.0,0,0,0.0,0,0.0
9795,38,32852.3031124042,Rent,1,323.24360052573184,1,1348.2482120666627,0,0,0.0,0,0.0
9796,27,525.5206015037594,Rent,0,0.0,0,0.0,0,0,0.0,0,0.0
9797,67,25919.08895435321,Mortgage,1,2043.2289152527162,1,7833.798065839152,1,0,0.0,1,0.0
9798,61,41342.20961009171,Mortgage,1,3611.6896143670765,1,9095.375274303939,1,1,0.0,1,2.2979707240551206
9799,29,8353.458617281458,Rent,1,1632.5851680821734,1,498.2269200126002,0,0,0.0,0,0.0
9800,33,4286.968794594788,Rent,1,0.0,0,0.0,0,0,0.0,0,0.0
9801,66,39076.845463957005,Mortgage,1,2804.2972652699327,1,8017.500027249833,1,0,0.0,1,4.4281329153162785
9802,74,180516.21694427304,Own,1,28159.58409986593,1,93708.3393324243,1,1,4414.301558831987,1,6863.144632062655
9803,44,14102.388227631447,Rent,1,162.09494844180335,1,1407.6143677884133,0,0,0.0,0,0.0
9804,52,29853.010791308538,Mortgage,1,1389.1255301315969,0,0.0,1,0,0.0,1,0.0
9805,51,31195.6428057474,Rent,1,878.7030062204825,1,1406.8973787891264,0,0,0.0,1,0.0
9806,60,593810.6764009377,Own,1,2843.496330998093,1,8061.347700509437,1,1,4227.641594410205,1,14.199132525205238
9807,37,8509.210499824572,Rent,1,38.79609502201993,1,2156.9272034348533,0,0,0.0,0,0.0
9808,91,155406.07823243114,Own,1,12778.304081137976,1,94836.63287665104,1,1,13742.326582924403,1,32.32378974048269
9809,36,18140.69813444713,Rent,1,410.536632864807,1,1513.7398679113317,0,0,0.0,0,0.0
9810,46,19800.859031785272,Mortgage,1,1530.811261538473,1,4207.361314233925,0,0,0.0,1,2401.463805010635
9811,74,37763.091031444324,Own,1,1395.6669630620163,1,8727.700924132409,0,0,0.0,1,0.0
9812,72,92342.56379583733,Own,1,7102.347356752437,1,78418.23900533207,0,1,7117.55149584569,1,8.584980500977036
9813,42,14917.018461083277,Mortgage,1,1529.72699982721,1,2311.8704598254303,0,0,0.0,1,0.0
9814,39,36022.09813050138,Rent,1,1221.2532070363995,1,3594.511564246632,0,0,0.0,0,0.0
9815,48,33092.308718633896,Mortgage,1,1260.358928399155,0,0.0,1,0,0.0,1,0.0
9816,46,10303.58336049781,Rent,1,319.23802186023977,1,2004.8852762306383,0,0,0.0,0,0.0
9817,87,742013.0118954376,Own,1,33602.92340931464,1,93280.20057508627,1,1,7832.358425643327,1,4.382767229750587
9818,55,22134.776065753846,Mortgage,1,1911.8081574963321,1,9412.1587154419,1,0,0.0,1,6.306712247464169
9819,80,104354.87947366408,Own,1,6443.176407352408,1,37939.15355451289,1,1,4359.030743854727,1,13185.128724322645
9820,29,37576.213852251734,Rent,1,220.64991018976627,1,2784.514073242134,0,0,0.0,0,0.0
9821,79,107972.35763264986,Own,1,3892.897836734267,1,41472.151129683094,0,0,0.0,1,0.0
9822,66,24567.348188953914,Mortgage,1,1378.1185297447764,1,7866.872252018375,1,0,0.0,1,3507.1960653304045
9823,32,1640.3662415299768,Rent,1,441.81737590145434,1,341.0043894591163,0,0,0.0,0,0.0
9824,74,69724.74953464828,Own,1,36144.52801209609,1,8785.63211136615,1,1,8952.595433929175,1,0.0
9825,69,34248.9965617236,Own,1,5799.72058876228,1,45962.466161628254,0,1,17875.541220931173,1,0.0
9826,90,57814.83281839693,Own,1,6225.308543998574,1,92280.93693585358,1,1,29044.35159043173,1,5287.701220915854
9827,48,21156.977594606025,Mortgage,1,2400.943930975115,0,0.0,0,0,0.0,1,0.0
9828,55,45202.618471482994,Mortgage,1,1862.7052300809046,1,8315.998557848256,1,0,0.0,1,4891.060731463329
9829,47,48563.95251461378,Mortgage,1,2751.36815383021,1,8315.082670146705,1,0,0.0,1,0.0
9830,73,44609.760930708995,Own,1,3169.061988140798,1,34929.37633334125,0,0,0.0,1,0.0
9831,76,94270.98727944029,Own,1,1391.4271859120258,1,44662.49623850173,0,0,0.0,1,0.0
9832,37,5399.182753738511,Rent,1,163.30970760948105,1,937.4000880260089,0,0,0.0,0,0.0
9833,47,23318.282544635305,Mortgage,1,3659.1790158462723,1,9252.093446704239,1,0,0.0,1,3957.4568734687837
9834,27,525.5206015037594,Rent,0,0.0,0,0.0,0,0,0.0,0,0.0
9835,47,22226.253702318507,Rent,1,230.00597312385003,1,136.0492765033564,0,0,0.0,0,0.0
9836,76,413830.45409988984,Own,1,7754.564332116211,1,96758.46639356414,1,1,11005.903676777043,1,8.29951580565683
9837,29,19727.082710632854,Rent,1,1036.317176156834,1,472.56175425697575,0,0,0.0,0,0.0
9838,89,101200.85059578586,Own,1,31826.518683710186,1,95049.76995761941,1,1,8775.512855343959,1,23.876929175651025
9839,29,18059.253717620708,Rent,1,0.0,0,0.0,0,0,0.0,0,0.0
9840,63,31992.691786710686,Mortgage,1,2303.814114658414,1,8733.04820569602,1,0,0.0,1,0.0
9841,79,41900.8603626099,Own,1,1544.6857694249647,1,35411.08272449823,0,0,0.0,1,5491.168382001535
9842,30,15995.512600683645,Rent,1,442.626831172263,1,1241.592235731855,0,0,0.0,0,0.0
9843,33,14285.12663850467,Rent,1,364.5287449721034,1,0.0,0,0,0.0,0,0.0
9844,74,98799.45027019268,Own,1,5442.322382732104,1,93663.94378043573,1,1,8756.773383247735,1,2.1202061026874714
9845,45,35646.6787469821,Mortgage,1,1674.4470617420386,1,5572.492550237637,1,0,0.0,1,0.0
9846,52,18616.642664144027,Rent,1,1020.5592050164281,1,2488.6413569285087,0,0,0.0,0,0.0
9847,60,26740.312744891988,Mortgage,1,15031.46954938216,1,94741.88732141309,1,1,0.0,1,7.152574673851133
9848,51,42621.84543515745,Mortgage,1,1374.7149153549692,1,3151.146204893009,0,0,0.0,1,0.0
9849,35,33719.251817830285,Rent,1,1095.0662649165004,1,1461.7530611929535,0,0,0.0,0,0.0
9850,44,13532.185337704486,Rent,1,291.8806737386511,1,1203.5450986039637,0,0,0.0,0,0.0
9851,65,41827.84012095579,Mortgage,1,2257.9609952908136,1,7622.985145671995,1,0,0.0,1,0.0
9852,79,16264.798438484268,Rent,1,623.2005775396608,0,0.0,0,0,0.0,1,0.0
9853,45,18560.100802902554,Mortgage,1,448.2470353582243,1,872.3773894103192,1,0,0.0,1,0.0
9854,42,29638.680395199666,Mortgage,1,719.264590114886,1,4263.001904618051,0,0,0.0,1,0.0
9855,71,43866.52163476798,Own,1,2161.594750940867,1,36004.98586920119,0,0,0.0,1,0.07695451231538414
9856,72,102522.55429843109,Own,1,4851.661541615479,1,41118.62842869207,0,1,10418.22587509542,1,1.8528992210123363
9857,91,946862.34030072,Own,1,13011.126753194803,1,89386.24245434137,1,1,7819.109247390433,1,0.0
9858,46,525.5206015037594,Rent,1,634.9982159720547,1,420.9641136430721,0,0,0.0,0,0.0
9859,79,63712.46508489922,Own,1,8345.284717189417,1,32476.61356405794,0,0,0.0,1,0.0
9860,46,36450.25025009019,Own,1,2308.718243751832,1,8884.545726921659,0,0,0.0,1,0.0
9861,41,33249.43865308506,Mortgage,1,1742.8199230482392,1,5445.588808241718,0,0,0.0,1,0.0
9862,29,3914.7224747636646,Rent,0,0.0,0,0.0,0,0,0.0,0,0.0
9863,50,35491.70873204258,Mortgage,1,1316.8396944611286,0,0.0,1,0,0.0,1,0.0
9864,38,29178.709292166655,Own,1,2100.366750086192,1,1534.0651632961997,0,0,0.0,1,0.0
9865,29,525.5206015037594,Rent,0,0.0,1,0.0,0,0,0.0,0,0.0
9866,62,20915.9033670937,Mortgage,1,1773.1929611261485,1,9323.556711538278,1,0,0.0,1,3560.5711273186507
9867,52,19322.997070820293,Mortgage,1,1121.6537121674976,1,3296.2861702985774,1,0,0.0,1,1.6719712719871775
9868,31,525.5206015037594,Rent,1,86.77065986234561,1,0.0,0,0,0.0,0,0.0
9869,33,525.5206015037594,Rent,0,0.0,0,0.0,0,0,0.0,0,0.0
9870,53,78145.79405401224,Mortgage,1,799.2460982569473,1,3304.531359852718,0,0,0.0,1,0.0
9871,72,93126.61046411528,Own,1,2176.6472517947013,1,36186.95917380458,0,1,11326.95825196268,1,2542.085906136842
9872,30,14470.98237508078,Rent,1,355.8386629800424,0,0.0,0,0,0.0,0,0.0
9873,51,30339.344281992577,Mortgage,1,936.1694793237417,1,4640.122667479571,0,0,0.0,1,0.0
9874,55,20561.13545571384,Rent,1,1064.7521775452965,1,2618.2612833597404,0,0,0.0,1,0.0
9875,71,97796.36509975222,Own,1,4167.127208776691,1,79528.86190061532,0,1,11089.076153072903,1,0.0
9876,30,2475.2961700078013,Rent,0,0.0,0,0.0,0,0,0.0,0,0.0
9877,87,82219.92967361966,Own,1,5713.907529036855,1,74370.20150564986,1,1,5307.341591464813,1,4570.789561926762
9878,91,71235.17163321028,Own,1,7663.647512085274,1,83347.82898325539,1,1,4636.235239956287,1,14022.064211672017
9879,67,11447.75455388704,Rent,1,910.625914162431,0,0.0,0,0,0.0,1,0.0
9880,40,9017.191731324589,Rent,1,46.694955247054054,1,1546.663973328566,0,0,0.0,0,0.0
9881,76,142044.19432311595,Own,1,25223.068928798995,1,93648.02619134955,1,1,11148.69565925136,1,16410.393901933232
9882,30,3358.387851437048,Rent,1,0.0,1,0.0,0,0,0.0,0,0.0
9883,71,30116.687739601977,Own,1,3231.323391575404,0,0.0,0,0,0.0,1,0.6839238068163244
9884,62,21225.36166847985,Mortgage,1,1278.8036351866895,1,9612.54858447329,1,0,0.0,1,0.0
9885,86,115605.37449906948,Own,1,12205.524747642723,1,93913.29745772135,1,1,4024.259058082552,1,5931.54597835994
9886,29,16077.840298507479,Rent,1,394.3204283838554,1,508.2338883169366,0,0,0.0,0,0.0
9887,33,12235.763736311179,Rent,1,205.56042985580177,0,0.0,0,0,0.0,0,0.0
9888,43,4386.848653441839,Mortgage,1,1078.8070163619304,0,0.0,0,0,0.0,1,0.0
9889,28,18216.529782535832,Rent,1,685.8303284326249,0,0.0,0,0,0.0,0,0.0
9890,54,46426.75180858327,Mortgage,1,1142.2937724817345,1,2488.789518713764,0,0,0.0,1,7.848389111500377
9891,90,33118.94136413433,Own,1,4113.899539950431,1,96758.46639356414,1,1,6629.384455385628,1,5.5639496469039695
9892,91,60374.51541209238,Own,1,25916.10666148265,1,89693.41077655752,1,1,10979.764344765166,1,0.0
9893,66,41352.81826847593,Mortgage,1,2309.1446787457066,0,0.0,1,0,0.0,1,0.0
9894,40,3945.3103621374485,Rent,1,178.1871828281603,0,0.0,0,0,0.0,0,0.0
9895,41,3867.3609592970734,Rent,1,1369.7762790685656,1,0.0,0,0,0.0,0,0.0
9896,72,47431.861162724905,Mortgage,1,1762.7285788690958,1,1981.7311575858205,1,0,0.0,1,0.0
9897,48,11643.701112536884,Rent,1,158.5119615171226,0,0.0,0,0,0.0,0,0.0
9898,30,27387.097902430083,Rent,1,954.2724377199361,1,4271.981373311534,0,0,0.0,0,0.0
9899,62,46222.55118289306,Mortgage,1,2354.1465747557318,1,8892.652371491058,1,0,0.0,1,5195.213581553379
9900,41,525.5206015037594,Rent,0,0.0,0,0.0,0,0,0.0,0,0.0
9901,49,24929.842347940084,Mortgage,1,2125.523121464448,1,3192.1013044591323,0,0,0.0,1,0.0
9902,66,55757.84415167635,Mortgage,1,1392.3537320447563,1,2904.491596660475,1,0,0.0,1,11.86189508821372
9903,73,49341.84768492871,Own,1,2126.732655770094,1,35211.90454449778,0,0,0.0,1,0.0
9904,30,10808.465849458593,Rent,1,1474.7056178787566,1,1612.445230854738,0,0,0.0,0,0.0
9905,91,63369.42356850385,Own,1,10060.008419522901,1,96758.46639356414,1,1,5219.026305398629,1,0.0
9906,41,5178.458904547722,Rent,0,0.0,0,0.0,0,0,0.0,0,0.0
9907,39,18807.79770473088,Rent,1,1110.6579104885805,1,251.98555157483065,0,0,0.0,0,0.0
9908,29,13161.741004023896,Rent,1,1103.794837441459,1,2788.5468604566336,0,0,0.0,0,0.0
9909,56,42388.39572505925,Mortgage,1,2413.625981029088,1,9539.031257968554,1,0,0.0,1,0.5757400972989589
9910,57,37771.1146685623,Mortgage,1,1610.6469031626427,1,2998.1147620537786,1,0,0.0,1,0.0
9911,61,36679.58914234166,Mortgage,1,1713.5670311555778,1,8615.063045974413,1,0,0.0,1,5.840784058467451
9912,28,1319.935589203662,Rent,0,0.0,0,0.0,0,0,0.0,0,0.0
9913,55,40102.678532915976,Mortgage,1,1625.249979532091,1,4006.2878377204315,0,0,0.0,1,2547.5930831089954
9914,30,6935.051032065514,Rent,1,1382.283279668617,0,0.0,0,0,0.0,0,0.0
9915,29,525.5206015037594,Rent,0,0.0,0,0.0,0,0,0.0,0,0.0
9916,50,19172.97559886824,Mortgage,1,778.4521244158516,1,2171.9863348692033,0,0,0.0,1,2004.9138253290826
9917,31,10526.084224712973,Rent,1,732.9987182597105,1,463.69779841407126,0,0,0.0,0,0.0
9918,75,69902.56602190481,Own,1,1115.6623151374888,1,32589.750191113373,0,0,0.0,1,0.0
9919,30,525.5206015037594,Rent,0,0.0,0,0.0,0,0,0.0,0,0.0
9920,91,89562.65153606597,Own,1,34414.24204340521,1,94550.89757292776,1,1,10595.037261839614,1,7968.561897525273
9921,40,6468.984126186135,Rent,1,518.163302178226,0,0.0,0,0,0.0,0,0.0
9922,53,22983.011810715976,Mortgage,1,967.7882588132006,1,5332.475608378314,0,0,0.0,1,0.0
9923,56,34189.48470243245,Mortgage,1,1947.6775417326487,1,3114.195152281985,0,0,0.0,1,0.0
9924,75,88435.61667257687,Own,1,34739.64472263721,1,94393.49413035766,0,1,7153.292452981714,1,0.0
9925,61,41660.71054401571,Own,1,1594.1683361352332,1,37550.41615111925,0,0,0.0,1,0.0
9926,69,111816.1656873048,Own,1,4892.873788431384,1,78610.80338903544,1,1,6158.526342326404,1,6.663982665842248
9927,53,53895.088245474566,Mortgage,1,843.1097855780423,1,2940.9899786898554,0,0,0.0,1,0.0
9928,29,17660.323716954645,Rent,1,0.0,1,575.5626133779988,0,0,0.0,0,0.0
9929,43,13526.432977467908,Rent,1,624.4175530975875,1,1402.43661462386,0,0,0.0,0,0.0
9930,29,525.5206015037594,Rent,0,0.0,1,1168.361227062886,0,0,0.0,0,0.0
9931,86,101668.86873943929,Own,1,5581.209389779608,1,94935.47058613396,1,1,9914.63982349605,1,5848.769145362887
9932,49,27085.588395046296,Mortgage,1,2861.6804691100324,1,2781.025879454941,0,0,0.0,1,13.217199575275043
9933,63,35222.51221624409,Mortgage,1,1369.1276334437243,1,8683.65399890905,1,0,0.0,1,3.8304733746808126
9934,57,26855.639166549234,Mortgage,1,2034.08025755497,1,3912.3541855567855,0,0,0.0,1,0.0
9935,48,33555.80455352413,Mortgage,1,1717.1700374175614,1,1664.1076175250166,1,0,0.0,1,4.055576396571134
9936,90,72983.42304159146,Own,1,3487.357559590508,1,92577.32232246091,1,1,4699.300023446158,1,6162.673920417914
9937,71,19019.625735408317,Mortgage,1,636.9448419758908,1,1168.8343147248065,0,0,0.0,1,5.402502915150015
9938,41,36419.358185750316,Rent,1,1645.3732568972468,1,1336.2128950561832,0,0,0.0,1,0.0
9939,63,29127.250074769636,Own,1,1727.1136676043097,1,9308.838654749687,0,0,0.0,1,0.0
9940,29,525.5206015037594,Rent,0,0.0,0,0.0,0,0,0.0,0,0.0
9941,74,65102.81456590177,Own,1,1820.2375915877105,1,35607.332156915785,0,0,0.0,1,0.032418875635412445
9942,62,57673.21949607452,Mortgage,1,1555.278478004741,1,8560.038454392932,1,0,0.0,1,3492.4152572502335
9943,47,13076.432668376705,Rent,1,92.16677221819691,1,2016.485120830699,0,0,0.0,1,0.0
9944,33,3070.7913263911414,Rent,1,358.2041128612666,1,1356.5591593343088,0,0,0.0,0,0.0
9945,77,66128.18792961178,Own,1,10340.845707092498,1,42320.10955145313,0,1,17753.514349713147,1,4100.2436448978615
9946,39,14604.924301819035,Rent,1,334.464859285903,0,0.0,0,0,0.0,0,0.0
9947,45,25762.21510875473,Mortgage,1,1782.124442064355,1,4816.827714900313,0,0,0.0,1,3.060068734696771
9948,45,48268.60069317952,Mortgage,1,1144.4653620958452,1,4660.702900461415,0,0,0.0,1,0.0
9949,65,45167.10773315644,Mortgage,1,2431.7910562359853,1,8365.363273850986,0,0,0.0,1,3479.524452982426
9950,51,23052.034221027512,Mortgage,0,0.0,0,0.0,0,0,0.0,1,0.0
9951,31,525.5206015037594,Rent,0,0.0,0,0.0,0,0,0.0,0,0.0
9952,90,84157.76923989822,Own,1,26363.81027101722,1,94660.89754233696,1,1,8777.003795504666,1,8.108829538367441
9953,30,525.5206015037594,Rent,0,0.0,0,0.0,0,0,0.0,0,0.0
9954,89,101629.63822418996,Own,1,5299.372807729218,1,96758.46639356414,1,1,6832.057581056252,1,0.0
9955,41,11970.620318749705,Rent,1,1602.1837518324753,1,2073.5937722870212,0,0,0.0,0,0.0
9956,41,14670.541162317875,Mortgage,1,4485.959802895604,1,2955.2360424377466,0,0,0.0,1,5.5569318780251615
9957,81,146846.6789881604,Own,1,2692.848268514358,1,32079.987776675232,0,0,0.0,1,0.0
9958,69,120055.91646530014,Own,1,1964.38851583172,1,9435.050218059134,0,0,0.0,1,6.752296015595072
9959,74,59029.1072089575,Own,1,2304.8000239199946,1,33297.89375988094,0,0,0.0,1,0.0
9960,91,256622.83585613995,Own,1,12475.508328876716,1,93643.92142622676,0,1,9507.701533695468,1,3757.6749683696703
9961,63,52156.02389148111,Mortgage,1,1925.9537240050254,1,8833.770613718132,1,0,0.0,1,2500.4078021139067
9962,55,35645.85368487691,Mortgage,1,893.1446790889703,0,0.0,1,0,0.0,1,0.0
9963,79,33542.46288134289,Rent,1,1293.980329954829,0,0.0,0,0,0.0,0,0.0
9964,31,6821.667020480958,Rent,1,311.28910076744785,0,0.0,0,0,0.0,0,0.0
9965,31,10627.382997801418,Rent,1,109.07824354432819,1,1767.368944486573,0,0,0.0,0,0.0
9966,48,21826.834441796876,Rent,1,1108.3041868346163,1,2798.569715172502,0,0,0.0,0,0.0
9967,87,19827.60848881839,Own,1,1204.5148593379372,1,90539.83378236048,0,0,0.0,1,0.0
9968,69,107664.37918335744,Own,1,2656.1544571179934,1,78063.03813259582,1,1,11208.593432333138,1,10.042653900570567
9969,87,140451.7473358,Own,1,27242.17916962137,1,95977.72002032872,1,1,5396.9379407809865,1,9858.598154505247
9970,58,22925.24604649884,Mortgage,1,908.0146038048679,1,4295.400684077882,0,0,0.0,1,0.0
9971,39,17410.86990658158,Rent,0,0.0,1,1664.2608375959264,0,0,0.0,0,0.0
9972,28,10333.961025832763,Rent,0,0.0,0,0.0,0,0,0.0,0,0.0
9973,29,4650.216217426667,Rent,1,435.7041283166331,1,0.0,0,0,0.0,0,0.0
9974,27,525.5206015037594,Rent,0,0.0,0,0.0,0,0,0.0,0,0.0
9975,58,26091.233406553147,Mortgage,1,1718.9411992765263,1,2701.1845651397107,0,0,0.0,1,4709.184555873984
9976,47,33272.38735137892,Mortgage,1,1217.0747203796147,1,4920.731523995041,0,0,0.0,1,3.422260051861713
9977,32,525.5206015037594,Rent,0,0.0,0,0.0,0,0,0.0,0,0.0
9978,91,93105.69551625448,Own,1,3416.81255476838,1,82581.80739059896,1,1,19162.25633057207,1,13829.47603184079
9979,57,87937.02130660118,Own,1,4527.119303130267,1,8836.41934331226,1,0,0.0,1,1.1036743581928279
9980,65,15115.727381954566,Mortgage,1,2033.57265369736,1,9216.9218606187,1,0,0.0,1,2.5731002553277764
9981,51,5320.677017436257,Rent,1,451.73270797503847,1,1860.122463501115,0,0,0.0,0,0.0
9982,53,34567.694542386525,Mortgage,1,1032.0128133098403,1,2941.7084391904236,0,0,0.0,1,3802.8079506172203
9983,66,24343.87679057026,Mortgage,1,978.8558892372397,1,4163.847181970885,0,0,0.0,1,4310.3851584688055
9984,75,38957.476001130846,Own,1,3666.2027907526995,1,42572.426571124684,0,1,0.0,1,5.985924915620773
9985,32,15606.580955582041,Rent,1,0.0,1,865.2228045326763,0,0,0.0,0,0.0
9986,30,5958.292075688154,Rent,1,222.4856132496069,1,1971.632692640677,0,0,0.0,0,0.0
9987,33,23859.886843179236,Mortgage,1,1127.961085986262,1,2314.7167571630953,0,0,0.0,0,0.0
9988,68,146051.83920204258,Own,1,6788.265739018817,1,32737.604660530647,0,0,0.0,1,9678.001147365823
9989,52,33793.89808291779,Mortgage,1,839.7546195600656,1,1458.9445170600357,0,0,0.0,1,0.0
9990,56,36239.614670697316,Own,1,2040.913879891415,1,37173.273579815206,0,0,0.0,1,0.0
9991,64,12930.825757260529,Mortgage,1,1456.0299341984237,0,0.0,0,0,0.0,1,0.0
9992,53,31469.741419266633,Rent,1,1430.029812630307,1,1262.8721675729312,0,0,0.0,0,0.0
9993,38,15713.402173982593,Rent,1,1146.3885186337593,1,385.5280317077227,0,0,0.0,0,0.0
9994,62,24916.36211502894,Rent,1,1536.205201814107,0,0.0,0,0,0.0,1,2.602655435268836
9995,65,112294.72826128901,Own,1,4598.836794539946,1,45571.142399981756,1,1,20543.862076354402,1,0.0
9996,87,87796.6090312552,Own,1,7174.588266526597,1,46025.42112027161,1,1,10731.051123619558,1,8966.381999080302
9997,29,30062.59371229555,Rent,1,1551.7297891235958,1,2901.2971513165503,0,0,0.0,0,0.0
9998,32,19613.254445292205,Rent,1,1184.768763869385,1,1839.8853432320843,0,0,0.0,0,0.0
9999,75,74375.57945514967,Own,1,5681.32143598174,1,79054.96270704882,1,1,7153.223197985329,1,0.0
10000,58,26738.357253806455,Mortgage,1,1533.2710757285301,1,2324.7197699587214,0,0,0.0,1,8.338264222779085
